<?xml version = '1.0' encoding = 'UTF-8'?>
<Table class="oracle.dbtools.crest.model.design.relational.Table" id="40026B72-10FB-FC2B-C0E6-9BD97AB68841" directorySegmentName="seg_0" name="LINKA">
<createdBy>Halaska</createdBy>
<createdTime>2013-09-12 14:07:55 UTC</createdTime>
<comment>Pravidelna autobusova, nebo lodni linka, kterou spolecnost poskytuje. </comment>
<commentInRDBMS>Pravidelna autobusova, nebo lodni linka, kterou spolecnost poskytuje. </commentInRDBMS>
<generatorID>6E1F3F20-BADA-F1A1-9117-1ACB2EC6AF6F</generatorID>
<ownerDesignName>plavebni-spolecnost</ownerDesignName>
<pkName>LINKA_PK</pkName>
<fonts>
<FontObject class="oracle.dbtools.crest.model.design.FontObjectWr">
<foType>Title</foType>
<fontStyle>1</fontStyle>
<colorRGB>-16776961</colorRGB>
</FontObject>
<FontObject class="oracle.dbtools.crest.model.design.FontObjectWr">
<foType>Column</foType>
<colorRGB>-16777216</colorRGB>
</FontObject>
<FontObject class="oracle.dbtools.crest.model.design.FontObjectWr">
<foType>Datatype</foType>
<colorRGB>-16744448</colorRGB>
</FontObject>
<FontObject class="oracle.dbtools.crest.model.design.FontObjectWr">
<foType>PK Element</foType>
<colorRGB>-16776961</colorRGB>
</FontObject>
<FontObject class="oracle.dbtools.crest.model.design.FontObjectWr">
<foType>FK Element</foType>
<colorRGB>-16777216</colorRGB>
</FontObject>
<FontObject class="oracle.dbtools.crest.model.design.FontObjectWr">
<foType>UK Element</foType>
<colorRGB>-16776961</colorRGB>
</FontObject>
<FontObject class="oracle.dbtools.crest.model.design.FontObjectWr">
<foType>Not Null</foType>
<colorRGB>-65536</colorRGB>
</FontObject>
<FontObject class="oracle.dbtools.crest.model.design.FontObjectWr">
<foType>Key</foType>
<colorRGB>-16777216</colorRGB>
</FontObject>
</fonts>
<columns>
<Column class="oracle.dbtools.crest.model.design.relational.Column" name="LID" id="A3DB7796-FE0B-AA7A-C417-C6CD47FB0BE8">
<createdBy>Halaska</createdBy>
<createdTime>2013-09-12 14:07:55 UTC</createdTime>
<comment>evidencni cislo linky</comment>
<commentInRDBMS>evidencni cislo linky</commentInRDBMS>
<generatorID>0AA005A9-21B0-A9FA-2BE2-01A1EB7F8F9E</generatorID>
<ownerDesignName>plavebni-spolecnost</ownerDesignName>
<useDomainConstraints>false</useDomainConstraints>
<use>1</use>
<logicalDatatype>LOGDT019</logicalDatatype>
<dataTypePrecision>10</dataTypePrecision>
<dataTypeScale>0</dataTypeScale>
<previousColumn>false</previousColumn>
<autoIncrementCycle>false</autoIncrementCycle>
</Column>
<Column class="oracle.dbtools.crest.model.design.relational.Column" name="STRT" id="8A4A05E3-BB05-E1F4-5233-7B0D1F997728">
<createdBy>Halaska</createdBy>
<createdTime>2013-09-12 14:07:55 UTC</createdTime>
<comment>stanice, ve ktere linka startuje</comment>
<commentInRDBMS>stanice, ve ktere linka startuje</commentInRDBMS>
<generatorID>B9714264-4979-B47E-48EF-F848808D116B</generatorID>
<ownerDesignName>plavebni-spolecnost</ownerDesignName>
<nullsAllowed>true</nullsAllowed>
<useDomainConstraints>false</useDomainConstraints>
<use>1</use>
<logicalDatatype>LOGDT024</logicalDatatype>
<dataTypeSize>200 BYTE</dataTypeSize>
<previousColumn>false</previousColumn>
<autoIncrementCycle>false</autoIncrementCycle>
</Column>
<Column class="oracle.dbtools.crest.model.design.relational.Column" name="CIL" id="6CAF4493-DEF8-1998-8A90-AE96541B1B27">
<createdBy>Halaska</createdBy>
<createdTime>2013-09-12 14:07:55 UTC</createdTime>
<comment>stanice, ve ktered linka konci</comment>
<commentInRDBMS>stanice, ve ktered linka konci</commentInRDBMS>
<generatorID>04E1857D-F107-0C8B-4A91-601299D499C7</generatorID>
<ownerDesignName>plavebni-spolecnost</ownerDesignName>
<nullsAllowed>true</nullsAllowed>
<useDomainConstraints>false</useDomainConstraints>
<use>1</use>
<logicalDatatype>LOGDT024</logicalDatatype>
<dataTypeSize>200 BYTE</dataTypeSize>
<previousColumn>false</previousColumn>
<autoIncrementCycle>false</autoIncrementCycle>
</Column>
</columns>
<indexes>
<ind_PK_UK class="oracle.dbtools.crest.model.design.relational.Index" id="36100977-74FC-6B1B-6DC4-D89CF26D7D46" name="LINKA_PK">
<createdBy>Halaska</createdBy>
<createdTime>2013-09-12 14:07:55 UTC</createdTime>
<generatorID>93596A7E-EA49-7359-46B7-6DF99D9F3FA5</generatorID>
<ownerDesignName>plavebni-spolecnost</ownerDesignName>
<pk>true</pk>
<indexState>Primary Constraint</indexState>
<indexColumnUsage>
<colUsage columnID="A3DB7796-FE0B-AA7A-C417-C6CD47FB0BE8"/>
</indexColumnUsage>
</ind_PK_UK>
</indexes>
</Table>