<?xml version = '1.0' encoding = 'UTF-8'?>
<Table class="oracle.dbtools.crest.model.design.relational.Table" id="61DCCC9F-BEB8-53A0-1E07-F106C424B9F3" directorySegmentName="seg_0" name="ZAKAZNIK">
<createdBy>Halaska</createdBy>
<createdTime>2013-09-12 14:07:55 UTC</createdTime>
<comment>Registrovani zakaznici si mohou rezervovat na cely den lod a objednat si plavbu s pruvodcem na interval v danem dnu. </comment>
<commentInRDBMS>Registrovani zakaznici si mohou rezervovat na cely den lod a objednat si plavbu s pruvodcem na interval v danem dnu. </commentInRDBMS>
<generatorID>12DAF211-F818-FF96-59E7-1065469931B4</generatorID>
<ownerDesignName>plavebni-spolecnost</ownerDesignName>
<pkName>ZAKAZNIK_PK</pkName>
<fonts>
<FontObject class="oracle.dbtools.crest.model.design.FontObjectWr">
<foType>Title</foType>
<fontStyle>1</fontStyle>
<colorRGB>-16776961</colorRGB>
</FontObject>
<FontObject class="oracle.dbtools.crest.model.design.FontObjectWr">
<foType>Column</foType>
<colorRGB>-16777216</colorRGB>
</FontObject>
<FontObject class="oracle.dbtools.crest.model.design.FontObjectWr">
<foType>Datatype</foType>
<colorRGB>-16744448</colorRGB>
</FontObject>
<FontObject class="oracle.dbtools.crest.model.design.FontObjectWr">
<foType>PK Element</foType>
<colorRGB>-16776961</colorRGB>
</FontObject>
<FontObject class="oracle.dbtools.crest.model.design.FontObjectWr">
<foType>FK Element</foType>
<colorRGB>-16777216</colorRGB>
</FontObject>
<FontObject class="oracle.dbtools.crest.model.design.FontObjectWr">
<foType>UK Element</foType>
<colorRGB>-16776961</colorRGB>
</FontObject>
<FontObject class="oracle.dbtools.crest.model.design.FontObjectWr">
<foType>Not Null</foType>
<colorRGB>-65536</colorRGB>
</FontObject>
<FontObject class="oracle.dbtools.crest.model.design.FontObjectWr">
<foType>Key</foType>
<colorRGB>-16777216</colorRGB>
</FontObject>
</fonts>
<columns>
<Column class="oracle.dbtools.crest.model.design.relational.Column" name="ZID" id="4E9C5DA3-6330-F0BE-FEDB-6BD1CB9EF439">
<createdBy>Halaska</createdBy>
<createdTime>2013-09-12 14:07:55 UTC</createdTime>
<comment>identifikator zakaznika</comment>
<generatorID>3AC52280-34B6-C508-8A69-EA1FE3D8DB38</generatorID>
<ownerDesignName>plavebni-spolecnost</ownerDesignName>
<useDomainConstraints>false</useDomainConstraints>
<use>1</use>
<logicalDatatype>LOGDT019</logicalDatatype>
<dataTypePrecision>10</dataTypePrecision>
<dataTypeScale>0</dataTypeScale>
<previousColumn>false</previousColumn>
<autoIncrementCycle>false</autoIncrementCycle>
</Column>
<Column class="oracle.dbtools.crest.model.design.relational.Column" name="PRIJMENI" id="BD6C2CBE-F5F2-0690-1357-7D96F0667F0C">
<createdBy>Halaska</createdBy>
<createdTime>2013-09-12 14:07:55 UTC</createdTime>
<comment>prijmeni zakaznika</comment>
<generatorID>29F7CDF6-5286-C5E2-EF21-E701CF61237F</generatorID>
<ownerDesignName>plavebni-spolecnost</ownerDesignName>
<nullsAllowed>true</nullsAllowed>
<useDomainConstraints>false</useDomainConstraints>
<use>1</use>
<logicalDatatype>LOGDT024</logicalDatatype>
<dataTypeSize>20 BYTE</dataTypeSize>
<previousColumn>false</previousColumn>
<autoIncrementCycle>false</autoIncrementCycle>
</Column>
<Column class="oracle.dbtools.crest.model.design.relational.Column" name="JMENOZ" id="549B357E-93AA-0BE5-78B3-8881259E24A8">
<createdBy>Halaska</createdBy>
<createdTime>2013-09-12 14:07:55 UTC</createdTime>
<comment>jmeno zakaznika</comment>
<generatorID>9E8917C8-D2C8-EF1C-B2A9-1B05C79BB7D8</generatorID>
<ownerDesignName>plavebni-spolecnost</ownerDesignName>
<nullsAllowed>true</nullsAllowed>
<useDomainConstraints>false</useDomainConstraints>
<use>1</use>
<logicalDatatype>LOGDT024</logicalDatatype>
<dataTypeSize>20 BYTE</dataTypeSize>
<previousColumn>false</previousColumn>
<autoIncrementCycle>false</autoIncrementCycle>
</Column>
<Column class="oracle.dbtools.crest.model.design.relational.Column" name="ADRESA" id="2B39B4D9-AD0F-0E86-3B70-8CF761407A74">
<createdBy>Halaska</createdBy>
<createdTime>2013-09-12 14:07:55 UTC</createdTime>
<comment>adresa zakaznika</comment>
<generatorID>39A85493-28C1-C46A-00FD-4F58E32B9620</generatorID>
<ownerDesignName>plavebni-spolecnost</ownerDesignName>
<nullsAllowed>true</nullsAllowed>
<useDomainConstraints>false</useDomainConstraints>
<use>1</use>
<logicalDatatype>LOGDT024</logicalDatatype>
<dataTypeSize>20 BYTE</dataTypeSize>
<previousColumn>false</previousColumn>
<autoIncrementCycle>false</autoIncrementCycle>
</Column>
<Column class="oracle.dbtools.crest.model.design.relational.Column" name="CREDITLIMIT" id="5513A326-6A6D-1C10-D23B-372B97951163">
<createdBy>Halaska</createdBy>
<createdTime>2013-09-12 14:07:55 UTC</createdTime>
<comment>kredit zakaznika</comment>
<generatorID>9FFCCAF9-FFD2-ED34-BD92-ADA9ACC2BBDF</generatorID>
<ownerDesignName>plavebni-spolecnost</ownerDesignName>
<nullsAllowed>true</nullsAllowed>
<useDomainConstraints>false</useDomainConstraints>
<use>1</use>
<logicalDatatype>LOGDT019</logicalDatatype>
<previousColumn>false</previousColumn>
<autoIncrementCycle>false</autoIncrementCycle>
</Column>
</columns>
<indexes>
<ind_PK_UK class="oracle.dbtools.crest.model.design.relational.Index" id="959DA600-7702-2F2D-ED8A-FE68F9ED7B75" name="ZAKAZNIK_PK">
<createdBy>Halaska</createdBy>
<createdTime>2013-09-12 14:07:55 UTC</createdTime>
<generatorID>31D0AF8E-350F-3B20-D569-B6F73FA79D55</generatorID>
<ownerDesignName>plavebni-spolecnost</ownerDesignName>
<pk>true</pk>
<indexState>Primary Constraint</indexState>
<indexColumnUsage>
<colUsage columnID="4E9C5DA3-6330-F0BE-FEDB-6BD1CB9EF439"/>
</indexColumnUsage>
</ind_PK_UK>
</indexes>
</Table>