<?xml version = '1.0' encoding = 'UTF-8'?>
<Table class="oracle.dbtools.crest.model.design.relational.Table" id="6ABED08C-9A1D-E892-DCCD-1F0B17E91B78" directorySegmentName="seg_0" name="REZERVACE">
<createdBy>Halaska</createdBy>
<createdTime>2013-09-12 14:07:55 UTC</createdTime>
<comment>Kniha rezervaci lodi zakaznikum</comment>
<commentInRDBMS>Kniha rezervaci lodi zakaznikum</commentInRDBMS>
<generatorID>1F5CD318-2F0B-BA7C-967F-93FCBF87669D</generatorID>
<ownerDesignName>plavebni-spolecnost</ownerDesignName>
<pkName>REZERVACE2_PK</pkName>
<fonts>
<FontObject class="oracle.dbtools.crest.model.design.FontObjectWr">
<foType>Title</foType>
<fontStyle>1</fontStyle>
<colorRGB>-16776961</colorRGB>
</FontObject>
<FontObject class="oracle.dbtools.crest.model.design.FontObjectWr">
<foType>Column</foType>
<colorRGB>-16777216</colorRGB>
</FontObject>
<FontObject class="oracle.dbtools.crest.model.design.FontObjectWr">
<foType>Datatype</foType>
<colorRGB>-16744448</colorRGB>
</FontObject>
<FontObject class="oracle.dbtools.crest.model.design.FontObjectWr">
<foType>PK Element</foType>
<colorRGB>-16776961</colorRGB>
</FontObject>
<FontObject class="oracle.dbtools.crest.model.design.FontObjectWr">
<foType>FK Element</foType>
<colorRGB>-16777216</colorRGB>
</FontObject>
<FontObject class="oracle.dbtools.crest.model.design.FontObjectWr">
<foType>UK Element</foType>
<colorRGB>-16776961</colorRGB>
</FontObject>
<FontObject class="oracle.dbtools.crest.model.design.FontObjectWr">
<foType>Not Null</foType>
<colorRGB>-65536</colorRGB>
</FontObject>
<FontObject class="oracle.dbtools.crest.model.design.FontObjectWr">
<foType>Key</foType>
<colorRGB>-16777216</colorRGB>
</FontObject>
</fonts>
<columns>
<Column class="oracle.dbtools.crest.model.design.relational.Column" name="DATUM_RES" id="6A8C2FAC-22D2-A0ED-53E1-447BD3BE2D2A">
<createdBy>Halaska</createdBy>
<createdTime>2013-09-12 14:07:55 UTC</createdTime>
<comment>datum, na kdy je lod rezervovana. Lod se vyzvedava rano v 7 hod. a odevzdava nejpozdeji ve 22 hod.</comment>
<commentInRDBMS>datum, na kdy je lod rezervovana. Lod se vyzvedava rano v 7 hod. a odevzdava nejpozdeji ve 22 hod.</commentInRDBMS>
<generatorID>EB3C0E5A-9AEF-8271-CBB7-B7CCE6C172BD</generatorID>
<ownerDesignName>plavebni-spolecnost</ownerDesignName>
<useDomainConstraints>false</useDomainConstraints>
<use>1</use>
<logicalDatatype>LOGDT007</logicalDatatype>
<previousColumn>false</previousColumn>
<autoIncrementCycle>false</autoIncrementCycle>
</Column>
<Column class="oracle.dbtools.crest.model.design.relational.Column" name="LODID" id="59D04969-F47D-ECB1-8D3C-E7F224FFE2B8">
<createdBy>Halaska</createdBy>
<createdTime>2013-09-12 14:07:55 UTC</createdTime>
<comment>odkaz na lod, ktera je rezervovana</comment>
<commentInRDBMS>odkaz na lod, ktera je rezervovana</commentInRDBMS>
<generatorID>394C0AB5-A307-FC55-D157-E1778A32EB4E</generatorID>
<ownerDesignName>plavebni-spolecnost</ownerDesignName>
<useDomainConstraints>false</useDomainConstraints>
<use>1</use>
<logicalDatatype>LOGDT019</logicalDatatype>
<dataTypePrecision>10</dataTypePrecision>
<dataTypeScale>0</dataTypeScale>
<delegate>6385B85D-9936-A690-32CB-FC55909BD6E7</delegate>
<previousColumn>false</previousColumn>
<autoIncrementCycle>false</autoIncrementCycle>
<associations>
<colAssociation fkAssociation="729162FE-85D7-1E02-2D46-A1C4DFD1E240" referredColumn="6385B85D-9936-A690-32CB-FC55909BD6E7"/>
</associations>
</Column>
<Column class="oracle.dbtools.crest.model.design.relational.Column" name="ZID" id="24272A81-9A05-0F4B-1BBD-3F683D50E228">
<createdBy>Halaska</createdBy>
<createdTime>2013-09-12 14:07:55 UTC</createdTime>
<comment>identifikator zakaznika</comment>
<generatorID>309A802A-C88B-C14F-7B42-3021BB3CE15C</generatorID>
<ownerDesignName>plavebni-spolecnost</ownerDesignName>
<useDomainConstraints>false</useDomainConstraints>
<use>1</use>
<logicalDatatype>LOGDT019</logicalDatatype>
<dataTypePrecision>10</dataTypePrecision>
<dataTypeScale>0</dataTypeScale>
<delegate>4E9C5DA3-6330-F0BE-FEDB-6BD1CB9EF439</delegate>
<previousColumn>false</previousColumn>
<autoIncrementCycle>false</autoIncrementCycle>
<associations>
<colAssociation fkAssociation="7B99A4C2-0695-1C66-D983-087038AD68A5" referredColumn="4E9C5DA3-6330-F0BE-FEDB-6BD1CB9EF439"/>
</associations>
</Column>
</columns>
<indexes>
<ind_PK_UK class="oracle.dbtools.crest.model.design.relational.Index" id="F77BE62E-E5AA-66BD-371C-C9226F523A30" name="REZERVACE2_PK">
<createdBy>Halaska</createdBy>
<createdTime>2013-09-12 14:07:55 UTC</createdTime>
<generatorID>861D4802-4EB7-6023-47D3-27C9FAA9F28D</generatorID>
<ownerDesignName>plavebni-spolecnost</ownerDesignName>
<pk>true</pk>
<indexState>Primary Constraint</indexState>
<indexColumnUsage>
<colUsage columnID="59D04969-F47D-ECB1-8D3C-E7F224FFE2B8"/>
<colUsage columnID="6A8C2FAC-22D2-A0ED-53E1-447BD3BE2D2A"/>
<colUsage columnID="24272A81-9A05-0F4B-1BBD-3F683D50E228"/>
</indexColumnUsage>
</ind_PK_UK>
<ind_PK_UK class="oracle.dbtools.crest.model.design.relational.Index" id="EA3D3953-7590-F450-7F5D-B24BDF0FFBB2" name="rezervuje_se_co">
<createdBy>Halaska</createdBy>
<createdTime>2013-09-12 14:07:55 UTC</createdTime>
<generatorID>19A48ECD-4644-CB5C-5D26-DF36A42E2AA9</generatorID>
<ownerDesignName>plavebni-spolecnost</ownerDesignName>
<indexState>Foreign Key</indexState>
<indexColumnUsage>
<colUsage columnID="59D04969-F47D-ECB1-8D3C-E7F224FFE2B8"/>
</indexColumnUsage>
</ind_PK_UK>
<ind_PK_UK class="oracle.dbtools.crest.model.design.relational.Index" id="A491E52F-AEB9-47B3-1172-8DE80856FCC1" name="rezervuje_si_kdo">
<createdBy>Halaska</createdBy>
<createdTime>2013-09-12 14:07:55 UTC</createdTime>
<generatorID>AE5E4CDC-5B4D-A157-3C9B-7A2C5C9F88D2</generatorID>
<ownerDesignName>plavebni-spolecnost</ownerDesignName>
<indexState>Foreign Key</indexState>
<indexColumnUsage>
<colUsage columnID="24272A81-9A05-0F4B-1BBD-3F683D50E228"/>
</indexColumnUsage>
</ind_PK_UK>
</indexes>
</Table>