<?xml version = '1.0' encoding = 'UTF-8'?>
<Table class="oracle.dbtools.crest.model.design.relational.Table" id="6DF2A162-D3D9-5C4E-B443-CEDB0AE3BA12" directorySegmentName="seg_0" name="LOD">
<createdBy>Halaska</createdBy>
<createdTime>2013-09-12 14:07:55 UTC</createdTime>
<comment>registrovana Lod. Muze byt rezervovana zakaznikovi na cely den, muze nasazena na plavbu s pruvodcem a muze byt nasazena na previdelny spoj, ktery spolecnost provozuje</comment>
<commentInRDBMS>registrovana Lod. Muze byt rezervovana zakaznikovi na cely den, muze nasazena na plavbu s pruvodcem a muze byt nasazena na previdelny spoj, ktery spolecnost provozuje</commentInRDBMS>
<generatorID>455AD214-9C14-2A06-3D04-FCCCA8CE9B7B</generatorID>
<ownerDesignName>plavebni-spolecnost</ownerDesignName>
<pkName>LOD_PK</pkName>
<fonts>
<FontObject class="oracle.dbtools.crest.model.design.FontObjectWr">
<foType>Title</foType>
<fontStyle>1</fontStyle>
<colorRGB>-16776961</colorRGB>
</FontObject>
<FontObject class="oracle.dbtools.crest.model.design.FontObjectWr">
<foType>Column</foType>
<colorRGB>-16777216</colorRGB>
</FontObject>
<FontObject class="oracle.dbtools.crest.model.design.FontObjectWr">
<foType>Datatype</foType>
<colorRGB>-16744448</colorRGB>
</FontObject>
<FontObject class="oracle.dbtools.crest.model.design.FontObjectWr">
<foType>PK Element</foType>
<colorRGB>-16776961</colorRGB>
</FontObject>
<FontObject class="oracle.dbtools.crest.model.design.FontObjectWr">
<foType>FK Element</foType>
<colorRGB>-16777216</colorRGB>
</FontObject>
<FontObject class="oracle.dbtools.crest.model.design.FontObjectWr">
<foType>UK Element</foType>
<colorRGB>-16776961</colorRGB>
</FontObject>
<FontObject class="oracle.dbtools.crest.model.design.FontObjectWr">
<foType>Not Null</foType>
<colorRGB>-65536</colorRGB>
</FontObject>
<FontObject class="oracle.dbtools.crest.model.design.FontObjectWr">
<foType>Key</foType>
<colorRGB>-16777216</colorRGB>
</FontObject>
</fonts>
<columns>
<Column class="oracle.dbtools.crest.model.design.relational.Column" name="LODID" id="6385B85D-9936-A690-32CB-FC55909BD6E7">
<createdBy>Halaska</createdBy>
<createdTime>2013-09-12 14:07:55 UTC</createdTime>
<comment>identifikator lod, pod ktery je lod evidovana</comment>
<commentInRDBMS>identifikator lod, pod ktery je lod evidovana</commentInRDBMS>
<generatorID>DE8A0637-EE47-5C7C-33F3-B8586D6E739A</generatorID>
<ownerDesignName>plavebni-spolecnost</ownerDesignName>
<useDomainConstraints>false</useDomainConstraints>
<use>1</use>
<logicalDatatype>LOGDT019</logicalDatatype>
<dataTypePrecision>10</dataTypePrecision>
<dataTypeScale>0</dataTypeScale>
<previousColumn>false</previousColumn>
<autoIncrementCycle>false</autoIncrementCycle>
</Column>
<Column class="oracle.dbtools.crest.model.design.relational.Column" name="JMENOL" id="3F4DD07F-5279-4D17-7F36-14EED474F3AE">
<createdBy>Halaska</createdBy>
<createdTime>2013-09-12 14:07:55 UTC</createdTime>
<comment>jmeno lodi</comment>
<commentInRDBMS>jmeno lodi</commentInRDBMS>
<generatorID>63785B72-488C-F6EC-4BF4-39B76E49CBFC</generatorID>
<ownerDesignName>plavebni-spolecnost</ownerDesignName>
<useDomainConstraints>false</useDomainConstraints>
<use>1</use>
<logicalDatatype>LOGDT024</logicalDatatype>
<dataTypeSize>20 BYTE</dataTypeSize>
<previousColumn>false</previousColumn>
<autoIncrementCycle>false</autoIncrementCycle>
</Column>
<Column class="oracle.dbtools.crest.model.design.relational.Column" name="LTYP" id="9EBAE6B8-A0A0-2390-14F2-5A84ED65DC46">
<createdBy>Halaska</createdBy>
<createdTime>2013-09-12 14:07:55 UTC</createdTime>
<comment>typ lodi</comment>
<generatorID>1074FBF4-47AB-A7F2-CD5D-0D60912E752E</generatorID>
<ownerDesignName>plavebni-spolecnost</ownerDesignName>
<nullsAllowed>true</nullsAllowed>
<useDomainConstraints>false</useDomainConstraints>
<use>1</use>
<logicalDatatype>LOGDT024</logicalDatatype>
<dataTypeSize>20</dataTypeSize>
<previousColumn>false</previousColumn>
<autoIncrementCycle>false</autoIncrementCycle>
</Column>
<Column class="oracle.dbtools.crest.model.design.relational.Column" name="BARVA" id="36E034D0-E990-A334-D96A-BE5522F528C9">
<createdBy>Halaska</createdBy>
<createdTime>2013-09-12 14:07:55 UTC</createdTime>
<comment>barva lodi</comment>
<commentInRDBMS>barva lodi</commentInRDBMS>
<generatorID>5203E4EC-B0E1-6FDF-BDBD-37783A188682</generatorID>
<ownerDesignName>plavebni-spolecnost</ownerDesignName>
<nullsAllowed>true</nullsAllowed>
<useDomainConstraints>false</useDomainConstraints>
<use>1</use>
<logicalDatatype>LOGDT024</logicalDatatype>
<dataTypeSize>20 BYTE</dataTypeSize>
<previousColumn>false</previousColumn>
<autoIncrementCycle>false</autoIncrementCycle>
</Column>
<Column class="oracle.dbtools.crest.model.design.relational.Column" name="POCET_MIST" id="09BDA423-EEF5-3261-21F5-0DCA24E7CAC3">
<createdBy>Halaska</createdBy>
<createdTime>2013-09-12 14:07:55 UTC</createdTime>
<commentInRDBMS>kapacita lodi</commentInRDBMS>
<generatorID>72820951-78A8-E5E3-E26C-68274F59F89E</generatorID>
<ownerDesignName>plavebni-spolecnost</ownerDesignName>
<nullsAllowed>true</nullsAllowed>
<useDomainConstraints>false</useDomainConstraints>
<use>1</use>
<logicalDatatype>LOGDT019</logicalDatatype>
<previousColumn>false</previousColumn>
<autoIncrementCycle>false</autoIncrementCycle>
</Column>
<Column class="oracle.dbtools.crest.model.design.relational.Column" name="id_zazemi" id="9FE08C8B-1CCD-D930-E1DD-3FAF0555A391">
<createdBy>Halaska</createdBy>
<createdTime>2013-09-12 14:07:55 UTC</createdTime>
<comment>ve kterem pristavisti lod kotvi</comment>
<commentInRDBMS>ve kterem pristavisti lod kotvi</commentInRDBMS>
<generatorID>E44222BB-6CFC-2B97-8D3A-1332C21FDA75</generatorID>
<ownerDesignName>plavebni-spolecnost</ownerDesignName>
<nullsAllowed>true</nullsAllowed>
<useDomainConstraints>false</useDomainConstraints>
<use>1</use>
<logicalDatatype>LOGDT019</logicalDatatype>
<dataTypePrecision>10</dataTypePrecision>
<dataTypeScale>0</dataTypeScale>
<delegate>5A4CE2C4-AC1A-BA92-AFB7-86C55D8A523F</delegate>
<previousColumn>false</previousColumn>
<autoIncrementCycle>false</autoIncrementCycle>
<associations>
<colAssociation fkAssociation="F04BE3BB-29AD-39F1-4050-88134CBB4372" referredColumn="5A4CE2C4-AC1A-BA92-AFB7-86C55D8A523F"/>
</associations>
</Column>
</columns>
<indexes>
<ind_PK_UK class="oracle.dbtools.crest.model.design.relational.Index" id="C8F750A4-BAB4-E6E8-4CFD-058FFD6099E3" name="LOD_PK">
<createdBy>Halaska</createdBy>
<createdTime>2013-09-12 14:07:55 UTC</createdTime>
<generatorID>49201158-C165-B06A-376F-1EDA508D3719</generatorID>
<ownerDesignName>plavebni-spolecnost</ownerDesignName>
<pk>true</pk>
<indexState>Primary Constraint</indexState>
<indexColumnUsage>
<colUsage columnID="6385B85D-9936-A690-32CB-FC55909BD6E7"/>
</indexColumnUsage>
</ind_PK_UK>
<ind_PK_UK class="oracle.dbtools.crest.model.design.relational.Index" id="DF1B7C00-D36F-1345-7008-E480BC0F478E" name="LOD_UK">
<createdBy>Halaska</createdBy>
<createdTime>2013-09-12 14:07:55 UTC</createdTime>
<generatorID>0F0B7679-C1CF-FC3E-2497-E763D800A259</generatorID>
<ownerDesignName>plavebni-spolecnost</ownerDesignName>
<indexState>Unique Constraint</indexState>
<indexColumnUsage>
<colUsage columnID="3F4DD07F-5279-4D17-7F36-14EED474F3AE"/>
</indexColumnUsage>
</ind_PK_UK>
<ind_PK_UK class="oracle.dbtools.crest.model.design.relational.Index" id="3042C0BC-A3FA-D970-5207-4DD9BF5F929A" name="kotvi_kde">
<createdBy>Halaska</createdBy>
<createdTime>2013-09-12 14:07:55 UTC</createdTime>
<generatorID>D1B00DC0-9D56-C001-6B58-77CE3BCF18B0</generatorID>
<ownerDesignName>plavebni-spolecnost</ownerDesignName>
<indexState>Foreign Key</indexState>
<indexColumnUsage>
<colUsage columnID="9FE08C8B-1CCD-D930-E1DD-3FAF0555A391"/>
</indexColumnUsage>
</ind_PK_UK>
</indexes>
</Table>