<?xml version = '1.0' encoding = 'UTF-8'?>
<Table class="oracle.dbtools.crest.model.design.relational.Table" id="81FB1AF2-83C3-3F37-E1AB-8CB5D29C638B" directorySegmentName="seg_0" name="NAMORNIK">
<createdBy>Halaska</createdBy>
<createdTime>2013-09-12 14:07:55 UTC</createdTime>
<comment>registr namorniku</comment>
<commentInRDBMS>registr namorniku</commentInRDBMS>
<generatorID>575A7BF2-B972-A0FE-2F98-2F220B98D41A</generatorID>
<ownerDesignName>plavebni-spolecnost</ownerDesignName>
<pkName>NAMORNIK_PK</pkName>
<fonts>
<FontObject class="oracle.dbtools.crest.model.design.FontObjectWr">
<foType>Title</foType>
<fontStyle>1</fontStyle>
<colorRGB>-16776961</colorRGB>
</FontObject>
<FontObject class="oracle.dbtools.crest.model.design.FontObjectWr">
<foType>Column</foType>
<colorRGB>-16777216</colorRGB>
</FontObject>
<FontObject class="oracle.dbtools.crest.model.design.FontObjectWr">
<foType>Datatype</foType>
<colorRGB>-16744448</colorRGB>
</FontObject>
<FontObject class="oracle.dbtools.crest.model.design.FontObjectWr">
<foType>PK Element</foType>
<colorRGB>-16776961</colorRGB>
</FontObject>
<FontObject class="oracle.dbtools.crest.model.design.FontObjectWr">
<foType>FK Element</foType>
<colorRGB>-16777216</colorRGB>
</FontObject>
<FontObject class="oracle.dbtools.crest.model.design.FontObjectWr">
<foType>UK Element</foType>
<colorRGB>-16776961</colorRGB>
</FontObject>
<FontObject class="oracle.dbtools.crest.model.design.FontObjectWr">
<foType>Not Null</foType>
<colorRGB>-65536</colorRGB>
</FontObject>
<FontObject class="oracle.dbtools.crest.model.design.FontObjectWr">
<foType>Key</foType>
<colorRGB>-16777216</colorRGB>
</FontObject>
</fonts>
<columns>
<Column class="oracle.dbtools.crest.model.design.relational.Column" name="NID" id="FBE5216E-FF78-C21E-4D1D-1711C93C7FE5">
<createdBy>Halaska</createdBy>
<createdTime>2013-09-12 14:07:55 UTC</createdTime>
<comment>evidencni cislo namornika</comment>
<commentInRDBMS>evidencni cislo namornika</commentInRDBMS>
<generatorID>E5696E9C-D279-B7C4-042C-EEE45F98B2F4</generatorID>
<ownerDesignName>plavebni-spolecnost</ownerDesignName>
<useDomainConstraints>false</useDomainConstraints>
<use>1</use>
<logicalDatatype>LOGDT019</logicalDatatype>
<dataTypePrecision>10</dataTypePrecision>
<dataTypeScale>0</dataTypeScale>
<previousColumn>false</previousColumn>
<autoIncrementCycle>false</autoIncrementCycle>
</Column>
<Column class="oracle.dbtools.crest.model.design.relational.Column" name="JMENON" id="05629F71-1F35-3DF3-B5EB-347C6FD74CB3">
<createdBy>Halaska</createdBy>
<createdTime>2013-09-12 14:07:55 UTC</createdTime>
<comment>jmeno a prijmeni zakaznika</comment>
<commentInRDBMS>jmeno a prijmeni zakaznika</commentInRDBMS>
<generatorID>2AE6A486-000B-9556-1941-749130839A04</generatorID>
<ownerDesignName>plavebni-spolecnost</ownerDesignName>
<useDomainConstraints>false</useDomainConstraints>
<use>1</use>
<logicalDatatype>LOGDT024</logicalDatatype>
<dataTypeSize>20 BYTE</dataTypeSize>
<previousColumn>false</previousColumn>
<autoIncrementCycle>false</autoIncrementCycle>
</Column>
<Column class="oracle.dbtools.crest.model.design.relational.Column" name="VEK" id="1A536914-9AA9-8F39-7A6F-11862049C6FC">
<createdBy>Halaska</createdBy>
<createdTime>2013-09-12 14:07:55 UTC</createdTime>
<comment>vek zakaznika v poctu roku, udaj se musi kazdy rok aktualizovat</comment>
<commentInRDBMS>vek zakaznika v poctu roku, udaj se musi kazdy rok aktualizovat</commentInRDBMS>
<generatorID>4449EA0B-96DD-33D1-487D-3E0F13754ACD</generatorID>
<ownerDesignName>plavebni-spolecnost</ownerDesignName>
<nullsAllowed>true</nullsAllowed>
<useDomainConstraints>false</useDomainConstraints>
<use>1</use>
<logicalDatatype>LOGDT019</logicalDatatype>
<previousColumn>false</previousColumn>
<autoIncrementCycle>false</autoIncrementCycle>
</Column>
<Column class="oracle.dbtools.crest.model.design.relational.Column" name="HODNOST" id="0A64E466-AB8C-669F-F909-7DFAFF457DE9">
<createdBy>Halaska</createdBy>
<createdTime>2013-09-12 14:07:55 UTC</createdTime>
<comment>hodnost namornika, zadava se volnym textem</comment>
<commentInRDBMS>hodnost namornika, zadava se volnym textem</commentInRDBMS>
<generatorID>EAA0F6E7-2112-F20E-5C74-62AE2EDBFAEB</generatorID>
<ownerDesignName>plavebni-spolecnost</ownerDesignName>
<nullsAllowed>true</nullsAllowed>
<useDomainConstraints>false</useDomainConstraints>
<use>1</use>
<logicalDatatype>LOGDT024</logicalDatatype>
<dataTypeSize>20</dataTypeSize>
<previousColumn>false</previousColumn>
<autoIncrementCycle>false</autoIncrementCycle>
</Column>
<Column class="oracle.dbtools.crest.model.design.relational.Column" name="PLAT" id="622B0A80-2293-1D0D-6E85-9816B002D10B">
<createdBy>Halaska</createdBy>
<createdTime>2013-09-12 14:07:55 UTC</createdTime>
<comment>mesicni plat namornika, udava se v celych cislech</comment>
<commentInRDBMS>mesicni plat namornika, udava se v celych cislech</commentInRDBMS>
<generatorID>E5D58D44-50D5-0E82-0A1F-44C7E3BD3ABD</generatorID>
<ownerDesignName>plavebni-spolecnost</ownerDesignName>
<nullsAllowed>true</nullsAllowed>
<useDomainConstraints>false</useDomainConstraints>
<use>1</use>
<logicalDatatype>LOGDT019</logicalDatatype>
<dataTypePrecision>6</dataTypePrecision>
<dataTypeScale>0</dataTypeScale>
<previousColumn>false</previousColumn>
<autoIncrementCycle>false</autoIncrementCycle>
</Column>
</columns>
<indexes>
<ind_PK_UK class="oracle.dbtools.crest.model.design.relational.Index" id="C91B91A2-4688-A536-315F-5303A8FB34B3" name="NAMORNIK_PK">
<createdBy>Halaska</createdBy>
<createdTime>2013-09-12 14:07:55 UTC</createdTime>
<generatorID>F5E2174D-14DA-8752-49A6-8745ADBA5F05</generatorID>
<ownerDesignName>plavebni-spolecnost</ownerDesignName>
<pk>true</pk>
<indexState>Primary Constraint</indexState>
<indexColumnUsage>
<colUsage columnID="FBE5216E-FF78-C21E-4D1D-1711C93C7FE5"/>
</indexColumnUsage>
</ind_PK_UK>
<ind_PK_UK class="oracle.dbtools.crest.model.design.relational.Index" id="C17D4990-40D9-6AA8-2AB5-D918416D5C92" name="NAMORNIK_UK">
<createdBy>Halaska</createdBy>
<createdTime>2013-09-12 14:07:55 UTC</createdTime>
<generatorID>86AB4A67-DAA3-025C-7663-6383F870517D</generatorID>
<ownerDesignName>plavebni-spolecnost</ownerDesignName>
<indexState>Unique Constraint</indexState>
<indexColumnUsage>
<colUsage columnID="05629F71-1F35-3DF3-B5EB-347C6FD74CB3"/>
</indexColumnUsage>
</ind_PK_UK>
</indexes>
</Table>