<?xml version = '1.0' encoding = 'UTF-8'?>
<Table class="oracle.dbtools.crest.model.design.relational.Table" id="8819C04D-3147-22D2-7AF3-E7C8954487E1" directorySegmentName="seg_0" name="ZAZEMI">
<createdBy>Halaska</createdBy>
<createdTime>2013-09-12 14:07:55 UTC</createdTime>
<comment>zazemi pro autobusy nebo lode. Zazemi se specializuje na depo a pristaviste.</comment>
<commentInRDBMS>zazemi pro autobusy nebo lode. Zazemi se specializuje na depo a pristaviste.</commentInRDBMS>
<generatorID>A8406EB5-89CB-FBFF-2FAD-50A8623AACE8</generatorID>
<ownerDesignName>plavebni-spolecnost</ownerDesignName>
<pkName>zazemi PK</pkName>
<fonts>
<FontObject class="oracle.dbtools.crest.model.design.FontObjectWr">
<foType>Title</foType>
<fontStyle>1</fontStyle>
<colorRGB>-16776961</colorRGB>
</FontObject>
<FontObject class="oracle.dbtools.crest.model.design.FontObjectWr">
<foType>Column</foType>
<colorRGB>-16777216</colorRGB>
</FontObject>
<FontObject class="oracle.dbtools.crest.model.design.FontObjectWr">
<foType>Datatype</foType>
<colorRGB>-16744448</colorRGB>
</FontObject>
<FontObject class="oracle.dbtools.crest.model.design.FontObjectWr">
<foType>PK Element</foType>
<colorRGB>-16776961</colorRGB>
</FontObject>
<FontObject class="oracle.dbtools.crest.model.design.FontObjectWr">
<foType>FK Element</foType>
<colorRGB>-16777216</colorRGB>
</FontObject>
<FontObject class="oracle.dbtools.crest.model.design.FontObjectWr">
<foType>UK Element</foType>
<colorRGB>-16776961</colorRGB>
</FontObject>
<FontObject class="oracle.dbtools.crest.model.design.FontObjectWr">
<foType>Not Null</foType>
<colorRGB>-65536</colorRGB>
</FontObject>
<FontObject class="oracle.dbtools.crest.model.design.FontObjectWr">
<foType>Key</foType>
<colorRGB>-16777216</colorRGB>
</FontObject>
</fonts>
<columns>
<Column class="oracle.dbtools.crest.model.design.relational.Column" name="id_zazemi" id="5A4CE2C4-AC1A-BA92-AFB7-86C55D8A523F">
<createdBy>Halaska</createdBy>
<createdTime>2013-09-12 14:07:55 UTC</createdTime>
<comment>identifikator zazemi (depa, nebo pristaviste)</comment>
<commentInRDBMS>identifikator zazemi (depa, nebo pristaviste)</commentInRDBMS>
<generatorID>A6709193-2F49-2224-CB6A-7E252A79D096</generatorID>
<ownerDesignName>plavebni-spolecnost</ownerDesignName>
<useDomainConstraints>false</useDomainConstraints>
<use>1</use>
<logicalDatatype>LOGDT019</logicalDatatype>
<dataTypePrecision>10</dataTypePrecision>
<dataTypeScale>0</dataTypeScale>
<previousColumn>false</previousColumn>
<autoIncrementCycle>false</autoIncrementCycle>
</Column>
<Column class="oracle.dbtools.crest.model.design.relational.Column" name="adresa" id="DB60620A-F921-67C9-020F-544FC1D03E70">
<createdBy>Halaska</createdBy>
<createdTime>2013-09-12 14:07:55 UTC</createdTime>
<comment>adresa depa nebo pristaviste</comment>
<commentInRDBMS>adresa depa nebo pristaviste</commentInRDBMS>
<generatorID>33995A4F-78D3-7471-01D4-F087DDE78400</generatorID>
<ownerDesignName>plavebni-spolecnost</ownerDesignName>
<useDomainConstraints>false</useDomainConstraints>
<use>1</use>
<logicalDatatype>LOGDT024</logicalDatatype>
<dataTypeSize>50</dataTypeSize>
<previousColumn>false</previousColumn>
<autoIncrementCycle>false</autoIncrementCycle>
</Column>
<Column class="oracle.dbtools.crest.model.design.relational.Column" name="pocet_stani" id="558F41E5-85A0-3CB1-0EED-6DFD3AA07EC1">
<createdBy>Halaska</createdBy>
<createdTime>2013-09-12 14:07:55 UTC</createdTime>
<comment>kapacita depa v poctu stani</comment>
<commentInRDBMS>kapacita depa v poctu stani</commentInRDBMS>
<generatorID>652C571D-1F5E-2F3B-A070-0ECC6622C4E0</generatorID>
<ownerDesignName>plavebni-spolecnost</ownerDesignName>
<nullsAllowed>true</nullsAllowed>
<useDomainConstraints>false</useDomainConstraints>
<use>1</use>
<logicalDatatype>LOGDT011</logicalDatatype>
<previousColumn>false</previousColumn>
<autoIncrementCycle>false</autoIncrementCycle>
</Column>
<Column class="oracle.dbtools.crest.model.design.relational.Column" name="uroven_moznych_oprav" id="51C503FF-13A4-48DE-F6D7-DE2991CC4995">
<createdBy>Halaska</createdBy>
<createdTime>2013-09-12 14:07:55 UTC</createdTime>
<comment>maximalni uroven moznych oprav, ktere se v depu mohou provadet. Mozne hodnoty jsou 1 (cisteni), 2 (tankovani)), 3(bezna udrzba), 4 (vymena dilu vcetne vymeny oleje), 5 (stredni oprava), 6(generalka).&lt;br/&gt;Vyznam - dany typ a vsechny nizsi</comment>
<commentInRDBMS>maximalni uroven moznych oprav, ktere se v depu mohou provadet. Mozne hodnoty jsou 1 (cisteni), 2 (tankovani)), 3(bezna udrzba), 4 (vymena dilu vcetne vymeny oleje), 5 (stredni oprava), 6(generalka).&lt;br/&gt;Vyznam - dany typ a vsechny nizsi</commentInRDBMS>
<generatorID>132AD320-A5A9-50EF-9F31-67C29A599522</generatorID>
<ownerDesignName>plavebni-spolecnost</ownerDesignName>
<constraintName>mozne_typy_oprav</constraintName>
<nullsAllowed>true</nullsAllowed>
<useDomainConstraints>false</useDomainConstraints>
<use>1</use>
<logicalDatatype>LOGDT011</logicalDatatype>
<listOfValues>
<valueDef value="1" description="cisteni"/>
<valueDef value="2" description="tankovani"/>
<valueDef value="3" description="bezna udrzba"/>
<valueDef value="4" description="vymena dilu vcetne oleje"/>
<valueDef value="5" description="stredni oprava"/>
<valueDef value="6" description="generalka"/>
</listOfValues>
<previousColumn>false</previousColumn>
<autoIncrementCycle>false</autoIncrementCycle>
</Column>
<Column class="oracle.dbtools.crest.model.design.relational.Column" name="pocet_opravnych_doku" id="E73EE53A-58B2-616A-746D-818159B78676">
<createdBy>Halaska</createdBy>
<createdTime>2013-09-12 14:07:55 UTC</createdTime>
<comment>pocet doku, ve ktery lze provadet opravy lodi</comment>
<commentInRDBMS>pocet doku, ve ktery lze provadet opravy lodi</commentInRDBMS>
<generatorID>FE9E6C1F-1276-D37C-D81E-933697D5C2BB</generatorID>
<ownerDesignName>plavebni-spolecnost</ownerDesignName>
<nullsAllowed>true</nullsAllowed>
<useDomainConstraints>false</useDomainConstraints>
<use>1</use>
<logicalDatatype>LOGDT011</logicalDatatype>
<previousColumn>false</previousColumn>
<autoIncrementCycle>false</autoIncrementCycle>
</Column>
<Column class="oracle.dbtools.crest.model.design.relational.Column" name="pocet_kotvist" id="81D1A8DA-E22C-33F5-4455-82A0174AD0BD">
<createdBy>Halaska</createdBy>
<createdTime>2013-09-12 14:07:55 UTC</createdTime>
<comment>kapacita pristaviste, kolik ma kotvist</comment>
<commentInRDBMS>kapacita pristaviste, kolik ma kotvist</commentInRDBMS>
<generatorID>98F5E815-23F1-36D6-8D3F-8A0D9BFC626A</generatorID>
<ownerDesignName>plavebni-spolecnost</ownerDesignName>
<nullsAllowed>true</nullsAllowed>
<useDomainConstraints>false</useDomainConstraints>
<use>1</use>
<logicalDatatype>LOGDT011</logicalDatatype>
<previousColumn>false</previousColumn>
<autoIncrementCycle>false</autoIncrementCycle>
</Column>
</columns>
<indexes>
<ind_PK_UK class="oracle.dbtools.crest.model.design.relational.Index" id="94D64E1B-77E2-1A15-B65B-D30C5582C598" name="zazemi PK">
<createdBy>Halaska</createdBy>
<createdTime>2013-09-12 14:07:55 UTC</createdTime>
<generatorID>9B487EE6-34C9-F1AF-887C-D5B7DF71FB26</generatorID>
<ownerDesignName>plavebni-spolecnost</ownerDesignName>
<pk>true</pk>
<indexState>Primary Constraint</indexState>
<indexColumnUsage>
<colUsage columnID="5A4CE2C4-AC1A-BA92-AFB7-86C55D8A523F"/>
</indexColumnUsage>
</ind_PK_UK>
</indexes>
</Table>