<?xml version = '1.0' encoding = 'UTF-8'?>
<Table class="oracle.dbtools.crest.model.design.relational.Table" id="95D65A99-242E-A30E-51BF-784413616468" directorySegmentName="seg_0" name="POKRYTI">
<createdBy>Halaska</createdBy>
<createdTime>2013-09-12 14:07:55 UTC</createdTime>
<comment>vztahovy typ entity, ktery urcuje, ktery dopravni prostredek a ktery namornik jsou nasazeni na pravidelny spoj. Dopravnim prostredkem je lod, nebo autobus.</comment>
<commentInRDBMS>vztahovy typ entity, ktery urcuje, ktery dopravni prostredek a ktery namornik jsou nasazeni na pravidelny spoj. Dopravnim prostredkem je lod, nebo autobus.</commentInRDBMS>
<generatorID>BFD3142E-D1A2-636D-C7FD-964BFFCB9C0D</generatorID>
<ownerDesignName>plavebni-spolecnost</ownerDesignName>
<pkName>POKRYTO_PK</pkName>
<fonts>
<FontObject class="oracle.dbtools.crest.model.design.FontObjectWr">
<foType>Title</foType>
<fontStyle>1</fontStyle>
<colorRGB>-16776961</colorRGB>
</FontObject>
<FontObject class="oracle.dbtools.crest.model.design.FontObjectWr">
<foType>Column</foType>
<colorRGB>-16777216</colorRGB>
</FontObject>
<FontObject class="oracle.dbtools.crest.model.design.FontObjectWr">
<foType>Datatype</foType>
<colorRGB>-16744448</colorRGB>
</FontObject>
<FontObject class="oracle.dbtools.crest.model.design.FontObjectWr">
<foType>PK Element</foType>
<colorRGB>-16776961</colorRGB>
</FontObject>
<FontObject class="oracle.dbtools.crest.model.design.FontObjectWr">
<foType>FK Element</foType>
<colorRGB>-16777216</colorRGB>
</FontObject>
<FontObject class="oracle.dbtools.crest.model.design.FontObjectWr">
<foType>UK Element</foType>
<colorRGB>-16776961</colorRGB>
</FontObject>
<FontObject class="oracle.dbtools.crest.model.design.FontObjectWr">
<foType>Not Null</foType>
<colorRGB>-65536</colorRGB>
</FontObject>
<FontObject class="oracle.dbtools.crest.model.design.FontObjectWr">
<foType>Key</foType>
<colorRGB>-16777216</colorRGB>
</FontObject>
</fonts>
<columns>
<Column class="oracle.dbtools.crest.model.design.relational.Column" name="datum_pokryti" id="930E9372-302E-25F8-8BB4-318784761085">
<createdBy>Halaska</createdBy>
<createdTime>2013-09-12 14:07:55 UTC</createdTime>
<comment>datum, kdy dochazi k pokryti pravidelneho spoje</comment>
<commentInRDBMS>datum, kdy dochazi k pokryti pravidelneho spoje</commentInRDBMS>
<generatorID>89C8801E-03F4-2D0C-0CBD-4DC0ABEE930A</generatorID>
<ownerDesignName>plavebni-spolecnost</ownerDesignName>
<useDomainConstraints>false</useDomainConstraints>
<use>1</use>
<logicalDatatype>LOGDT007</logicalDatatype>
<previousColumn>false</previousColumn>
<autoIncrementCycle>false</autoIncrementCycle>
</Column>
<Column class="oracle.dbtools.crest.model.design.relational.Column" name="LODID" id="8CDD7D35-F840-D401-EF74-976AB4056D78">
<createdBy>Halaska</createdBy>
<createdTime>2013-09-12 14:07:55 UTC</createdTime>
<comment>spoj je pokryt lodi</comment>
<commentInRDBMS>spoj je pokryt lodi</commentInRDBMS>
<generatorID>69197ED6-C4D3-FDFA-CDDE-FD157923504B</generatorID>
<ownerDesignName>plavebni-spolecnost</ownerDesignName>
<nullsAllowed>true</nullsAllowed>
<useDomainConstraints>false</useDomainConstraints>
<use>1</use>
<logicalDatatype>LOGDT019</logicalDatatype>
<dataTypePrecision>10</dataTypePrecision>
<dataTypeScale>0</dataTypeScale>
<delegate>6385B85D-9936-A690-32CB-FC55909BD6E7</delegate>
<previousColumn>false</previousColumn>
<autoIncrementCycle>false</autoIncrementCycle>
<associations>
<colAssociation fkAssociation="0DCBE4ED-A191-81C1-623D-B6F8429F5A96" referredColumn="6385B85D-9936-A690-32CB-FC55909BD6E7"/>
</associations>
</Column>
<Column class="oracle.dbtools.crest.model.design.relational.Column" name="inv_cislo" id="EB954491-3468-0470-8C3E-89A084A8948B">
<createdBy>Halaska</createdBy>
<createdTime>2013-09-12 14:07:55 UTC</createdTime>
<comment>spoj je pokryt busem</comment>
<commentInRDBMS>spoj je pokryt busem</commentInRDBMS>
<generatorID>36E6F00B-2FE3-ABE4-C615-F594C6C3F58F</generatorID>
<ownerDesignName>plavebni-spolecnost</ownerDesignName>
<nullsAllowed>true</nullsAllowed>
<useDomainConstraints>false</useDomainConstraints>
<use>1</use>
<logicalDatatype>LOGDT019</logicalDatatype>
<dataTypePrecision>10</dataTypePrecision>
<dataTypeScale>0</dataTypeScale>
<delegate>12699212-0E79-374D-AF44-66397FCBD95F</delegate>
<previousColumn>false</previousColumn>
<autoIncrementCycle>false</autoIncrementCycle>
<associations>
<colAssociation fkAssociation="5C2A118A-DA46-4C3C-5FA7-527270DEC5D2" referredColumn="12699212-0E79-374D-AF44-66397FCBD95F"/>
</associations>
</Column>
<Column class="oracle.dbtools.crest.model.design.relational.Column" name="NID" id="F29E1A19-7D04-7722-6C51-61295B200952">
<createdBy>Halaska</createdBy>
<createdTime>2013-09-12 14:07:55 UTC</createdTime>
<comment>kteremu namornikovi kalendar patri</comment>
<generatorID>B01395A7-EC68-AF34-BF76-3995CEE1F6D4</generatorID>
<ownerDesignName>plavebni-spolecnost</ownerDesignName>
<nullsAllowed>true</nullsAllowed>
<useDomainConstraints>false</useDomainConstraints>
<use>1</use>
<logicalDatatype>LOGDT019</logicalDatatype>
<dataTypePrecision>10</dataTypePrecision>
<dataTypeScale>0</dataTypeScale>
<delegate>4A915827-6797-C26E-4D2B-6FD70CF84697</delegate>
<previousColumn>false</previousColumn>
<autoIncrementCycle>false</autoIncrementCycle>
<associations>
<colAssociation fkAssociation="08E9D4E5-D5E5-5963-3174-10EB4ECE20A0" referredColumn="4A915827-6797-C26E-4D2B-6FD70CF84697"/>
</associations>
</Column>
<Column class="oracle.dbtools.crest.model.design.relational.Column" name="Od" id="D9AEA340-DDB4-A7DE-FAEB-18BDC897545E">
<createdBy>Halaska</createdBy>
<createdTime>2013-09-12 14:07:55 UTC</createdTime>
<comment>den a cas, kdy nasazeni namornika zacina</comment>
<generatorID>98DB5EB0-57E5-50F9-37BA-003D812CD3EC</generatorID>
<ownerDesignName>plavebni-spolecnost</ownerDesignName>
<nullsAllowed>true</nullsAllowed>
<useDomainConstraints>false</useDomainConstraints>
<use>1</use>
<logicalDatatype>LOGDT008</logicalDatatype>
<delegate>815E7FB3-E124-1B67-7156-886F8E146655</delegate>
<previousColumn>false</previousColumn>
<autoIncrementCycle>false</autoIncrementCycle>
<associations>
<colAssociation fkAssociation="08E9D4E5-D5E5-5963-3174-10EB4ECE20A0" referredColumn="815E7FB3-E124-1B67-7156-886F8E146655"/>
</associations>
</Column>
<Column class="oracle.dbtools.crest.model.design.relational.Column" name="do" id="A48336DC-3500-73B6-15F1-E5625B9B18A6">
<createdBy>Halaska</createdBy>
<createdTime>2013-09-12 14:07:55 UTC</createdTime>
<comment>den a cas, kdy nasazeni namornika konci</comment>
<generatorID>68483413-4EFB-E288-3CB4-61C042D6F8D5</generatorID>
<ownerDesignName>plavebni-spolecnost</ownerDesignName>
<nullsAllowed>true</nullsAllowed>
<useDomainConstraints>false</useDomainConstraints>
<use>1</use>
<logicalDatatype>LOGDT008</logicalDatatype>
<delegate>D5A4AEFB-EB3A-346C-33EE-33B085EF01A7</delegate>
<previousColumn>false</previousColumn>
<autoIncrementCycle>false</autoIncrementCycle>
<associations>
<colAssociation fkAssociation="08E9D4E5-D5E5-5963-3174-10EB4ECE20A0" referredColumn="D5A4AEFB-EB3A-346C-33EE-33B085EF01A7"/>
</associations>
</Column>
<Column class="oracle.dbtools.crest.model.design.relational.Column" name="LID" id="EC291C62-6531-05CF-669A-AF5A824BFE2F">
<createdBy>Halaska</createdBy>
<createdTime>2013-09-12 14:07:55 UTC</createdTime>
<comment>na kterou linku spoj patri</comment>
<generatorID>8FC13B51-4966-F0F8-CD8A-91B451EDF1E6</generatorID>
<ownerDesignName>plavebni-spolecnost</ownerDesignName>
<useDomainConstraints>false</useDomainConstraints>
<use>1</use>
<logicalDatatype>LOGDT019</logicalDatatype>
<dataTypePrecision>10</dataTypePrecision>
<dataTypeScale>0</dataTypeScale>
<delegate>05A67E7F-C67F-CDE2-8C64-71735B5E09C8</delegate>
<previousColumn>false</previousColumn>
<autoIncrementCycle>false</autoIncrementCycle>
<associations>
<colAssociation fkAssociation="9A110F1D-3A79-BEE5-7553-34B8D31EFD1F" referredColumn="05A67E7F-C67F-CDE2-8C64-71735B5E09C8"/>
</associations>
</Column>
<Column class="oracle.dbtools.crest.model.design.relational.Column" name="SPID" id="078E5BCA-2194-D472-4715-EA5A78EBD351">
<createdBy>Halaska</createdBy>
<createdTime>2013-09-12 14:07:55 UTC</createdTime>
<comment>cislo spoje</comment>
<generatorID>0D1DC816-1E51-6D4D-81C0-3C1BEB4830A7</generatorID>
<ownerDesignName>plavebni-spolecnost</ownerDesignName>
<useDomainConstraints>false</useDomainConstraints>
<use>1</use>
<logicalDatatype>LOGDT019</logicalDatatype>
<dataTypePrecision>10</dataTypePrecision>
<dataTypeScale>0</dataTypeScale>
<delegate>E7A365E6-5B39-5038-9386-3D61B9FAFCD0</delegate>
<previousColumn>false</previousColumn>
<autoIncrementCycle>false</autoIncrementCycle>
<associations>
<colAssociation fkAssociation="9A110F1D-3A79-BEE5-7553-34B8D31EFD1F" referredColumn="E7A365E6-5B39-5038-9386-3D61B9FAFCD0"/>
</associations>
</Column>
</columns>
<indexes>
<ind_PK_UK class="oracle.dbtools.crest.model.design.relational.Index" id="4CE5D8F6-AC23-F0B2-718A-FDA8F59B6F1F" name="POKRYTO_PK">
<createdBy>Halaska</createdBy>
<createdTime>2013-09-12 14:07:55 UTC</createdTime>
<generatorID>D3A88080-9F55-64EB-C528-88A10BE8B9BE</generatorID>
<ownerDesignName>plavebni-spolecnost</ownerDesignName>
<pk>true</pk>
<indexState>Primary Constraint</indexState>
<indexColumnUsage>
<colUsage columnID="930E9372-302E-25F8-8BB4-318784761085"/>
<colUsage columnID="EC291C62-6531-05CF-669A-AF5A824BFE2F"/>
<colUsage columnID="078E5BCA-2194-D472-4715-EA5A78EBD351"/>
</indexColumnUsage>
</ind_PK_UK>
<ind_PK_UK class="oracle.dbtools.crest.model.design.relational.Index" id="AFC9F84F-077F-FB99-0A59-71F6B291B218" name="POKRYTI__IDX">
<createdBy>Halaska</createdBy>
<createdTime>2013-09-12 14:07:55 UTC</createdTime>
<ownerDesignName>plavebni-spolecnost</ownerDesignName>
<indexState>Unique Plain Index</indexState>
<indexColumnUsage>
<colUsage columnID="F29E1A19-7D04-7722-6C51-61295B200952"/>
<colUsage columnID="D9AEA340-DDB4-A7DE-FAEB-18BDC897545E"/>
<colUsage columnID="A48336DC-3500-73B6-15F1-E5625B9B18A6"/>
</indexColumnUsage>
</ind_PK_UK>
<ind_PK_UK class="oracle.dbtools.crest.model.design.relational.Index" id="54B33693-4550-FAC9-C1C5-147E6D53E294" name="je_pokryt_busem">
<createdBy>Halaska</createdBy>
<createdTime>2013-09-12 14:07:55 UTC</createdTime>
<generatorID>AF2188EF-6654-5127-7CB2-BABBDA5D482E</generatorID>
<ownerDesignName>plavebni-spolecnost</ownerDesignName>
<indexState>Foreign Key</indexState>
<indexColumnUsage>
<colUsage columnID="EB954491-3468-0470-8C3E-89A084A8948B"/>
</indexColumnUsage>
</ind_PK_UK>
<ind_PK_UK class="oracle.dbtools.crest.model.design.relational.Index" id="18AF2EB2-DC29-75DA-29EA-4684A5E46EF5" name="je_pokryt_kym">
<createdBy>Halaska</createdBy>
<createdTime>2013-09-12 14:07:55 UTC</createdTime>
<generatorID>A7EFB017-8A1C-869F-B816-5BB3BE00ADEF</generatorID>
<ownerDesignName>plavebni-spolecnost</ownerDesignName>
<indexState>Foreign Key</indexState>
<indexColumnUsage>
<colUsage columnID="F29E1A19-7D04-7722-6C51-61295B200952"/>
<colUsage columnID="D9AEA340-DDB4-A7DE-FAEB-18BDC897545E"/>
<colUsage columnID="A48336DC-3500-73B6-15F1-E5625B9B18A6"/>
</indexColumnUsage>
</ind_PK_UK>
<ind_PK_UK class="oracle.dbtools.crest.model.design.relational.Index" id="A4016E55-4EA1-9EA4-0238-1A59FCD5A08A" name="je_pokryt_lodi">
<createdBy>Halaska</createdBy>
<createdTime>2013-09-12 14:07:55 UTC</createdTime>
<generatorID>1E7EEE1A-C1EF-A720-7AD9-B04F414CC874</generatorID>
<ownerDesignName>plavebni-spolecnost</ownerDesignName>
<indexState>Foreign Key</indexState>
<indexColumnUsage>
<colUsage columnID="8CDD7D35-F840-D401-EF74-976AB4056D78"/>
</indexColumnUsage>
</ind_PK_UK>
<ind_PK_UK class="oracle.dbtools.crest.model.design.relational.Index" id="835FB524-2768-C227-7777-2F18B20D4660" name="je_pokryt_spoj">
<createdBy>Halaska</createdBy>
<createdTime>2013-09-12 14:07:55 UTC</createdTime>
<generatorID>AB859FF3-CEAC-D13A-CBAC-62D48D4DF1FF</generatorID>
<ownerDesignName>plavebni-spolecnost</ownerDesignName>
<indexState>Foreign Key</indexState>
<indexColumnUsage>
<colUsage columnID="EC291C62-6531-05CF-669A-AF5A824BFE2F"/>
<colUsage columnID="078E5BCA-2194-D472-4715-EA5A78EBD351"/>
</indexColumnUsage>
</ind_PK_UK>
</indexes>
</Table>