<?xml version = '1.0' encoding = 'UTF-8'?>
<Table class="oracle.dbtools.crest.model.design.relational.Table" id="C1807DAD-468F-7099-88FB-C462E1D82E79" directorySegmentName="seg_0" name="kalendar_namornika">
<createdBy>Halaska</createdBy>
<createdTime>2013-09-12 14:07:55 UTC</createdTime>
<comment>kalendar namornika urcuje, kdy je namornik nasazen bud na pravidelny spoj, nebo na plavbu s pruvodce.</comment>
<commentInRDBMS>kalendar namornika urcuje, kdy je namornik nasazen bud na pravidelny spoj, nebo na plavbu s pruvodce.</commentInRDBMS>
<generatorID>624E323D-2076-4082-C947-43D10FDE191A</generatorID>
<ownerDesignName>plavebni-spolecnost</ownerDesignName>
<pkName>kalendar_namornika PK</pkName>
<fonts>
<FontObject class="oracle.dbtools.crest.model.design.FontObjectWr">
<foType>Title</foType>
<fontStyle>1</fontStyle>
<colorRGB>-16776961</colorRGB>
</FontObject>
<FontObject class="oracle.dbtools.crest.model.design.FontObjectWr">
<foType>Column</foType>
<colorRGB>-16777216</colorRGB>
</FontObject>
<FontObject class="oracle.dbtools.crest.model.design.FontObjectWr">
<foType>Datatype</foType>
<colorRGB>-16744448</colorRGB>
</FontObject>
<FontObject class="oracle.dbtools.crest.model.design.FontObjectWr">
<foType>PK Element</foType>
<colorRGB>-16776961</colorRGB>
</FontObject>
<FontObject class="oracle.dbtools.crest.model.design.FontObjectWr">
<foType>FK Element</foType>
<colorRGB>-16777216</colorRGB>
</FontObject>
<FontObject class="oracle.dbtools.crest.model.design.FontObjectWr">
<foType>UK Element</foType>
<colorRGB>-16776961</colorRGB>
</FontObject>
<FontObject class="oracle.dbtools.crest.model.design.FontObjectWr">
<foType>Not Null</foType>
<colorRGB>-65536</colorRGB>
</FontObject>
<FontObject class="oracle.dbtools.crest.model.design.FontObjectWr">
<foType>Key</foType>
<colorRGB>-16777216</colorRGB>
</FontObject>
</fonts>
<columns>
<Column class="oracle.dbtools.crest.model.design.relational.Column" name="NID" id="4A915827-6797-C26E-4D2B-6FD70CF84697">
<createdBy>Halaska</createdBy>
<createdTime>2013-09-12 14:07:55 UTC</createdTime>
<comment>kteremu namornikovi kalendar patri</comment>
<commentInRDBMS>kteremu namornikovi kalendar patri</commentInRDBMS>
<generatorID>13C28C09-3983-4E20-A293-9B225F40493D</generatorID>
<ownerDesignName>plavebni-spolecnost</ownerDesignName>
<useDomainConstraints>false</useDomainConstraints>
<use>1</use>
<logicalDatatype>LOGDT019</logicalDatatype>
<dataTypePrecision>10</dataTypePrecision>
<dataTypeScale>0</dataTypeScale>
<delegate>FBE5216E-FF78-C21E-4D1D-1711C93C7FE5</delegate>
<previousColumn>false</previousColumn>
<autoIncrementCycle>false</autoIncrementCycle>
<associations>
<colAssociation fkAssociation="E91EACB9-52B4-4202-A337-2783D09BEC75" referredColumn="FBE5216E-FF78-C21E-4D1D-1711C93C7FE5"/>
</associations>
</Column>
<Column class="oracle.dbtools.crest.model.design.relational.Column" name="Od" id="815E7FB3-E124-1B67-7156-886F8E146655">
<createdBy>Halaska</createdBy>
<createdTime>2013-09-12 14:07:55 UTC</createdTime>
<comment>den a cas, kdy nasazeni namornika zacina</comment>
<commentInRDBMS>den a cas, kdy nasazeni namornika zacina</commentInRDBMS>
<generatorID>1C061803-656C-928E-11F0-E1102D8148D7</generatorID>
<ownerDesignName>plavebni-spolecnost</ownerDesignName>
<useDomainConstraints>false</useDomainConstraints>
<use>1</use>
<logicalDatatype>LOGDT008</logicalDatatype>
<previousColumn>false</previousColumn>
<autoIncrementCycle>false</autoIncrementCycle>
</Column>
<Column class="oracle.dbtools.crest.model.design.relational.Column" name="do" id="D5A4AEFB-EB3A-346C-33EE-33B085EF01A7">
<createdBy>Halaska</createdBy>
<createdTime>2013-09-12 14:07:55 UTC</createdTime>
<comment>den a cas, kdy nasazeni namornika konci</comment>
<commentInRDBMS>den a cas, kdy nasazeni namornika konci</commentInRDBMS>
<generatorID>6DB68DF7-BCEF-88FC-6B2E-B34F29CAE5AE</generatorID>
<ownerDesignName>plavebni-spolecnost</ownerDesignName>
<useDomainConstraints>false</useDomainConstraints>
<use>1</use>
<logicalDatatype>LOGDT008</logicalDatatype>
<previousColumn>false</previousColumn>
<autoIncrementCycle>false</autoIncrementCycle>
</Column>
</columns>
<indexes>
<ind_PK_UK class="oracle.dbtools.crest.model.design.relational.Index" id="C45F5425-B025-183E-7B7A-B400BD2C38A3" name="kalendar_namornika PK">
<createdBy>Halaska</createdBy>
<createdTime>2013-09-12 14:07:55 UTC</createdTime>
<generatorID>8E49A6A6-96BA-FABF-7042-7B182604B022</generatorID>
<ownerDesignName>plavebni-spolecnost</ownerDesignName>
<pk>true</pk>
<indexState>Primary Constraint</indexState>
<indexColumnUsage>
<colUsage columnID="4A915827-6797-C26E-4D2B-6FD70CF84697"/>
<colUsage columnID="815E7FB3-E124-1B67-7156-886F8E146655"/>
<colUsage columnID="D5A4AEFB-EB3A-346C-33EE-33B085EF01A7"/>
</indexColumnUsage>
</ind_PK_UK>
<ind_PK_UK class="oracle.dbtools.crest.model.design.relational.Index" id="EFA78DE0-619D-B798-03A9-3BD87C6A88E8" name="patri_namornikovi">
<createdBy>Halaska</createdBy>
<createdTime>2013-09-12 14:07:55 UTC</createdTime>
<generatorID>4991A521-5EC7-2A72-1034-6D74378C6515</generatorID>
<ownerDesignName>plavebni-spolecnost</ownerDesignName>
<indexState>Foreign Key</indexState>
<indexColumnUsage>
<colUsage columnID="4A915827-6797-C26E-4D2B-6FD70CF84697"/>
</indexColumnUsage>
</ind_PK_UK>
</indexes>
</Table>