<?xml version = '1.0' encoding = 'UTF-8'?>
<Table class="oracle.dbtools.crest.model.design.relational.Table" id="D149BCEA-060C-118B-6179-2ECA5C2D13BD" directorySegmentName="seg_0" name="AUTOBUS">
<createdBy>Halaska</createdBy>
<createdTime>2013-09-12 14:07:55 UTC</createdTime>
<comment>evidence autobusu, kterymi spolecnost disponuje</comment>
<commentInRDBMS>evidence autobusu, kterymi spolecnost disponuje</commentInRDBMS>
<generatorID>6C0BDF12-A372-D51F-B6C3-AC9DC2466B92</generatorID>
<ownerDesignName>plavebni-spolecnost</ownerDesignName>
<pkName>autobus PK</pkName>
<fonts>
<FontObject class="oracle.dbtools.crest.model.design.FontObjectWr">
<foType>Title</foType>
<fontStyle>1</fontStyle>
<colorRGB>-16776961</colorRGB>
</FontObject>
<FontObject class="oracle.dbtools.crest.model.design.FontObjectWr">
<foType>Column</foType>
<colorRGB>-16777216</colorRGB>
</FontObject>
<FontObject class="oracle.dbtools.crest.model.design.FontObjectWr">
<foType>Datatype</foType>
<colorRGB>-16744448</colorRGB>
</FontObject>
<FontObject class="oracle.dbtools.crest.model.design.FontObjectWr">
<foType>PK Element</foType>
<colorRGB>-16776961</colorRGB>
</FontObject>
<FontObject class="oracle.dbtools.crest.model.design.FontObjectWr">
<foType>FK Element</foType>
<colorRGB>-16777216</colorRGB>
</FontObject>
<FontObject class="oracle.dbtools.crest.model.design.FontObjectWr">
<foType>UK Element</foType>
<colorRGB>-16776961</colorRGB>
</FontObject>
<FontObject class="oracle.dbtools.crest.model.design.FontObjectWr">
<foType>Not Null</foType>
<colorRGB>-65536</colorRGB>
</FontObject>
<FontObject class="oracle.dbtools.crest.model.design.FontObjectWr">
<foType>Key</foType>
<colorRGB>-16777216</colorRGB>
</FontObject>
</fonts>
<columns>
<Column class="oracle.dbtools.crest.model.design.relational.Column" name="inv_cislo" id="12699212-0E79-374D-AF44-66397FCBD95F">
<createdBy>Halaska</createdBy>
<createdTime>2013-09-12 14:07:55 UTC</createdTime>
<generatorID>FF8D3E2B-8CB4-ED5C-A7F8-8984BB9E1796</generatorID>
<ownerDesignName>plavebni-spolecnost</ownerDesignName>
<useDomainConstraints>false</useDomainConstraints>
<use>1</use>
<logicalDatatype>LOGDT019</logicalDatatype>
<dataTypePrecision>10</dataTypePrecision>
<dataTypeScale>0</dataTypeScale>
<previousColumn>false</previousColumn>
<autoIncrementCycle>false</autoIncrementCycle>
</Column>
<Column class="oracle.dbtools.crest.model.design.relational.Column" name="SPZ" id="545F7C94-BBB2-D81D-DF51-08865510D080">
<createdBy>Halaska</createdBy>
<createdTime>2013-09-12 14:07:55 UTC</createdTime>
<comment>statni poznavaci znacka autobusu</comment>
<commentInRDBMS>statni poznavaci znacka autobusu</commentInRDBMS>
<generatorID>B840C0C2-60D6-27D1-4102-AA6C98E4BE5F</generatorID>
<ownerDesignName>plavebni-spolecnost</ownerDesignName>
<nullsAllowed>true</nullsAllowed>
<useDomainConstraints>false</useDomainConstraints>
<use>1</use>
<logicalDatatype>LOGDT024</logicalDatatype>
<dataTypeSize>10</dataTypeSize>
<previousColumn>false</previousColumn>
<autoIncrementCycle>false</autoIncrementCycle>
</Column>
<Column class="oracle.dbtools.crest.model.design.relational.Column" name="pocet_mist" id="F78FF8ED-79DF-156A-4912-DF8715BF81BF">
<createdBy>Halaska</createdBy>
<createdTime>2013-09-12 14:07:55 UTC</createdTime>
<comment>pocet mist k sezeni v autobusu</comment>
<commentInRDBMS>pocet mist k sezeni v autobusu</commentInRDBMS>
<generatorID>2C9CE762-2A55-9485-5AFE-8CE0D10A30AB</generatorID>
<ownerDesignName>plavebni-spolecnost</ownerDesignName>
<nullsAllowed>true</nullsAllowed>
<useDomainConstraints>false</useDomainConstraints>
<use>1</use>
<logicalDatatype>LOGDT019</logicalDatatype>
<dataTypePrecision>3</dataTypePrecision>
<dataTypeScale>0</dataTypeScale>
<previousColumn>false</previousColumn>
<autoIncrementCycle>false</autoIncrementCycle>
</Column>
<Column class="oracle.dbtools.crest.model.design.relational.Column" name="datum_uvedeni_do_provozu" id="8DD9DD51-8581-9470-D0DB-6818EF7D515B">
<createdBy>Halaska</createdBy>
<createdTime>2013-09-12 14:07:55 UTC</createdTime>
<comment>datum uvedeni do provozu autobusu</comment>
<commentInRDBMS>datum uvedeni do provozu autobusu</commentInRDBMS>
<generatorID>7AFE792B-BC51-44B6-F178-07D410D370EF</generatorID>
<ownerDesignName>plavebni-spolecnost</ownerDesignName>
<useDomainConstraints>false</useDomainConstraints>
<use>1</use>
<logicalDatatype>LOGDT007</logicalDatatype>
<previousColumn>false</previousColumn>
<autoIncrementCycle>false</autoIncrementCycle>
</Column>
<Column class="oracle.dbtools.crest.model.design.relational.Column" name="porizovaci_cena" id="88C5E6E4-919A-2D39-17E7-552C10D7ABB8">
<createdBy>Halaska</createdBy>
<createdTime>2013-09-12 14:07:55 UTC</createdTime>
<comment>porizovaci cena autobusu</comment>
<commentInRDBMS>porizovaci cena autobusu</commentInRDBMS>
<generatorID>8417E581-D880-E784-64AE-1706D4551488</generatorID>
<ownerDesignName>plavebni-spolecnost</ownerDesignName>
<nullsAllowed>true</nullsAllowed>
<useDomainConstraints>false</useDomainConstraints>
<use>1</use>
<logicalDatatype>LOGDT019</logicalDatatype>
<dataTypePrecision>8</dataTypePrecision>
<dataTypeScale>2</dataTypeScale>
<previousColumn>false</previousColumn>
<autoIncrementCycle>false</autoIncrementCycle>
</Column>
<Column class="oracle.dbtools.crest.model.design.relational.Column" name="id_zazemi" id="2829F56E-D9C1-BFF9-C6FD-DC0B78C2DBE7">
<createdBy>Halaska</createdBy>
<createdTime>2013-09-12 14:07:55 UTC</createdTime>
<comment>ve kterem depu autobus parkuje</comment>
<commentInRDBMS>ve kterem depu autobus parkuje</commentInRDBMS>
<generatorID>501C0A3B-46CC-9CD1-D7B6-2190BA355F58</generatorID>
<ownerDesignName>plavebni-spolecnost</ownerDesignName>
<useDomainConstraints>false</useDomainConstraints>
<use>1</use>
<logicalDatatype>LOGDT019</logicalDatatype>
<dataTypePrecision>10</dataTypePrecision>
<dataTypeScale>0</dataTypeScale>
<delegate>5A4CE2C4-AC1A-BA92-AFB7-86C55D8A523F</delegate>
<previousColumn>false</previousColumn>
<autoIncrementCycle>false</autoIncrementCycle>
<associations>
<colAssociation fkAssociation="57C6C786-C1F2-749D-1E01-F6E6C48DFF73" referredColumn="5A4CE2C4-AC1A-BA92-AFB7-86C55D8A523F"/>
</associations>
</Column>
</columns>
<indexes>
<ind_PK_UK class="oracle.dbtools.crest.model.design.relational.Index" id="50BB5099-866B-0C87-1E2E-65F3BF74A0C4" name="autobus PK">
<createdBy>Halaska</createdBy>
<createdTime>2013-09-12 14:07:55 UTC</createdTime>
<generatorID>EE8CB796-9041-434D-FAAA-05458624457D</generatorID>
<ownerDesignName>plavebni-spolecnost</ownerDesignName>
<pk>true</pk>
<indexState>Primary Constraint</indexState>
<indexColumnUsage>
<colUsage columnID="12699212-0E79-374D-AF44-66397FCBD95F"/>
</indexColumnUsage>
</ind_PK_UK>
<ind_PK_UK class="oracle.dbtools.crest.model.design.relational.Index" id="2A6A320C-107C-CA57-0472-D02447621A9D" name="SPZ_UNQ">
<createdBy>Halaska</createdBy>
<createdTime>2013-09-12 14:07:55 UTC</createdTime>
<generatorID>64E51C69-5663-312C-8036-906E731E5A20</generatorID>
<ownerDesignName>plavebni-spolecnost</ownerDesignName>
<indexState>Unique Constraint</indexState>
<indexColumnUsage>
<colUsage columnID="545F7C94-BBB2-D81D-DF51-08865510D080"/>
</indexColumnUsage>
</ind_PK_UK>
<ind_PK_UK class="oracle.dbtools.crest.model.design.relational.Index" id="BD3F6AE0-0B8C-5844-F6D7-FA70B98DF236" name="ma_depo">
<createdBy>Halaska</createdBy>
<createdTime>2013-09-12 14:07:55 UTC</createdTime>
<generatorID>34470DA9-3308-B98A-237A-26D665FB84E9</generatorID>
<ownerDesignName>plavebni-spolecnost</ownerDesignName>
<indexState>Foreign Key</indexState>
<indexColumnUsage>
<colUsage columnID="2829F56E-D9C1-BFF9-C6FD-DC0B78C2DBE7"/>
</indexColumnUsage>
</ind_PK_UK>
</indexes>
</Table>