<?xml version = '1.0' encoding = 'UTF-8'?>
<Table class="oracle.dbtools.crest.model.design.relational.Table" id="F4C4FFC6-94FD-D22E-5795-F91B48EB52BD" directorySegmentName="seg_0" name="SPOJ">
<createdBy>Halaska</createdBy>
<createdTime>2013-09-12 14:07:55 UTC</createdTime>
<comment>na kazde lince je v dany den nekolik spoju, ktere vyjizdeji v dany cas</comment>
<commentInRDBMS>na kazde lince je v dany den nekolik spoju, ktere vyjizdeji v dany cas</commentInRDBMS>
<generatorID>CE8A9D78-8A2C-B74F-B372-29F3B1B3A29A</generatorID>
<ownerDesignName>plavebni-spolecnost</ownerDesignName>
<pkName>SPOJ_LID_SPID_PK</pkName>
<fonts>
<FontObject class="oracle.dbtools.crest.model.design.FontObjectWr">
<foType>Title</foType>
<fontStyle>1</fontStyle>
<colorRGB>-16776961</colorRGB>
</FontObject>
<FontObject class="oracle.dbtools.crest.model.design.FontObjectWr">
<foType>Column</foType>
<colorRGB>-16777216</colorRGB>
</FontObject>
<FontObject class="oracle.dbtools.crest.model.design.FontObjectWr">
<foType>Datatype</foType>
<colorRGB>-16744448</colorRGB>
</FontObject>
<FontObject class="oracle.dbtools.crest.model.design.FontObjectWr">
<foType>PK Element</foType>
<colorRGB>-16776961</colorRGB>
</FontObject>
<FontObject class="oracle.dbtools.crest.model.design.FontObjectWr">
<foType>FK Element</foType>
<colorRGB>-16777216</colorRGB>
</FontObject>
<FontObject class="oracle.dbtools.crest.model.design.FontObjectWr">
<foType>UK Element</foType>
<colorRGB>-16776961</colorRGB>
</FontObject>
<FontObject class="oracle.dbtools.crest.model.design.FontObjectWr">
<foType>Not Null</foType>
<colorRGB>-65536</colorRGB>
</FontObject>
<FontObject class="oracle.dbtools.crest.model.design.FontObjectWr">
<foType>Key</foType>
<colorRGB>-16777216</colorRGB>
</FontObject>
</fonts>
<columns>
<Column class="oracle.dbtools.crest.model.design.relational.Column" name="LID" id="05A67E7F-C67F-CDE2-8C64-71735B5E09C8">
<createdBy>Halaska</createdBy>
<createdTime>2013-09-12 14:07:55 UTC</createdTime>
<comment>na kterou linku spoj patri</comment>
<commentInRDBMS>na kterou linku spoj patri</commentInRDBMS>
<generatorID>789B6403-04D2-A720-4ED6-50429575CDC7</generatorID>
<ownerDesignName>plavebni-spolecnost</ownerDesignName>
<useDomainConstraints>false</useDomainConstraints>
<use>1</use>
<logicalDatatype>LOGDT019</logicalDatatype>
<dataTypePrecision>10</dataTypePrecision>
<dataTypeScale>0</dataTypeScale>
<delegate>A3DB7796-FE0B-AA7A-C417-C6CD47FB0BE8</delegate>
<previousColumn>false</previousColumn>
<autoIncrementCycle>false</autoIncrementCycle>
<associations>
<colAssociation fkAssociation="37BBEBD7-B70E-1CAC-D96D-3FDDF678E325" referredColumn="A3DB7796-FE0B-AA7A-C417-C6CD47FB0BE8"/>
</associations>
</Column>
<Column class="oracle.dbtools.crest.model.design.relational.Column" name="SPID" id="E7A365E6-5B39-5038-9386-3D61B9FAFCD0">
<createdBy>Halaska</createdBy>
<createdTime>2013-09-12 14:07:55 UTC</createdTime>
<comment>cislo spoje</comment>
<commentInRDBMS>cislo spoje</commentInRDBMS>
<generatorID>3FBCDF15-D96E-F937-B002-8EA1E13DEFBA</generatorID>
<ownerDesignName>plavebni-spolecnost</ownerDesignName>
<useDomainConstraints>false</useDomainConstraints>
<use>1</use>
<logicalDatatype>LOGDT019</logicalDatatype>
<dataTypePrecision>10</dataTypePrecision>
<dataTypeScale>0</dataTypeScale>
<previousColumn>false</previousColumn>
<autoIncrementCycle>false</autoIncrementCycle>
</Column>
<Column class="oracle.dbtools.crest.model.design.relational.Column" name="SCAS" id="EEE95E12-8C44-35ED-A2DF-F9C164BF4A3D">
<createdBy>Halaska</createdBy>
<createdTime>2013-09-12 14:07:55 UTC</createdTime>
<comment>cas v danem dni, kdy spoj vyjizdi na danou linku</comment>
<commentInRDBMS>cas v danem dni, kdy spoj vyjizdi na danou linku</commentInRDBMS>
<generatorID>7D59F42C-4E36-4418-64A9-92EF643F6FE2</generatorID>
<ownerDesignName>plavebni-spolecnost</ownerDesignName>
<nullsAllowed>true</nullsAllowed>
<useDomainConstraints>false</useDomainConstraints>
<use>1</use>
<logicalDatatype>LOGDT049</logicalDatatype>
<previousColumn>false</previousColumn>
<autoIncrementCycle>false</autoIncrementCycle>
</Column>
</columns>
<indexes>
<ind_PK_UK class="oracle.dbtools.crest.model.design.relational.Index" id="ACC53C93-D792-DB46-579A-0707F3A9BA7C" name="SPOJ_LID_SPID_PK">
<createdBy>Halaska</createdBy>
<createdTime>2013-09-12 14:07:55 UTC</createdTime>
<generatorID>D2B74C20-7A9F-06BB-F23E-560EDC093E5F</generatorID>
<ownerDesignName>plavebni-spolecnost</ownerDesignName>
<pk>true</pk>
<indexState>Primary Constraint</indexState>
<indexColumnUsage>
<colUsage columnID="05A67E7F-C67F-CDE2-8C64-71735B5E09C8"/>
<colUsage columnID="E7A365E6-5B39-5038-9386-3D61B9FAFCD0"/>
</indexColumnUsage>
</ind_PK_UK>
<ind_PK_UK class="oracle.dbtools.crest.model.design.relational.Index" id="D67E458D-F432-FEE5-2AF2-0192F2615339" name="je_na_lince">
<createdBy>Halaska</createdBy>
<createdTime>2013-09-12 14:07:55 UTC</createdTime>
<generatorID>50C7BF11-3271-98C7-FEF9-0A9B18AE9379</generatorID>
<ownerDesignName>plavebni-spolecnost</ownerDesignName>
<indexState>Foreign Key</indexState>
<indexColumnUsage>
<colUsage columnID="05A67E7F-C67F-CDE2-8C64-71735B5E09C8"/>
</indexColumnUsage>
</ind_PK_UK>
</indexes>
</Table>