<?xml version = '1.0' encoding = 'UTF-8'?>
<Table class="oracle.dbtools.crest.model.design.relational.Table" id="FB6E7E39-06D2-FD44-1F96-3F02255C0F99" directorySegmentName="seg_0" name="PLAVBA_S_PRUVODCEM">
<createdBy>Halaska</createdBy>
<createdTime>2013-09-12 14:07:55 UTC</createdTime>
<comment>kniha plaveb s pruvodcem pro daneho zakaznika. Plavna zacina v dany den a cas a konci v dany den a cas</comment>
<commentInRDBMS>kniha plaveb s pruvodcem pro daneho zakaznika. Plavna zacina v dany den a cas a konci v dany den a cas</commentInRDBMS>
<generatorID>C948D06C-3205-1699-B373-D7B23DC214B3</generatorID>
<ownerDesignName>plavebni-spolecnost</ownerDesignName>
<pkName>PLAVBA_VEDENA_PK</pkName>
<fonts>
<FontObject class="oracle.dbtools.crest.model.design.FontObjectWr">
<foType>Title</foType>
<fontStyle>1</fontStyle>
<colorRGB>-16776961</colorRGB>
</FontObject>
<FontObject class="oracle.dbtools.crest.model.design.FontObjectWr">
<foType>Column</foType>
<colorRGB>-16777216</colorRGB>
</FontObject>
<FontObject class="oracle.dbtools.crest.model.design.FontObjectWr">
<foType>Datatype</foType>
<colorRGB>-16744448</colorRGB>
</FontObject>
<FontObject class="oracle.dbtools.crest.model.design.FontObjectWr">
<foType>PK Element</foType>
<colorRGB>-16776961</colorRGB>
</FontObject>
<FontObject class="oracle.dbtools.crest.model.design.FontObjectWr">
<foType>FK Element</foType>
<colorRGB>-16777216</colorRGB>
</FontObject>
<FontObject class="oracle.dbtools.crest.model.design.FontObjectWr">
<foType>UK Element</foType>
<colorRGB>-16776961</colorRGB>
</FontObject>
<FontObject class="oracle.dbtools.crest.model.design.FontObjectWr">
<foType>Not Null</foType>
<colorRGB>-65536</colorRGB>
</FontObject>
<FontObject class="oracle.dbtools.crest.model.design.FontObjectWr">
<foType>Key</foType>
<colorRGB>-16777216</colorRGB>
</FontObject>
</fonts>
<columns>
<Column class="oracle.dbtools.crest.model.design.relational.Column" name="NID" id="A8A8BB56-07C4-BEAA-5AEA-20E17385C83A">
<createdBy>Halaska</createdBy>
<createdTime>2013-09-12 14:07:55 UTC</createdTime>
<comment>kteremu namornikovi kalendar patri</comment>
<generatorID>5C9DB30F-F1E3-2A3F-339E-31664AD873B4</generatorID>
<ownerDesignName>plavebni-spolecnost</ownerDesignName>
<useDomainConstraints>false</useDomainConstraints>
<use>1</use>
<logicalDatatype>LOGDT019</logicalDatatype>
<dataTypePrecision>10</dataTypePrecision>
<dataTypeScale>0</dataTypeScale>
<delegate>4A915827-6797-C26E-4D2B-6FD70CF84697</delegate>
<previousColumn>false</previousColumn>
<autoIncrementCycle>false</autoIncrementCycle>
<associations>
<colAssociation fkAssociation="20D550C6-1622-6447-555E-446522BB0E3D" referredColumn="4A915827-6797-C26E-4D2B-6FD70CF84697"/>
</associations>
</Column>
<Column class="oracle.dbtools.crest.model.design.relational.Column" name="Od" id="DAD62BE5-48B0-3FCD-FBEB-D3DE40450F4B">
<createdBy>Halaska</createdBy>
<createdTime>2013-09-12 14:07:55 UTC</createdTime>
<comment>den a cas, kdy nasazeni namornika zacina</comment>
<generatorID>E3BEF7EE-F8D4-BF8F-DBD9-7F13E5FBED96</generatorID>
<ownerDesignName>plavebni-spolecnost</ownerDesignName>
<useDomainConstraints>false</useDomainConstraints>
<use>1</use>
<logicalDatatype>LOGDT008</logicalDatatype>
<delegate>815E7FB3-E124-1B67-7156-886F8E146655</delegate>
<previousColumn>false</previousColumn>
<autoIncrementCycle>false</autoIncrementCycle>
<associations>
<colAssociation fkAssociation="20D550C6-1622-6447-555E-446522BB0E3D" referredColumn="815E7FB3-E124-1B67-7156-886F8E146655"/>
</associations>
</Column>
<Column class="oracle.dbtools.crest.model.design.relational.Column" name="do" id="1CB5FE53-669F-4CD6-4483-DF3AB269A949">
<createdBy>Halaska</createdBy>
<createdTime>2013-09-12 14:07:55 UTC</createdTime>
<comment>den a cas, kdy nasazeni namornika konci</comment>
<generatorID>7362216F-09C7-DEB7-C03B-978D2DE4E45E</generatorID>
<ownerDesignName>plavebni-spolecnost</ownerDesignName>
<useDomainConstraints>false</useDomainConstraints>
<use>1</use>
<logicalDatatype>LOGDT008</logicalDatatype>
<delegate>D5A4AEFB-EB3A-346C-33EE-33B085EF01A7</delegate>
<previousColumn>false</previousColumn>
<autoIncrementCycle>false</autoIncrementCycle>
<associations>
<colAssociation fkAssociation="20D550C6-1622-6447-555E-446522BB0E3D" referredColumn="D5A4AEFB-EB3A-346C-33EE-33B085EF01A7"/>
</associations>
</Column>
<Column class="oracle.dbtools.crest.model.design.relational.Column" name="LODID" id="1F0DE2C8-36BF-157C-2185-7285E0AB7003">
<createdBy>Halaska</createdBy>
<createdTime>2013-09-12 14:07:55 UTC</createdTime>
<comment>identifikator lod, pod ktery je lod evidovana</comment>
<generatorID>FAB3B287-58C2-D2C5-01C6-CA699A468573</generatorID>
<ownerDesignName>plavebni-spolecnost</ownerDesignName>
<useDomainConstraints>false</useDomainConstraints>
<use>1</use>
<logicalDatatype>LOGDT019</logicalDatatype>
<dataTypePrecision>10</dataTypePrecision>
<dataTypeScale>0</dataTypeScale>
<delegate>6385B85D-9936-A690-32CB-FC55909BD6E7</delegate>
<previousColumn>false</previousColumn>
<autoIncrementCycle>false</autoIncrementCycle>
<associations>
<colAssociation fkAssociation="C1FD2005-A1F4-1026-2610-58DD92DBBF88" referredColumn="6385B85D-9936-A690-32CB-FC55909BD6E7"/>
</associations>
</Column>
<Column class="oracle.dbtools.crest.model.design.relational.Column" name="ZID" id="449A667E-B8FF-BEAD-1E10-0F9AA1D0544C">
<createdBy>Halaska</createdBy>
<createdTime>2013-09-12 14:07:55 UTC</createdTime>
<comment>identifikator zakaznika</comment>
<generatorID>441CA71D-0AAE-44EF-D94C-12FE4FB9AB32</generatorID>
<ownerDesignName>plavebni-spolecnost</ownerDesignName>
<useDomainConstraints>false</useDomainConstraints>
<use>1</use>
<logicalDatatype>LOGDT019</logicalDatatype>
<dataTypePrecision>10</dataTypePrecision>
<dataTypeScale>0</dataTypeScale>
<delegate>4E9C5DA3-6330-F0BE-FEDB-6BD1CB9EF439</delegate>
<previousColumn>false</previousColumn>
<autoIncrementCycle>false</autoIncrementCycle>
<associations>
<colAssociation fkAssociation="34BD3801-B7B9-61BD-4E1D-A4C82F1DB885" referredColumn="4E9C5DA3-6330-F0BE-FEDB-6BD1CB9EF439"/>
</associations>
</Column>
</columns>
<indexes>
<ind_PK_UK class="oracle.dbtools.crest.model.design.relational.Index" id="7E3ABC21-7741-9E05-DF57-C0DD392B58FD" name="PLAVBA_VEDENA_PK">
<createdBy>Halaska</createdBy>
<createdTime>2013-09-12 14:07:55 UTC</createdTime>
<generatorID>F3175AF0-3E40-E196-F9AE-03E1E14DEFE7</generatorID>
<ownerDesignName>plavebni-spolecnost</ownerDesignName>
<pk>true</pk>
<indexState>Primary Constraint</indexState>
<indexColumnUsage>
<colUsage columnID="A8A8BB56-07C4-BEAA-5AEA-20E17385C83A"/>
<colUsage columnID="DAD62BE5-48B0-3FCD-FBEB-D3DE40450F4B"/>
<colUsage columnID="1CB5FE53-669F-4CD6-4483-DF3AB269A949"/>
<colUsage columnID="1F0DE2C8-36BF-157C-2185-7285E0AB7003"/>
<colUsage columnID="449A667E-B8FF-BEAD-1E10-0F9AA1D0544C"/>
</indexColumnUsage>
</ind_PK_UK>
<ind_PK_UK class="oracle.dbtools.crest.model.design.relational.Index" id="7C951AD3-9655-CB62-9B6E-ED2AE2B7C233" name="PLAVBA_S_PRUVODCEM__IDX">
<createdBy>Halaska</createdBy>
<createdTime>2013-09-12 14:07:55 UTC</createdTime>
<ownerDesignName>plavebni-spolecnost</ownerDesignName>
<indexState>Unique Plain Index</indexState>
<indexColumnUsage>
<colUsage columnID="A8A8BB56-07C4-BEAA-5AEA-20E17385C83A"/>
<colUsage columnID="DAD62BE5-48B0-3FCD-FBEB-D3DE40450F4B"/>
<colUsage columnID="1CB5FE53-669F-4CD6-4483-DF3AB269A949"/>
</indexColumnUsage>
</ind_PK_UK>
<ind_PK_UK class="oracle.dbtools.crest.model.design.relational.Index" id="7A4F7C58-24A4-CF6D-BC5A-1CD103968ACF" name="plavi_se_kdo">
<createdBy>Halaska</createdBy>
<createdTime>2013-09-12 14:07:55 UTC</createdTime>
<generatorID>724ABF60-0850-47CB-10E7-6CF1347AFF74</generatorID>
<ownerDesignName>plavebni-spolecnost</ownerDesignName>
<indexState>Foreign Key</indexState>
<indexColumnUsage>
<colUsage columnID="449A667E-B8FF-BEAD-1E10-0F9AA1D0544C"/>
</indexColumnUsage>
</ind_PK_UK>
<ind_PK_UK class="oracle.dbtools.crest.model.design.relational.Index" id="49299472-81A7-A91C-1D0F-0A3C7DD919C2" name="plavi_se_na_cem">
<createdBy>Halaska</createdBy>
<createdTime>2013-09-12 14:07:55 UTC</createdTime>
<generatorID>0470AA3D-0F3B-0859-63DA-5E370D2ED597</generatorID>
<ownerDesignName>plavebni-spolecnost</ownerDesignName>
<indexState>Foreign Key</indexState>
<indexColumnUsage>
<colUsage columnID="1F0DE2C8-36BF-157C-2185-7285E0AB7003"/>
</indexColumnUsage>
</ind_PK_UK>
<ind_PK_UK class="oracle.dbtools.crest.model.design.relational.Index" id="C52B87E2-511B-119A-5893-459FB73E37E8" name="plavi_se_s_kym">
<createdBy>Halaska</createdBy>
<createdTime>2013-09-12 14:07:55 UTC</createdTime>
<generatorID>E2651FCB-A68D-75A7-5ABA-ED9CEFC04AED</generatorID>
<ownerDesignName>plavebni-spolecnost</ownerDesignName>
<indexState>Foreign Key</indexState>
<indexColumnUsage>
<colUsage columnID="A8A8BB56-07C4-BEAA-5AEA-20E17385C83A"/>
<colUsage columnID="DAD62BE5-48B0-3FCD-FBEB-D3DE40450F4B"/>
<colUsage columnID="1CB5FE53-669F-4CD6-4483-DF3AB269A949"/>
</indexColumnUsage>
</ind_PK_UK>
</indexes>
</Table>