--------------------------------------------------------
--  File created - Monday-December-07-2015   
--------------------------------------------------------
REM INSERTING into CUHELLUB.ATTENDANCE
SET DEFINE OFF;
Insert into CUHELLUB.ATTENDANCE (LATE,PRESENT,PLAYER_ID,EVENT_ID) values ('1','0',273,39);
Insert into CUHELLUB.ATTENDANCE (LATE,PRESENT,PLAYER_ID,EVENT_ID) values ('1','1',272,3);
Insert into CUHELLUB.ATTENDANCE (LATE,PRESENT,PLAYER_ID,EVENT_ID) values ('0','1',273,86);
Insert into CUHELLUB.ATTENDANCE (LATE,PRESENT,PLAYER_ID,EVENT_ID) values ('0','0',274,43);
Insert into CUHELLUB.ATTENDANCE (LATE,PRESENT,PLAYER_ID,EVENT_ID) values ('0','1',273,52);
Insert into CUHELLUB.ATTENDANCE (LATE,PRESENT,PLAYER_ID,EVENT_ID) values ('0','0',275,34);
Insert into CUHELLUB.ATTENDANCE (LATE,PRESENT,PLAYER_ID,EVENT_ID) values ('1','1',279,83);
Insert into CUHELLUB.ATTENDANCE (LATE,PRESENT,PLAYER_ID,EVENT_ID) values ('0','1',274,17);
Insert into CUHELLUB.ATTENDANCE (LATE,PRESENT,PLAYER_ID,EVENT_ID) values ('1','0',280,11);
Insert into CUHELLUB.ATTENDANCE (LATE,PRESENT,PLAYER_ID,EVENT_ID) values ('0','0',276,7);
Insert into CUHELLUB.ATTENDANCE (LATE,PRESENT,PLAYER_ID,EVENT_ID) values ('1','0',271,88);
Insert into CUHELLUB.ATTENDANCE (LATE,PRESENT,PLAYER_ID,EVENT_ID) values ('1','1',278,3);
Insert into CUHELLUB.ATTENDANCE (LATE,PRESENT,PLAYER_ID,EVENT_ID) values ('0','1',271,26);
Insert into CUHELLUB.ATTENDANCE (LATE,PRESENT,PLAYER_ID,EVENT_ID) values ('0','0',277,84);
Insert into CUHELLUB.ATTENDANCE (LATE,PRESENT,PLAYER_ID,EVENT_ID) values ('0','1',280,68);
Insert into CUHELLUB.ATTENDANCE (LATE,PRESENT,PLAYER_ID,EVENT_ID) values ('0','0',276,61);
Insert into CUHELLUB.ATTENDANCE (LATE,PRESENT,PLAYER_ID,EVENT_ID) values ('1','0',274,43);
Insert into CUHELLUB.ATTENDANCE (LATE,PRESENT,PLAYER_ID,EVENT_ID) values ('0','0',275,38);
Insert into CUHELLUB.ATTENDANCE (LATE,PRESENT,PLAYER_ID,EVENT_ID) values ('0','1',272,29);
Insert into CUHELLUB.ATTENDANCE (LATE,PRESENT,PLAYER_ID,EVENT_ID) values ('0','1',277,68);
Insert into CUHELLUB.ATTENDANCE (LATE,PRESENT,PLAYER_ID,EVENT_ID) values ('0','1',279,80);
Insert into CUHELLUB.ATTENDANCE (LATE,PRESENT,PLAYER_ID,EVENT_ID) values ('0','1',280,83);
Insert into CUHELLUB.ATTENDANCE (LATE,PRESENT,PLAYER_ID,EVENT_ID) values ('0','1',274,38);
Insert into CUHELLUB.ATTENDANCE (LATE,PRESENT,PLAYER_ID,EVENT_ID) values ('1','0',279,82);
Insert into CUHELLUB.ATTENDANCE (LATE,PRESENT,PLAYER_ID,EVENT_ID) values ('1','1',273,6);
Insert into CUHELLUB.ATTENDANCE (LATE,PRESENT,PLAYER_ID,EVENT_ID) values ('1','0',275,29);
Insert into CUHELLUB.ATTENDANCE (LATE,PRESENT,PLAYER_ID,EVENT_ID) values ('1','0',277,34);
Insert into CUHELLUB.ATTENDANCE (LATE,PRESENT,PLAYER_ID,EVENT_ID) values ('1','1',278,14);
Insert into CUHELLUB.ATTENDANCE (LATE,PRESENT,PLAYER_ID,EVENT_ID) values ('0','1',273,70);
Insert into CUHELLUB.ATTENDANCE (LATE,PRESENT,PLAYER_ID,EVENT_ID) values ('0','1',274,61);
Insert into CUHELLUB.ATTENDANCE (LATE,PRESENT,PLAYER_ID,EVENT_ID) values ('1','1',277,21);
Insert into CUHELLUB.ATTENDANCE (LATE,PRESENT,PLAYER_ID,EVENT_ID) values ('0','0',272,66);
Insert into CUHELLUB.ATTENDANCE (LATE,PRESENT,PLAYER_ID,EVENT_ID) values ('1','1',280,38);
Insert into CUHELLUB.ATTENDANCE (LATE,PRESENT,PLAYER_ID,EVENT_ID) values ('1','0',278,87);
Insert into CUHELLUB.ATTENDANCE (LATE,PRESENT,PLAYER_ID,EVENT_ID) values ('0','1',276,95);
Insert into CUHELLUB.ATTENDANCE (LATE,PRESENT,PLAYER_ID,EVENT_ID) values ('0','1',277,73);
Insert into CUHELLUB.ATTENDANCE (LATE,PRESENT,PLAYER_ID,EVENT_ID) values ('0','0',274,28);
Insert into CUHELLUB.ATTENDANCE (LATE,PRESENT,PLAYER_ID,EVENT_ID) values ('0','1',272,20);
Insert into CUHELLUB.ATTENDANCE (LATE,PRESENT,PLAYER_ID,EVENT_ID) values ('1','1',277,62);
Insert into CUHELLUB.ATTENDANCE (LATE,PRESENT,PLAYER_ID,EVENT_ID) values ('0','1',278,26);
Insert into CUHELLUB.ATTENDANCE (LATE,PRESENT,PLAYER_ID,EVENT_ID) values ('0','1',278,38);
Insert into CUHELLUB.ATTENDANCE (LATE,PRESENT,PLAYER_ID,EVENT_ID) values ('0','0',279,37);
Insert into CUHELLUB.ATTENDANCE (LATE,PRESENT,PLAYER_ID,EVENT_ID) values ('0','1',274,25);
Insert into CUHELLUB.ATTENDANCE (LATE,PRESENT,PLAYER_ID,EVENT_ID) values ('0','1',275,65);
Insert into CUHELLUB.ATTENDANCE (LATE,PRESENT,PLAYER_ID,EVENT_ID) values ('1','1',276,88);
Insert into CUHELLUB.ATTENDANCE (LATE,PRESENT,PLAYER_ID,EVENT_ID) values ('1','0',275,3);
Insert into CUHELLUB.ATTENDANCE (LATE,PRESENT,PLAYER_ID,EVENT_ID) values ('0','1',275,56);
Insert into CUHELLUB.ATTENDANCE (LATE,PRESENT,PLAYER_ID,EVENT_ID) values ('0','1',275,33);
Insert into CUHELLUB.ATTENDANCE (LATE,PRESENT,PLAYER_ID,EVENT_ID) values ('0','1',275,24);
Insert into CUHELLUB.ATTENDANCE (LATE,PRESENT,PLAYER_ID,EVENT_ID) values ('0','1',276,19);
Insert into CUHELLUB.ATTENDANCE (LATE,PRESENT,PLAYER_ID,EVENT_ID) values ('1','1',277,47);
Insert into CUHELLUB.ATTENDANCE (LATE,PRESENT,PLAYER_ID,EVENT_ID) values ('0','0',280,14);
Insert into CUHELLUB.ATTENDANCE (LATE,PRESENT,PLAYER_ID,EVENT_ID) values ('0','1',275,90);
Insert into CUHELLUB.ATTENDANCE (LATE,PRESENT,PLAYER_ID,EVENT_ID) values ('1','1',273,59);
Insert into CUHELLUB.ATTENDANCE (LATE,PRESENT,PLAYER_ID,EVENT_ID) values ('1','1',275,3);
Insert into CUHELLUB.ATTENDANCE (LATE,PRESENT,PLAYER_ID,EVENT_ID) values ('1','1',273,67);
Insert into CUHELLUB.ATTENDANCE (LATE,PRESENT,PLAYER_ID,EVENT_ID) values ('1','0',272,17);
Insert into CUHELLUB.ATTENDANCE (LATE,PRESENT,PLAYER_ID,EVENT_ID) values ('0','1',280,70);
Insert into CUHELLUB.ATTENDANCE (LATE,PRESENT,PLAYER_ID,EVENT_ID) values ('0','1',273,39);
Insert into CUHELLUB.ATTENDANCE (LATE,PRESENT,PLAYER_ID,EVENT_ID) values ('0','1',279,14);
Insert into CUHELLUB.ATTENDANCE (LATE,PRESENT,PLAYER_ID,EVENT_ID) values ('0','1',279,55);
Insert into CUHELLUB.ATTENDANCE (LATE,PRESENT,PLAYER_ID,EVENT_ID) values ('0','0',276,84);
Insert into CUHELLUB.ATTENDANCE (LATE,PRESENT,PLAYER_ID,EVENT_ID) values ('0','0',277,17);
Insert into CUHELLUB.ATTENDANCE (LATE,PRESENT,PLAYER_ID,EVENT_ID) values ('1','0',271,29);
Insert into CUHELLUB.ATTENDANCE (LATE,PRESENT,PLAYER_ID,EVENT_ID) values ('1','0',274,89);
Insert into CUHELLUB.ATTENDANCE (LATE,PRESENT,PLAYER_ID,EVENT_ID) values ('0','0',278,7);
Insert into CUHELLUB.ATTENDANCE (LATE,PRESENT,PLAYER_ID,EVENT_ID) values ('0','1',278,97);
Insert into CUHELLUB.ATTENDANCE (LATE,PRESENT,PLAYER_ID,EVENT_ID) values ('0','0',279,65);
Insert into CUHELLUB.ATTENDANCE (LATE,PRESENT,PLAYER_ID,EVENT_ID) values ('1','0',276,40);
Insert into CUHELLUB.ATTENDANCE (LATE,PRESENT,PLAYER_ID,EVENT_ID) values ('1','1',277,56);
Insert into CUHELLUB.ATTENDANCE (LATE,PRESENT,PLAYER_ID,EVENT_ID) values ('0','1',276,67);
Insert into CUHELLUB.ATTENDANCE (LATE,PRESENT,PLAYER_ID,EVENT_ID) values ('0','0',276,71);
Insert into CUHELLUB.ATTENDANCE (LATE,PRESENT,PLAYER_ID,EVENT_ID) values ('0','0',280,35);
Insert into CUHELLUB.ATTENDANCE (LATE,PRESENT,PLAYER_ID,EVENT_ID) values ('1','1',273,58);
Insert into CUHELLUB.ATTENDANCE (LATE,PRESENT,PLAYER_ID,EVENT_ID) values ('0','1',279,50);
Insert into CUHELLUB.ATTENDANCE (LATE,PRESENT,PLAYER_ID,EVENT_ID) values ('0','0',274,19);
Insert into CUHELLUB.ATTENDANCE (LATE,PRESENT,PLAYER_ID,EVENT_ID) values ('1','1',272,67);
Insert into CUHELLUB.ATTENDANCE (LATE,PRESENT,PLAYER_ID,EVENT_ID) values ('0','1',272,58);
Insert into CUHELLUB.ATTENDANCE (LATE,PRESENT,PLAYER_ID,EVENT_ID) values ('0','0',275,5);
Insert into CUHELLUB.ATTENDANCE (LATE,PRESENT,PLAYER_ID,EVENT_ID) values ('0','0',280,89);
Insert into CUHELLUB.ATTENDANCE (LATE,PRESENT,PLAYER_ID,EVENT_ID) values ('1','0',273,51);
Insert into CUHELLUB.ATTENDANCE (LATE,PRESENT,PLAYER_ID,EVENT_ID) values ('0','1',271,9);
Insert into CUHELLUB.ATTENDANCE (LATE,PRESENT,PLAYER_ID,EVENT_ID) values ('1','0',272,8);
Insert into CUHELLUB.ATTENDANCE (LATE,PRESENT,PLAYER_ID,EVENT_ID) values ('1','0',272,88);
Insert into CUHELLUB.ATTENDANCE (LATE,PRESENT,PLAYER_ID,EVENT_ID) values ('0','0',274,6);
Insert into CUHELLUB.ATTENDANCE (LATE,PRESENT,PLAYER_ID,EVENT_ID) values ('0','1',277,58);
Insert into CUHELLUB.ATTENDANCE (LATE,PRESENT,PLAYER_ID,EVENT_ID) values ('0','1',280,77);
Insert into CUHELLUB.ATTENDANCE (LATE,PRESENT,PLAYER_ID,EVENT_ID) values ('1','0',279,82);
Insert into CUHELLUB.ATTENDANCE (LATE,PRESENT,PLAYER_ID,EVENT_ID) values ('1','1',276,46);
Insert into CUHELLUB.ATTENDANCE (LATE,PRESENT,PLAYER_ID,EVENT_ID) values ('1','1',273,43);
Insert into CUHELLUB.ATTENDANCE (LATE,PRESENT,PLAYER_ID,EVENT_ID) values ('1','0',271,9);
Insert into CUHELLUB.ATTENDANCE (LATE,PRESENT,PLAYER_ID,EVENT_ID) values ('1','0',275,38);
Insert into CUHELLUB.ATTENDANCE (LATE,PRESENT,PLAYER_ID,EVENT_ID) values ('0','1',273,28);
Insert into CUHELLUB.ATTENDANCE (LATE,PRESENT,PLAYER_ID,EVENT_ID) values ('1','0',275,96);
Insert into CUHELLUB.ATTENDANCE (LATE,PRESENT,PLAYER_ID,EVENT_ID) values ('0','1',279,71);
Insert into CUHELLUB.ATTENDANCE (LATE,PRESENT,PLAYER_ID,EVENT_ID) values ('1','1',277,58);
Insert into CUHELLUB.ATTENDANCE (LATE,PRESENT,PLAYER_ID,EVENT_ID) values ('1','0',272,15);
Insert into CUHELLUB.ATTENDANCE (LATE,PRESENT,PLAYER_ID,EVENT_ID) values ('0','0',280,20);
Insert into CUHELLUB.ATTENDANCE (LATE,PRESENT,PLAYER_ID,EVENT_ID) values ('1','1',276,37);
Insert into CUHELLUB.ATTENDANCE (LATE,PRESENT,PLAYER_ID,EVENT_ID) values ('0','0',275,10);
Insert into CUHELLUB.ATTENDANCE (LATE,PRESENT,PLAYER_ID,EVENT_ID) values ('0','0',287,156);
Insert into CUHELLUB.ATTENDANCE (LATE,PRESENT,PLAYER_ID,EVENT_ID) values ('1','1',285,141);
Insert into CUHELLUB.ATTENDANCE (LATE,PRESENT,PLAYER_ID,EVENT_ID) values ('0','1',281,157);
Insert into CUHELLUB.ATTENDANCE (LATE,PRESENT,PLAYER_ID,EVENT_ID) values ('1','1',289,117);
Insert into CUHELLUB.ATTENDANCE (LATE,PRESENT,PLAYER_ID,EVENT_ID) values ('0','0',287,133);
Insert into CUHELLUB.ATTENDANCE (LATE,PRESENT,PLAYER_ID,EVENT_ID) values ('1','0',281,190);
Insert into CUHELLUB.ATTENDANCE (LATE,PRESENT,PLAYER_ID,EVENT_ID) values ('1','0',286,195);
Insert into CUHELLUB.ATTENDANCE (LATE,PRESENT,PLAYER_ID,EVENT_ID) values ('0','1',289,118);
Insert into CUHELLUB.ATTENDANCE (LATE,PRESENT,PLAYER_ID,EVENT_ID) values ('1','0',282,141);
Insert into CUHELLUB.ATTENDANCE (LATE,PRESENT,PLAYER_ID,EVENT_ID) values ('1','1',289,172);
Insert into CUHELLUB.ATTENDANCE (LATE,PRESENT,PLAYER_ID,EVENT_ID) values ('0','0',289,156);
Insert into CUHELLUB.ATTENDANCE (LATE,PRESENT,PLAYER_ID,EVENT_ID) values ('0','1',290,161);
Insert into CUHELLUB.ATTENDANCE (LATE,PRESENT,PLAYER_ID,EVENT_ID) values ('0','0',285,192);
Insert into CUHELLUB.ATTENDANCE (LATE,PRESENT,PLAYER_ID,EVENT_ID) values ('0','0',284,157);
Insert into CUHELLUB.ATTENDANCE (LATE,PRESENT,PLAYER_ID,EVENT_ID) values ('1','0',281,113);
Insert into CUHELLUB.ATTENDANCE (LATE,PRESENT,PLAYER_ID,EVENT_ID) values ('1','1',286,156);
Insert into CUHELLUB.ATTENDANCE (LATE,PRESENT,PLAYER_ID,EVENT_ID) values ('0','0',282,182);
Insert into CUHELLUB.ATTENDANCE (LATE,PRESENT,PLAYER_ID,EVENT_ID) values ('0','1',289,131);
Insert into CUHELLUB.ATTENDANCE (LATE,PRESENT,PLAYER_ID,EVENT_ID) values ('0','0',282,141);
Insert into CUHELLUB.ATTENDANCE (LATE,PRESENT,PLAYER_ID,EVENT_ID) values ('1','0',288,197);
Insert into CUHELLUB.ATTENDANCE (LATE,PRESENT,PLAYER_ID,EVENT_ID) values ('1','1',281,168);
Insert into CUHELLUB.ATTENDANCE (LATE,PRESENT,PLAYER_ID,EVENT_ID) values ('0','0',288,100);
Insert into CUHELLUB.ATTENDANCE (LATE,PRESENT,PLAYER_ID,EVENT_ID) values ('0','1',286,179);
Insert into CUHELLUB.ATTENDANCE (LATE,PRESENT,PLAYER_ID,EVENT_ID) values ('1','1',290,176);
Insert into CUHELLUB.ATTENDANCE (LATE,PRESENT,PLAYER_ID,EVENT_ID) values ('0','0',285,176);
Insert into CUHELLUB.ATTENDANCE (LATE,PRESENT,PLAYER_ID,EVENT_ID) values ('1','1',289,184);
Insert into CUHELLUB.ATTENDANCE (LATE,PRESENT,PLAYER_ID,EVENT_ID) values ('1','0',283,135);
Insert into CUHELLUB.ATTENDANCE (LATE,PRESENT,PLAYER_ID,EVENT_ID) values ('1','1',281,172);
Insert into CUHELLUB.ATTENDANCE (LATE,PRESENT,PLAYER_ID,EVENT_ID) values ('0','0',281,149);
Insert into CUHELLUB.ATTENDANCE (LATE,PRESENT,PLAYER_ID,EVENT_ID) values ('1','0',282,106);
Insert into CUHELLUB.ATTENDANCE (LATE,PRESENT,PLAYER_ID,EVENT_ID) values ('1','0',289,140);
Insert into CUHELLUB.ATTENDANCE (LATE,PRESENT,PLAYER_ID,EVENT_ID) values ('1','1',287,186);
Insert into CUHELLUB.ATTENDANCE (LATE,PRESENT,PLAYER_ID,EVENT_ID) values ('1','1',288,159);
Insert into CUHELLUB.ATTENDANCE (LATE,PRESENT,PLAYER_ID,EVENT_ID) values ('1','0',286,154);
Insert into CUHELLUB.ATTENDANCE (LATE,PRESENT,PLAYER_ID,EVENT_ID) values ('1','0',281,168);
Insert into CUHELLUB.ATTENDANCE (LATE,PRESENT,PLAYER_ID,EVENT_ID) values ('0','0',288,198);
Insert into CUHELLUB.ATTENDANCE (LATE,PRESENT,PLAYER_ID,EVENT_ID) values ('1','0',289,190);
Insert into CUHELLUB.ATTENDANCE (LATE,PRESENT,PLAYER_ID,EVENT_ID) values ('0','0',281,147);
Insert into CUHELLUB.ATTENDANCE (LATE,PRESENT,PLAYER_ID,EVENT_ID) values ('1','0',283,105);
Insert into CUHELLUB.ATTENDANCE (LATE,PRESENT,PLAYER_ID,EVENT_ID) values ('0','0',288,155);
Insert into CUHELLUB.ATTENDANCE (LATE,PRESENT,PLAYER_ID,EVENT_ID) values ('0','1',287,137);
Insert into CUHELLUB.ATTENDANCE (LATE,PRESENT,PLAYER_ID,EVENT_ID) values ('0','1',288,186);
Insert into CUHELLUB.ATTENDANCE (LATE,PRESENT,PLAYER_ID,EVENT_ID) values ('0','1',286,198);
Insert into CUHELLUB.ATTENDANCE (LATE,PRESENT,PLAYER_ID,EVENT_ID) values ('1','0',286,179);
Insert into CUHELLUB.ATTENDANCE (LATE,PRESENT,PLAYER_ID,EVENT_ID) values ('0','0',289,111);
Insert into CUHELLUB.ATTENDANCE (LATE,PRESENT,PLAYER_ID,EVENT_ID) values ('1','0',290,189);
Insert into CUHELLUB.ATTENDANCE (LATE,PRESENT,PLAYER_ID,EVENT_ID) values ('1','0',288,102);
Insert into CUHELLUB.ATTENDANCE (LATE,PRESENT,PLAYER_ID,EVENT_ID) values ('1','0',288,172);
Insert into CUHELLUB.ATTENDANCE (LATE,PRESENT,PLAYER_ID,EVENT_ID) values ('0','1',286,131);
Insert into CUHELLUB.ATTENDANCE (LATE,PRESENT,PLAYER_ID,EVENT_ID) values ('0','1',286,117);
Insert into CUHELLUB.ATTENDANCE (LATE,PRESENT,PLAYER_ID,EVENT_ID) values ('0','0',282,178);
Insert into CUHELLUB.ATTENDANCE (LATE,PRESENT,PLAYER_ID,EVENT_ID) values ('0','1',283,100);
Insert into CUHELLUB.ATTENDANCE (LATE,PRESENT,PLAYER_ID,EVENT_ID) values ('1','1',289,152);
Insert into CUHELLUB.ATTENDANCE (LATE,PRESENT,PLAYER_ID,EVENT_ID) values ('1','1',286,102);
Insert into CUHELLUB.ATTENDANCE (LATE,PRESENT,PLAYER_ID,EVENT_ID) values ('1','0',286,185);
Insert into CUHELLUB.ATTENDANCE (LATE,PRESENT,PLAYER_ID,EVENT_ID) values ('1','0',288,183);
Insert into CUHELLUB.ATTENDANCE (LATE,PRESENT,PLAYER_ID,EVENT_ID) values ('1','1',281,166);
Insert into CUHELLUB.ATTENDANCE (LATE,PRESENT,PLAYER_ID,EVENT_ID) values ('0','0',283,178);
Insert into CUHELLUB.ATTENDANCE (LATE,PRESENT,PLAYER_ID,EVENT_ID) values ('1','0',285,116);
Insert into CUHELLUB.ATTENDANCE (LATE,PRESENT,PLAYER_ID,EVENT_ID) values ('1','0',286,124);
Insert into CUHELLUB.ATTENDANCE (LATE,PRESENT,PLAYER_ID,EVENT_ID) values ('0','1',290,125);
Insert into CUHELLUB.ATTENDANCE (LATE,PRESENT,PLAYER_ID,EVENT_ID) values ('1','0',283,192);
Insert into CUHELLUB.ATTENDANCE (LATE,PRESENT,PLAYER_ID,EVENT_ID) values ('0','1',289,193);
Insert into CUHELLUB.ATTENDANCE (LATE,PRESENT,PLAYER_ID,EVENT_ID) values ('1','1',286,100);
Insert into CUHELLUB.ATTENDANCE (LATE,PRESENT,PLAYER_ID,EVENT_ID) values ('0','1',290,134);
Insert into CUHELLUB.ATTENDANCE (LATE,PRESENT,PLAYER_ID,EVENT_ID) values ('1','1',285,181);
Insert into CUHELLUB.ATTENDANCE (LATE,PRESENT,PLAYER_ID,EVENT_ID) values ('0','0',286,197);
Insert into CUHELLUB.ATTENDANCE (LATE,PRESENT,PLAYER_ID,EVENT_ID) values ('1','0',282,140);
Insert into CUHELLUB.ATTENDANCE (LATE,PRESENT,PLAYER_ID,EVENT_ID) values ('0','0',281,117);
Insert into CUHELLUB.ATTENDANCE (LATE,PRESENT,PLAYER_ID,EVENT_ID) values ('0','1',287,192);
Insert into CUHELLUB.ATTENDANCE (LATE,PRESENT,PLAYER_ID,EVENT_ID) values ('1','1',286,112);
Insert into CUHELLUB.ATTENDANCE (LATE,PRESENT,PLAYER_ID,EVENT_ID) values ('0','0',289,159);
Insert into CUHELLUB.ATTENDANCE (LATE,PRESENT,PLAYER_ID,EVENT_ID) values ('0','0',290,111);
Insert into CUHELLUB.ATTENDANCE (LATE,PRESENT,PLAYER_ID,EVENT_ID) values ('1','0',285,108);
Insert into CUHELLUB.ATTENDANCE (LATE,PRESENT,PLAYER_ID,EVENT_ID) values ('1','1',286,106);
Insert into CUHELLUB.ATTENDANCE (LATE,PRESENT,PLAYER_ID,EVENT_ID) values ('0','0',284,133);
Insert into CUHELLUB.ATTENDANCE (LATE,PRESENT,PLAYER_ID,EVENT_ID) values ('1','1',285,169);
Insert into CUHELLUB.ATTENDANCE (LATE,PRESENT,PLAYER_ID,EVENT_ID) values ('1','0',288,106);
Insert into CUHELLUB.ATTENDANCE (LATE,PRESENT,PLAYER_ID,EVENT_ID) values ('0','1',284,113);
Insert into CUHELLUB.ATTENDANCE (LATE,PRESENT,PLAYER_ID,EVENT_ID) values ('1','1',285,112);
Insert into CUHELLUB.ATTENDANCE (LATE,PRESENT,PLAYER_ID,EVENT_ID) values ('1','1',286,118);
Insert into CUHELLUB.ATTENDANCE (LATE,PRESENT,PLAYER_ID,EVENT_ID) values ('0','0',281,154);
Insert into CUHELLUB.ATTENDANCE (LATE,PRESENT,PLAYER_ID,EVENT_ID) values ('0','0',285,127);
Insert into CUHELLUB.ATTENDANCE (LATE,PRESENT,PLAYER_ID,EVENT_ID) values ('0','1',283,177);
Insert into CUHELLUB.ATTENDANCE (LATE,PRESENT,PLAYER_ID,EVENT_ID) values ('1','1',286,115);
Insert into CUHELLUB.ATTENDANCE (LATE,PRESENT,PLAYER_ID,EVENT_ID) values ('0','1',286,118);
Insert into CUHELLUB.ATTENDANCE (LATE,PRESENT,PLAYER_ID,EVENT_ID) values ('0','1',283,185);
Insert into CUHELLUB.ATTENDANCE (LATE,PRESENT,PLAYER_ID,EVENT_ID) values ('1','0',288,121);
Insert into CUHELLUB.ATTENDANCE (LATE,PRESENT,PLAYER_ID,EVENT_ID) values ('1','1',284,148);
Insert into CUHELLUB.ATTENDANCE (LATE,PRESENT,PLAYER_ID,EVENT_ID) values ('0','1',283,137);
Insert into CUHELLUB.ATTENDANCE (LATE,PRESENT,PLAYER_ID,EVENT_ID) values ('1','1',289,112);
Insert into CUHELLUB.ATTENDANCE (LATE,PRESENT,PLAYER_ID,EVENT_ID) values ('1','0',284,193);
Insert into CUHELLUB.ATTENDANCE (LATE,PRESENT,PLAYER_ID,EVENT_ID) values ('0','1',289,127);
Insert into CUHELLUB.ATTENDANCE (LATE,PRESENT,PLAYER_ID,EVENT_ID) values ('0','1',285,147);
Insert into CUHELLUB.ATTENDANCE (LATE,PRESENT,PLAYER_ID,EVENT_ID) values ('0','1',281,141);
Insert into CUHELLUB.ATTENDANCE (LATE,PRESENT,PLAYER_ID,EVENT_ID) values ('1','1',289,198);
Insert into CUHELLUB.ATTENDANCE (LATE,PRESENT,PLAYER_ID,EVENT_ID) values ('1','0',288,141);
Insert into CUHELLUB.ATTENDANCE (LATE,PRESENT,PLAYER_ID,EVENT_ID) values ('1','1',284,175);
Insert into CUHELLUB.ATTENDANCE (LATE,PRESENT,PLAYER_ID,EVENT_ID) values ('0','1',286,135);
Insert into CUHELLUB.ATTENDANCE (LATE,PRESENT,PLAYER_ID,EVENT_ID) values ('0','0',282,106);
Insert into CUHELLUB.ATTENDANCE (LATE,PRESENT,PLAYER_ID,EVENT_ID) values ('1','0',293,271);
Insert into CUHELLUB.ATTENDANCE (LATE,PRESENT,PLAYER_ID,EVENT_ID) values ('1','1',292,276);
Insert into CUHELLUB.ATTENDANCE (LATE,PRESENT,PLAYER_ID,EVENT_ID) values ('0','0',299,249);
Insert into CUHELLUB.ATTENDANCE (LATE,PRESENT,PLAYER_ID,EVENT_ID) values ('1','1',292,254);
Insert into CUHELLUB.ATTENDANCE (LATE,PRESENT,PLAYER_ID,EVENT_ID) values ('1','1',299,275);
Insert into CUHELLUB.ATTENDANCE (LATE,PRESENT,PLAYER_ID,EVENT_ID) values ('1','0',291,209);
Insert into CUHELLUB.ATTENDANCE (LATE,PRESENT,PLAYER_ID,EVENT_ID) values ('1','0',298,224);
Insert into CUHELLUB.ATTENDANCE (LATE,PRESENT,PLAYER_ID,EVENT_ID) values ('0','1',293,260);
Insert into CUHELLUB.ATTENDANCE (LATE,PRESENT,PLAYER_ID,EVENT_ID) values ('0','1',297,255);
Insert into CUHELLUB.ATTENDANCE (LATE,PRESENT,PLAYER_ID,EVENT_ID) values ('1','1',294,250);
Insert into CUHELLUB.ATTENDANCE (LATE,PRESENT,PLAYER_ID,EVENT_ID) values ('0','1',296,298);
Insert into CUHELLUB.ATTENDANCE (LATE,PRESENT,PLAYER_ID,EVENT_ID) values ('0','0',299,224);
Insert into CUHELLUB.ATTENDANCE (LATE,PRESENT,PLAYER_ID,EVENT_ID) values ('0','0',297,276);
Insert into CUHELLUB.ATTENDANCE (LATE,PRESENT,PLAYER_ID,EVENT_ID) values ('1','1',294,223);
Insert into CUHELLUB.ATTENDANCE (LATE,PRESENT,PLAYER_ID,EVENT_ID) values ('0','0',294,222);
Insert into CUHELLUB.ATTENDANCE (LATE,PRESENT,PLAYER_ID,EVENT_ID) values ('0','1',297,287);
Insert into CUHELLUB.ATTENDANCE (LATE,PRESENT,PLAYER_ID,EVENT_ID) values ('1','0',300,290);
Insert into CUHELLUB.ATTENDANCE (LATE,PRESENT,PLAYER_ID,EVENT_ID) values ('0','1',291,290);
Insert into CUHELLUB.ATTENDANCE (LATE,PRESENT,PLAYER_ID,EVENT_ID) values ('1','1',291,257);
Insert into CUHELLUB.ATTENDANCE (LATE,PRESENT,PLAYER_ID,EVENT_ID) values ('0','1',300,217);
Insert into CUHELLUB.ATTENDANCE (LATE,PRESENT,PLAYER_ID,EVENT_ID) values ('0','1',299,200);
Insert into CUHELLUB.ATTENDANCE (LATE,PRESENT,PLAYER_ID,EVENT_ID) values ('1','1',296,206);
Insert into CUHELLUB.ATTENDANCE (LATE,PRESENT,PLAYER_ID,EVENT_ID) values ('1','0',294,202);
Insert into CUHELLUB.ATTENDANCE (LATE,PRESENT,PLAYER_ID,EVENT_ID) values ('1','0',296,225);
Insert into CUHELLUB.ATTENDANCE (LATE,PRESENT,PLAYER_ID,EVENT_ID) values ('0','0',295,277);
Insert into CUHELLUB.ATTENDANCE (LATE,PRESENT,PLAYER_ID,EVENT_ID) values ('1','0',294,285);
Insert into CUHELLUB.ATTENDANCE (LATE,PRESENT,PLAYER_ID,EVENT_ID) values ('0','1',291,248);
Insert into CUHELLUB.ATTENDANCE (LATE,PRESENT,PLAYER_ID,EVENT_ID) values ('1','1',299,282);
Insert into CUHELLUB.ATTENDANCE (LATE,PRESENT,PLAYER_ID,EVENT_ID) values ('0','0',298,288);
Insert into CUHELLUB.ATTENDANCE (LATE,PRESENT,PLAYER_ID,EVENT_ID) values ('1','1',291,241);
Insert into CUHELLUB.ATTENDANCE (LATE,PRESENT,PLAYER_ID,EVENT_ID) values ('1','0',294,266);
Insert into CUHELLUB.ATTENDANCE (LATE,PRESENT,PLAYER_ID,EVENT_ID) values ('1','0',291,273);
Insert into CUHELLUB.ATTENDANCE (LATE,PRESENT,PLAYER_ID,EVENT_ID) values ('0','0',300,257);
Insert into CUHELLUB.ATTENDANCE (LATE,PRESENT,PLAYER_ID,EVENT_ID) values ('0','1',298,217);
Insert into CUHELLUB.ATTENDANCE (LATE,PRESENT,PLAYER_ID,EVENT_ID) values ('0','1',291,259);
Insert into CUHELLUB.ATTENDANCE (LATE,PRESENT,PLAYER_ID,EVENT_ID) values ('1','1',295,229);
Insert into CUHELLUB.ATTENDANCE (LATE,PRESENT,PLAYER_ID,EVENT_ID) values ('0','0',293,291);
Insert into CUHELLUB.ATTENDANCE (LATE,PRESENT,PLAYER_ID,EVENT_ID) values ('1','1',295,236);
Insert into CUHELLUB.ATTENDANCE (LATE,PRESENT,PLAYER_ID,EVENT_ID) values ('1','1',291,205);
Insert into CUHELLUB.ATTENDANCE (LATE,PRESENT,PLAYER_ID,EVENT_ID) values ('1','0',299,242);
Insert into CUHELLUB.ATTENDANCE (LATE,PRESENT,PLAYER_ID,EVENT_ID) values ('0','1',292,275);
Insert into CUHELLUB.ATTENDANCE (LATE,PRESENT,PLAYER_ID,EVENT_ID) values ('1','0',292,236);
Insert into CUHELLUB.ATTENDANCE (LATE,PRESENT,PLAYER_ID,EVENT_ID) values ('0','0',297,211);
Insert into CUHELLUB.ATTENDANCE (LATE,PRESENT,PLAYER_ID,EVENT_ID) values ('1','0',298,278);
Insert into CUHELLUB.ATTENDANCE (LATE,PRESENT,PLAYER_ID,EVENT_ID) values ('0','0',300,292);
Insert into CUHELLUB.ATTENDANCE (LATE,PRESENT,PLAYER_ID,EVENT_ID) values ('1','1',294,216);
Insert into CUHELLUB.ATTENDANCE (LATE,PRESENT,PLAYER_ID,EVENT_ID) values ('0','1',298,234);
Insert into CUHELLUB.ATTENDANCE (LATE,PRESENT,PLAYER_ID,EVENT_ID) values ('1','1',296,259);
Insert into CUHELLUB.ATTENDANCE (LATE,PRESENT,PLAYER_ID,EVENT_ID) values ('0','0',300,253);
Insert into CUHELLUB.ATTENDANCE (LATE,PRESENT,PLAYER_ID,EVENT_ID) values ('0','1',300,296);
Insert into CUHELLUB.ATTENDANCE (LATE,PRESENT,PLAYER_ID,EVENT_ID) values ('0','0',299,281);
Insert into CUHELLUB.ATTENDANCE (LATE,PRESENT,PLAYER_ID,EVENT_ID) values ('0','0',293,223);
Insert into CUHELLUB.ATTENDANCE (LATE,PRESENT,PLAYER_ID,EVENT_ID) values ('0','1',297,253);
Insert into CUHELLUB.ATTENDANCE (LATE,PRESENT,PLAYER_ID,EVENT_ID) values ('1','1',300,206);
Insert into CUHELLUB.ATTENDANCE (LATE,PRESENT,PLAYER_ID,EVENT_ID) values ('1','1',295,254);
Insert into CUHELLUB.ATTENDANCE (LATE,PRESENT,PLAYER_ID,EVENT_ID) values ('1','0',293,291);
Insert into CUHELLUB.ATTENDANCE (LATE,PRESENT,PLAYER_ID,EVENT_ID) values ('1','0',291,249);
Insert into CUHELLUB.ATTENDANCE (LATE,PRESENT,PLAYER_ID,EVENT_ID) values ('0','0',299,252);
Insert into CUHELLUB.ATTENDANCE (LATE,PRESENT,PLAYER_ID,EVENT_ID) values ('1','1',293,230);
Insert into CUHELLUB.ATTENDANCE (LATE,PRESENT,PLAYER_ID,EVENT_ID) values ('1','1',299,202);
Insert into CUHELLUB.ATTENDANCE (LATE,PRESENT,PLAYER_ID,EVENT_ID) values ('1','1',294,289);
Insert into CUHELLUB.ATTENDANCE (LATE,PRESENT,PLAYER_ID,EVENT_ID) values ('0','0',298,207);
Insert into CUHELLUB.ATTENDANCE (LATE,PRESENT,PLAYER_ID,EVENT_ID) values ('0','1',298,267);
Insert into CUHELLUB.ATTENDANCE (LATE,PRESENT,PLAYER_ID,EVENT_ID) values ('0','0',296,274);
Insert into CUHELLUB.ATTENDANCE (LATE,PRESENT,PLAYER_ID,EVENT_ID) values ('1','1',292,294);
Insert into CUHELLUB.ATTENDANCE (LATE,PRESENT,PLAYER_ID,EVENT_ID) values ('0','1',293,293);
Insert into CUHELLUB.ATTENDANCE (LATE,PRESENT,PLAYER_ID,EVENT_ID) values ('1','0',294,280);
Insert into CUHELLUB.ATTENDANCE (LATE,PRESENT,PLAYER_ID,EVENT_ID) values ('0','0',295,268);
Insert into CUHELLUB.ATTENDANCE (LATE,PRESENT,PLAYER_ID,EVENT_ID) values ('1','0',295,258);
Insert into CUHELLUB.ATTENDANCE (LATE,PRESENT,PLAYER_ID,EVENT_ID) values ('1','0',294,251);
Insert into CUHELLUB.ATTENDANCE (LATE,PRESENT,PLAYER_ID,EVENT_ID) values ('1','0',298,210);
Insert into CUHELLUB.ATTENDANCE (LATE,PRESENT,PLAYER_ID,EVENT_ID) values ('1','0',300,278);
Insert into CUHELLUB.ATTENDANCE (LATE,PRESENT,PLAYER_ID,EVENT_ID) values ('0','1',298,270);
Insert into CUHELLUB.ATTENDANCE (LATE,PRESENT,PLAYER_ID,EVENT_ID) values ('1','1',296,275);
Insert into CUHELLUB.ATTENDANCE (LATE,PRESENT,PLAYER_ID,EVENT_ID) values ('1','0',296,235);
Insert into CUHELLUB.ATTENDANCE (LATE,PRESENT,PLAYER_ID,EVENT_ID) values ('0','0',294,290);
Insert into CUHELLUB.ATTENDANCE (LATE,PRESENT,PLAYER_ID,EVENT_ID) values ('0','0',300,269);
Insert into CUHELLUB.ATTENDANCE (LATE,PRESENT,PLAYER_ID,EVENT_ID) values ('0','0',292,251);
Insert into CUHELLUB.ATTENDANCE (LATE,PRESENT,PLAYER_ID,EVENT_ID) values ('0','1',299,258);
Insert into CUHELLUB.ATTENDANCE (LATE,PRESENT,PLAYER_ID,EVENT_ID) values ('0','0',294,281);
Insert into CUHELLUB.ATTENDANCE (LATE,PRESENT,PLAYER_ID,EVENT_ID) values ('0','1',300,201);
Insert into CUHELLUB.ATTENDANCE (LATE,PRESENT,PLAYER_ID,EVENT_ID) values ('1','0',298,240);
Insert into CUHELLUB.ATTENDANCE (LATE,PRESENT,PLAYER_ID,EVENT_ID) values ('0','0',293,275);
Insert into CUHELLUB.ATTENDANCE (LATE,PRESENT,PLAYER_ID,EVENT_ID) values ('0','1',294,245);
Insert into CUHELLUB.ATTENDANCE (LATE,PRESENT,PLAYER_ID,EVENT_ID) values ('0','1',294,260);
Insert into CUHELLUB.ATTENDANCE (LATE,PRESENT,PLAYER_ID,EVENT_ID) values ('0','1',293,286);
Insert into CUHELLUB.ATTENDANCE (LATE,PRESENT,PLAYER_ID,EVENT_ID) values ('1','1',291,291);
Insert into CUHELLUB.ATTENDANCE (LATE,PRESENT,PLAYER_ID,EVENT_ID) values ('0','0',293,216);
Insert into CUHELLUB.ATTENDANCE (LATE,PRESENT,PLAYER_ID,EVENT_ID) values ('1','1',291,249);
Insert into CUHELLUB.ATTENDANCE (LATE,PRESENT,PLAYER_ID,EVENT_ID) values ('1','0',295,288);
Insert into CUHELLUB.ATTENDANCE (LATE,PRESENT,PLAYER_ID,EVENT_ID) values ('1','1',291,259);
Insert into CUHELLUB.ATTENDANCE (LATE,PRESENT,PLAYER_ID,EVENT_ID) values ('0','1',299,207);
Insert into CUHELLUB.ATTENDANCE (LATE,PRESENT,PLAYER_ID,EVENT_ID) values ('1','1',295,267);
Insert into CUHELLUB.ATTENDANCE (LATE,PRESENT,PLAYER_ID,EVENT_ID) values ('1','1',293,247);
Insert into CUHELLUB.ATTENDANCE (LATE,PRESENT,PLAYER_ID,EVENT_ID) values ('0','0',299,222);
Insert into CUHELLUB.ATTENDANCE (LATE,PRESENT,PLAYER_ID,EVENT_ID) values ('1','1',300,284);
Insert into CUHELLUB.ATTENDANCE (LATE,PRESENT,PLAYER_ID,EVENT_ID) values ('0','0',294,222);
Insert into CUHELLUB.ATTENDANCE (LATE,PRESENT,PLAYER_ID,EVENT_ID) values ('0','0',300,297);
Insert into CUHELLUB.ATTENDANCE (LATE,PRESENT,PLAYER_ID,EVENT_ID) values ('1','0',296,232);
Insert into CUHELLUB.ATTENDANCE (LATE,PRESENT,PLAYER_ID,EVENT_ID) values ('0','0',300,298);
REM INSERTING into CUHELLUB.CATEGORY
SET DEFINE OFF;
Insert into CUHELLUB.CATEGORY (NAME,AGELIMIT) values ('BA                  ',null);
Insert into CUHELLUB.CATEGORY (NAME,AGELIMIT) values ('B21                 ',21);
Insert into CUHELLUB.CATEGORY (NAME,AGELIMIT) values ('B15                 ',15);
Insert into CUHELLUB.CATEGORY (NAME,AGELIMIT) values ('B13                 ',13);
Insert into CUHELLUB.CATEGORY (NAME,AGELIMIT) values ('SA                  ',null);
Insert into CUHELLUB.CATEGORY (NAME,AGELIMIT) values ('S15                 ',15);
REM INSERTING into CUHELLUB.COACH
SET DEFINE OFF;
Insert into CUHELLUB.COACH (ID,LICENCE,MEMBER_BIRTH_ID) values (1,1,1);
Insert into CUHELLUB.COACH (ID,LICENCE,MEMBER_BIRTH_ID) values (2,1,8);
Insert into CUHELLUB.COACH (ID,LICENCE,MEMBER_BIRTH_ID) values (3,2,15);
Insert into CUHELLUB.COACH (ID,LICENCE,MEMBER_BIRTH_ID) values (4,1,22);
Insert into CUHELLUB.COACH (ID,LICENCE,MEMBER_BIRTH_ID) values (5,3,29);
Insert into CUHELLUB.COACH (ID,LICENCE,MEMBER_BIRTH_ID) values (6,2,36);
Insert into CUHELLUB.COACH (ID,LICENCE,MEMBER_BIRTH_ID) values (7,3,43);
Insert into CUHELLUB.COACH (ID,LICENCE,MEMBER_BIRTH_ID) values (8,3,50);
Insert into CUHELLUB.COACH (ID,LICENCE,MEMBER_BIRTH_ID) values (9,3,57);
Insert into CUHELLUB.COACH (ID,LICENCE,MEMBER_BIRTH_ID) values (10,2,64);
Insert into CUHELLUB.COACH (ID,LICENCE,MEMBER_BIRTH_ID) values (11,2,71);
Insert into CUHELLUB.COACH (ID,LICENCE,MEMBER_BIRTH_ID) values (12,2,78);
Insert into CUHELLUB.COACH (ID,LICENCE,MEMBER_BIRTH_ID) values (13,1,85);
Insert into CUHELLUB.COACH (ID,LICENCE,MEMBER_BIRTH_ID) values (14,1,92);
Insert into CUHELLUB.COACH (ID,LICENCE,MEMBER_BIRTH_ID) values (15,2,99);
REM INSERTING into CUHELLUB.CONTACT
SET DEFINE OFF;
Insert into CUHELLUB.CONTACT (CONTACT,"comment",CONTACT_TYPE_SORTNAME,MEMBER_BIRTH_ID) values ('+420 032 580 591                                  ','neque.              ','MOB',52);
Insert into CUHELLUB.CONTACT (CONTACT,"comment",CONTACT_TYPE_SORTNAME,MEMBER_BIRTH_ID) values ('tortor.at.risus@vitae.edu                         ','fermentum           ','MAI',78);
Insert into CUHELLUB.CONTACT (CONTACT,"comment",CONTACT_TYPE_SORTNAME,MEMBER_BIRTH_ID) values ('parturient.montes@sapiencursus.co.uk              ','pede nec            ','MAI',10);
Insert into CUHELLUB.CONTACT (CONTACT,"comment",CONTACT_TYPE_SORTNAME,MEMBER_BIRTH_ID) values ('malesuada@Aeneanegestashendrerit.edu              ','eleifend vitae,     ','MAI',24);
Insert into CUHELLUB.CONTACT (CONTACT,"comment",CONTACT_TYPE_SORTNAME,MEMBER_BIRTH_ID) values ('Quisque@euelitNulla.org                           ','et                  ','MAI',5);
Insert into CUHELLUB.CONTACT (CONTACT,"comment",CONTACT_TYPE_SORTNAME,MEMBER_BIRTH_ID) values ('sit.amet@Etiam.edu                                ','Integer             ','MAI',97);
Insert into CUHELLUB.CONTACT (CONTACT,"comment",CONTACT_TYPE_SORTNAME,MEMBER_BIRTH_ID) values ('Cras@convalliserateget.ca                         ','non                 ','MAI',92);
Insert into CUHELLUB.CONTACT (CONTACT,"comment",CONTACT_TYPE_SORTNAME,MEMBER_BIRTH_ID) values ('orci@erat.com                                     ','lectus sit          ','MAI',14);
Insert into CUHELLUB.CONTACT (CONTACT,"comment",CONTACT_TYPE_SORTNAME,MEMBER_BIRTH_ID) values ('nec.leo.Morbi@interdumSed.edu                     ','amet massa.         ','MAI',43);
Insert into CUHELLUB.CONTACT (CONTACT,"comment",CONTACT_TYPE_SORTNAME,MEMBER_BIRTH_ID) values ('natoque.penatibus@odioAliquamvulputate.org        ','ornare              ','MAI',48);
Insert into CUHELLUB.CONTACT (CONTACT,"comment",CONTACT_TYPE_SORTNAME,MEMBER_BIRTH_ID) values ('in@nec.org                                        ','In mi               ','MAI',67);
Insert into CUHELLUB.CONTACT (CONTACT,"comment",CONTACT_TYPE_SORTNAME,MEMBER_BIRTH_ID) values ('nec.tempus@Cras.org                               ','sapien.             ','MAI',72);
Insert into CUHELLUB.CONTACT (CONTACT,"comment",CONTACT_TYPE_SORTNAME,MEMBER_BIRTH_ID) values ('justo.sit.amet@enim.edu                           ','Suspendisse         ','MAI',86);
Insert into CUHELLUB.CONTACT (CONTACT,"comment",CONTACT_TYPE_SORTNAME,MEMBER_BIRTH_ID) values ('aliquam.enim@liberoduinec.ca                      ','metus.              ','MAI',72);
Insert into CUHELLUB.CONTACT (CONTACT,"comment",CONTACT_TYPE_SORTNAME,MEMBER_BIRTH_ID) values ('auctor.odio@eueros.org                            ','Duis risus          ','MAI',13);
Insert into CUHELLUB.CONTACT (CONTACT,"comment",CONTACT_TYPE_SORTNAME,MEMBER_BIRTH_ID) values ('leo.in@metussit.co.uk                             ','sit                 ','MAI',90);
Insert into CUHELLUB.CONTACT (CONTACT,"comment",CONTACT_TYPE_SORTNAME,MEMBER_BIRTH_ID) values ('id@orciDonec.net                                  ','posuere, enim       ','MAI',95);
Insert into CUHELLUB.CONTACT (CONTACT,"comment",CONTACT_TYPE_SORTNAME,MEMBER_BIRTH_ID) values ('pede.ac.urna@pedeblandit.co.uk                    ','imperdiet           ','MAI',63);
Insert into CUHELLUB.CONTACT (CONTACT,"comment",CONTACT_TYPE_SORTNAME,MEMBER_BIRTH_ID) values ('Etiam.vestibulum.massa@volutpatnunc.org           ','hymenaeos.          ','MAI',81);
Insert into CUHELLUB.CONTACT (CONTACT,"comment",CONTACT_TYPE_SORTNAME,MEMBER_BIRTH_ID) values ('ut@urnanecluctus.net                              ','velit. Quisque      ','MAI',2);
Insert into CUHELLUB.CONTACT (CONTACT,"comment",CONTACT_TYPE_SORTNAME,MEMBER_BIRTH_ID) values ('enim.nec.tempus@Duisa.net                         ','quam,               ','MAI',89);
Insert into CUHELLUB.CONTACT (CONTACT,"comment",CONTACT_TYPE_SORTNAME,MEMBER_BIRTH_ID) values ('magna@duisemper.edu                               ','ullamcorper,        ','MAI',54);
Insert into CUHELLUB.CONTACT (CONTACT,"comment",CONTACT_TYPE_SORTNAME,MEMBER_BIRTH_ID) values ('Aenean@temporloremeget.net                        ','penatibus           ','MAI',86);
Insert into CUHELLUB.CONTACT (CONTACT,"comment",CONTACT_TYPE_SORTNAME,MEMBER_BIRTH_ID) values ('Proin.mi@quisturpisvitae.com                      ','lacinia             ','MAI',81);
Insert into CUHELLUB.CONTACT (CONTACT,"comment",CONTACT_TYPE_SORTNAME,MEMBER_BIRTH_ID) values ('fringilla.purus@nisiMauris.co.uk                  ','sem                 ','MAI',56);
Insert into CUHELLUB.CONTACT (CONTACT,"comment",CONTACT_TYPE_SORTNAME,MEMBER_BIRTH_ID) values ('ligula.eu@orciconsectetuereuismod.edu             ','pellentesque,       ','MAI',52);
Insert into CUHELLUB.CONTACT (CONTACT,"comment",CONTACT_TYPE_SORTNAME,MEMBER_BIRTH_ID) values ('id.risus.quis@gravidanuncsed.net                  ','Etiam ligula        ','MAI',91);
Insert into CUHELLUB.CONTACT (CONTACT,"comment",CONTACT_TYPE_SORTNAME,MEMBER_BIRTH_ID) values ('purus.gravida@duinec.ca                           ','adipiscing          ','MAI',82);
Insert into CUHELLUB.CONTACT (CONTACT,"comment",CONTACT_TYPE_SORTNAME,MEMBER_BIRTH_ID) values ('commodo.at@semconsequatnec.edu                    ','Ut tincidunt        ','MAI',9);
Insert into CUHELLUB.CONTACT (CONTACT,"comment",CONTACT_TYPE_SORTNAME,MEMBER_BIRTH_ID) values ('enim.Etiam.imperdiet@eleifendegestasSed.net       ','adipiscing          ','MAI',60);
Insert into CUHELLUB.CONTACT (CONTACT,"comment",CONTACT_TYPE_SORTNAME,MEMBER_BIRTH_ID) values ('id.mollis@veliteu.ca                              ','turpis              ','MAI',24);
Insert into CUHELLUB.CONTACT (CONTACT,"comment",CONTACT_TYPE_SORTNAME,MEMBER_BIRTH_ID) values ('mauris.a.nunc@liberodui.co.uk                     ','magna a             ','MAI',47);
Insert into CUHELLUB.CONTACT (CONTACT,"comment",CONTACT_TYPE_SORTNAME,MEMBER_BIRTH_ID) values ('lectus.ante@malesuada.org                         ','magnis              ','MAI',28);
Insert into CUHELLUB.CONTACT (CONTACT,"comment",CONTACT_TYPE_SORTNAME,MEMBER_BIRTH_ID) values ('vitae@ornarelectusjusto.edu                       ','mi                  ','MAI',20);
Insert into CUHELLUB.CONTACT (CONTACT,"comment",CONTACT_TYPE_SORTNAME,MEMBER_BIRTH_ID) values ('enim@duisemperet.com                              ','cursus              ','MAI',3);
Insert into CUHELLUB.CONTACT (CONTACT,"comment",CONTACT_TYPE_SORTNAME,MEMBER_BIRTH_ID) values ('nec@convallisdolorQuisque.ca                      ','Praesent            ','MAI',42);
Insert into CUHELLUB.CONTACT (CONTACT,"comment",CONTACT_TYPE_SORTNAME,MEMBER_BIRTH_ID) values ('Praesent.eu@vestibulum.net                        ','Lorem ipsum         ','MAI',11);
Insert into CUHELLUB.CONTACT (CONTACT,"comment",CONTACT_TYPE_SORTNAME,MEMBER_BIRTH_ID) values ('vulputate.lacus.Cras@euaccumsan.edu               ','cursus              ','MAI',17);
Insert into CUHELLUB.CONTACT (CONTACT,"comment",CONTACT_TYPE_SORTNAME,MEMBER_BIRTH_ID) values ('Donec.elementum.lorem@Aliquamornare.ca            ','a tortor.           ','MAI',61);
Insert into CUHELLUB.CONTACT (CONTACT,"comment",CONTACT_TYPE_SORTNAME,MEMBER_BIRTH_ID) values ('nisl.Nulla.eu@Phasellusataugue.co.uk              ','libero              ','MAI',55);
Insert into CUHELLUB.CONTACT (CONTACT,"comment",CONTACT_TYPE_SORTNAME,MEMBER_BIRTH_ID) values ('Nulla.tincidunt.neque@Crasdolor.ca                ','purus.              ','MAI',10);
Insert into CUHELLUB.CONTACT (CONTACT,"comment",CONTACT_TYPE_SORTNAME,MEMBER_BIRTH_ID) values ('Phasellus.in@ipsum.org                            ','lobortis risus.     ','MAI',48);
Insert into CUHELLUB.CONTACT (CONTACT,"comment",CONTACT_TYPE_SORTNAME,MEMBER_BIRTH_ID) values ('magna.a@necorciDonec.edu                          ','egestas.            ','MAI',80);
Insert into CUHELLUB.CONTACT (CONTACT,"comment",CONTACT_TYPE_SORTNAME,MEMBER_BIRTH_ID) values ('sem@interdumNuncsollicitudin.edu                  ','adipiscing elit.    ','MAI',54);
Insert into CUHELLUB.CONTACT (CONTACT,"comment",CONTACT_TYPE_SORTNAME,MEMBER_BIRTH_ID) values ('ullamcorper@Suspendisse.com                       ','tortor nibh         ','MAI',12);
Insert into CUHELLUB.CONTACT (CONTACT,"comment",CONTACT_TYPE_SORTNAME,MEMBER_BIRTH_ID) values ('tellus.Phasellus@necligula.org                    ','posuere cubilia     ','MAI',84);
Insert into CUHELLUB.CONTACT (CONTACT,"comment",CONTACT_TYPE_SORTNAME,MEMBER_BIRTH_ID) values ('sociis@sitamet.edu                                ','Duis                ','MAI',12);
Insert into CUHELLUB.CONTACT (CONTACT,"comment",CONTACT_TYPE_SORTNAME,MEMBER_BIRTH_ID) values ('ullamcorper@luctusetultrices.com                  ','ultrices, mauris    ','MAI',25);
Insert into CUHELLUB.CONTACT (CONTACT,"comment",CONTACT_TYPE_SORTNAME,MEMBER_BIRTH_ID) values ('ullamcorper@acarcu.ca                             ','elit. Nulla         ','MAI',90);
Insert into CUHELLUB.CONTACT (CONTACT,"comment",CONTACT_TYPE_SORTNAME,MEMBER_BIRTH_ID) values ('ac.mattis.velit@acmieleifend.edu                  ','sed tortor.         ','MAI',32);
Insert into CUHELLUB.CONTACT (CONTACT,"comment",CONTACT_TYPE_SORTNAME,MEMBER_BIRTH_ID) values ('et@magnisdisparturient.edu                        ','urna. Vivamus       ','MAI',21);
Insert into CUHELLUB.CONTACT (CONTACT,"comment",CONTACT_TYPE_SORTNAME,MEMBER_BIRTH_ID) values ('quis.arcu.vel@inmagna.net                         ','malesuada augue     ','MAI',18);
Insert into CUHELLUB.CONTACT (CONTACT,"comment",CONTACT_TYPE_SORTNAME,MEMBER_BIRTH_ID) values ('Sed.eu.eros@magnaNamligula.co.uk                  ','at pretium          ','MAI',19);
Insert into CUHELLUB.CONTACT (CONTACT,"comment",CONTACT_TYPE_SORTNAME,MEMBER_BIRTH_ID) values ('sollicitudin.adipiscing@duinec.edu                ','non, cursus         ','MAI',53);
Insert into CUHELLUB.CONTACT (CONTACT,"comment",CONTACT_TYPE_SORTNAME,MEMBER_BIRTH_ID) values ('+420 139 587 768                                  ','in felis.           ','TEL',60);
Insert into CUHELLUB.CONTACT (CONTACT,"comment",CONTACT_TYPE_SORTNAME,MEMBER_BIRTH_ID) values ('+420 635 018 406                                  ','porttitor vulputate,','TEL',7);
Insert into CUHELLUB.CONTACT (CONTACT,"comment",CONTACT_TYPE_SORTNAME,MEMBER_BIRTH_ID) values ('+420 736 795 080                                  ','Nulla eu            ','TEL',89);
Insert into CUHELLUB.CONTACT (CONTACT,"comment",CONTACT_TYPE_SORTNAME,MEMBER_BIRTH_ID) values ('+420 718 257 625                                  ','Morbi accumsan      ','TEL',21);
Insert into CUHELLUB.CONTACT (CONTACT,"comment",CONTACT_TYPE_SORTNAME,MEMBER_BIRTH_ID) values ('+420 423 488 051                                  ','orci.               ','TEL',98);
Insert into CUHELLUB.CONTACT (CONTACT,"comment",CONTACT_TYPE_SORTNAME,MEMBER_BIRTH_ID) values ('+420 305 562 650                                  ','Maecenas mi         ','MOB',17);
Insert into CUHELLUB.CONTACT (CONTACT,"comment",CONTACT_TYPE_SORTNAME,MEMBER_BIRTH_ID) values ('+420 510 178 088                                  ','blandit             ','TEL',66);
Insert into CUHELLUB.CONTACT (CONTACT,"comment",CONTACT_TYPE_SORTNAME,MEMBER_BIRTH_ID) values ('+420 067 919 744                                  ','est.                ','MOB',5);
Insert into CUHELLUB.CONTACT (CONTACT,"comment",CONTACT_TYPE_SORTNAME,MEMBER_BIRTH_ID) values ('+420 102 855 494                                  ','cubilia Curae;      ','MOB',89);
Insert into CUHELLUB.CONTACT (CONTACT,"comment",CONTACT_TYPE_SORTNAME,MEMBER_BIRTH_ID) values ('+420 178 709 182                                  ','congue              ','MOB',31);
Insert into CUHELLUB.CONTACT (CONTACT,"comment",CONTACT_TYPE_SORTNAME,MEMBER_BIRTH_ID) values ('+420 584 164 661                                  ','lorem lorem,        ','MOB',42);
Insert into CUHELLUB.CONTACT (CONTACT,"comment",CONTACT_TYPE_SORTNAME,MEMBER_BIRTH_ID) values ('+420 323 731 631                                  ','pellentesque        ','MOB',64);
Insert into CUHELLUB.CONTACT (CONTACT,"comment",CONTACT_TYPE_SORTNAME,MEMBER_BIRTH_ID) values ('+420 366 179 486                                  ','euismod ac,         ','MOB',95);
Insert into CUHELLUB.CONTACT (CONTACT,"comment",CONTACT_TYPE_SORTNAME,MEMBER_BIRTH_ID) values ('+420 906 846 716                                  ','magna               ','MOB',78);
Insert into CUHELLUB.CONTACT (CONTACT,"comment",CONTACT_TYPE_SORTNAME,MEMBER_BIRTH_ID) values ('+420 170 983 425                                  ','neque. Nullam       ','TEL',94);
Insert into CUHELLUB.CONTACT (CONTACT,"comment",CONTACT_TYPE_SORTNAME,MEMBER_BIRTH_ID) values ('+420 598 256 189                                  ','libero              ','TEL',60);
Insert into CUHELLUB.CONTACT (CONTACT,"comment",CONTACT_TYPE_SORTNAME,MEMBER_BIRTH_ID) values ('+420 054 324 601                                  ','augue               ','TEL',72);
Insert into CUHELLUB.CONTACT (CONTACT,"comment",CONTACT_TYPE_SORTNAME,MEMBER_BIRTH_ID) values ('+420 025 762 023                                  ','eu tellus.          ','MOB',34);
Insert into CUHELLUB.CONTACT (CONTACT,"comment",CONTACT_TYPE_SORTNAME,MEMBER_BIRTH_ID) values ('+420 960 765 168                                  ','vulputate mauris    ','MOB',99);
Insert into CUHELLUB.CONTACT (CONTACT,"comment",CONTACT_TYPE_SORTNAME,MEMBER_BIRTH_ID) values ('+420 960 180 616                                  ','risus. Donec        ','TEL',40);
Insert into CUHELLUB.CONTACT (CONTACT,"comment",CONTACT_TYPE_SORTNAME,MEMBER_BIRTH_ID) values ('+420 204 883 693                                  ','Sed                 ','MOB',67);
Insert into CUHELLUB.CONTACT (CONTACT,"comment",CONTACT_TYPE_SORTNAME,MEMBER_BIRTH_ID) values ('+420 198 310 838                                  ','sem elit,           ','MOB',36);
Insert into CUHELLUB.CONTACT (CONTACT,"comment",CONTACT_TYPE_SORTNAME,MEMBER_BIRTH_ID) values ('+420 356 614 683                                  ','nisl                ','MOB',7);
Insert into CUHELLUB.CONTACT (CONTACT,"comment",CONTACT_TYPE_SORTNAME,MEMBER_BIRTH_ID) values ('+420 690 037 742                                  ','vitae,              ','TEL',61);
Insert into CUHELLUB.CONTACT (CONTACT,"comment",CONTACT_TYPE_SORTNAME,MEMBER_BIRTH_ID) values ('+420 857 447 927                                  ','augue id            ','TEL',64);
Insert into CUHELLUB.CONTACT (CONTACT,"comment",CONTACT_TYPE_SORTNAME,MEMBER_BIRTH_ID) values ('+420 706 948 257                                  ','taciti              ','MOB',67);
Insert into CUHELLUB.CONTACT (CONTACT,"comment",CONTACT_TYPE_SORTNAME,MEMBER_BIRTH_ID) values ('+420 728 957 385                                  ','vel,                ','TEL',82);
Insert into CUHELLUB.CONTACT (CONTACT,"comment",CONTACT_TYPE_SORTNAME,MEMBER_BIRTH_ID) values ('+420 122 780 341                                  ','In                  ','TEL',84);
Insert into CUHELLUB.CONTACT (CONTACT,"comment",CONTACT_TYPE_SORTNAME,MEMBER_BIRTH_ID) values ('+420 018 198 303                                  ','Sed nunc            ','TEL',80);
Insert into CUHELLUB.CONTACT (CONTACT,"comment",CONTACT_TYPE_SORTNAME,MEMBER_BIRTH_ID) values ('+420 741 600 154                                  ','aliquet             ','MOB',54);
Insert into CUHELLUB.CONTACT (CONTACT,"comment",CONTACT_TYPE_SORTNAME,MEMBER_BIRTH_ID) values ('+420 739 240 529                                  ','orci lacus          ','TEL',87);
Insert into CUHELLUB.CONTACT (CONTACT,"comment",CONTACT_TYPE_SORTNAME,MEMBER_BIRTH_ID) values ('+420 148 430 685                                  ','nisl. Quisque       ','TEL',7);
Insert into CUHELLUB.CONTACT (CONTACT,"comment",CONTACT_TYPE_SORTNAME,MEMBER_BIRTH_ID) values ('+420 887 717 644                                  ','tortor. Integer     ','TEL',40);
Insert into CUHELLUB.CONTACT (CONTACT,"comment",CONTACT_TYPE_SORTNAME,MEMBER_BIRTH_ID) values ('+420 539 925 375                                  ','et ipsum            ','TEL',75);
Insert into CUHELLUB.CONTACT (CONTACT,"comment",CONTACT_TYPE_SORTNAME,MEMBER_BIRTH_ID) values ('+420 187 224 752                                  ','facilisis lorem     ','MOB',7);
Insert into CUHELLUB.CONTACT (CONTACT,"comment",CONTACT_TYPE_SORTNAME,MEMBER_BIRTH_ID) values ('+420 259 108 013                                  ','id magna            ','TEL',68);
Insert into CUHELLUB.CONTACT (CONTACT,"comment",CONTACT_TYPE_SORTNAME,MEMBER_BIRTH_ID) values ('+420 201 681 544                                  ','arcu et             ','TEL',80);
Insert into CUHELLUB.CONTACT (CONTACT,"comment",CONTACT_TYPE_SORTNAME,MEMBER_BIRTH_ID) values ('+420 892 396 367                                  ','Sed                 ','MOB',6);
Insert into CUHELLUB.CONTACT (CONTACT,"comment",CONTACT_TYPE_SORTNAME,MEMBER_BIRTH_ID) values ('+420 254 494 080                                  ','ut,                 ','TEL',7);
Insert into CUHELLUB.CONTACT (CONTACT,"comment",CONTACT_TYPE_SORTNAME,MEMBER_BIRTH_ID) values ('+420 527 978 429                                  ','congue              ','MOB',48);
Insert into CUHELLUB.CONTACT (CONTACT,"comment",CONTACT_TYPE_SORTNAME,MEMBER_BIRTH_ID) values ('+420 488 229 708                                  ','pede sagittis       ','MOB',82);
Insert into CUHELLUB.CONTACT (CONTACT,"comment",CONTACT_TYPE_SORTNAME,MEMBER_BIRTH_ID) values ('+420 567 640 013                                  ','justo faucibus      ','MOB',98);
Insert into CUHELLUB.CONTACT (CONTACT,"comment",CONTACT_TYPE_SORTNAME,MEMBER_BIRTH_ID) values ('+420 632 116 636                                  ','Nulla eu            ','MOB',81);
Insert into CUHELLUB.CONTACT (CONTACT,"comment",CONTACT_TYPE_SORTNAME,MEMBER_BIRTH_ID) values ('+420 340 030 437                                  ','dictum. Proin       ','MOB',81);
Insert into CUHELLUB.CONTACT (CONTACT,"comment",CONTACT_TYPE_SORTNAME,MEMBER_BIRTH_ID) values ('+420 810 360 579                                  ','Vivamus             ','TEL',22);
Insert into CUHELLUB.CONTACT (CONTACT,"comment",CONTACT_TYPE_SORTNAME,MEMBER_BIRTH_ID) values ('+420 705 181 982                                  ','sociis natoque      ','MOB',31);
Insert into CUHELLUB.CONTACT (CONTACT,"comment",CONTACT_TYPE_SORTNAME,MEMBER_BIRTH_ID) values ('+420 874 441 192                                  ','Quisque imperdiet,  ','TEL',87);
Insert into CUHELLUB.CONTACT (CONTACT,"comment",CONTACT_TYPE_SORTNAME,MEMBER_BIRTH_ID) values ('+420 556 731 658                                  ','Maecenas            ','MOB',7);
Insert into CUHELLUB.CONTACT (CONTACT,"comment",CONTACT_TYPE_SORTNAME,MEMBER_BIRTH_ID) values ('+420 507 778 366                                  ','odio.               ','MOB',44);
Insert into CUHELLUB.CONTACT (CONTACT,"comment",CONTACT_TYPE_SORTNAME,MEMBER_BIRTH_ID) values ('+420 534 776 557                                  ','non, egestas        ','MOB',79);
Insert into CUHELLUB.CONTACT (CONTACT,"comment",CONTACT_TYPE_SORTNAME,MEMBER_BIRTH_ID) values ('+420 923 580 470                                  ','consectetuer        ','MOB',1);
Insert into CUHELLUB.CONTACT (CONTACT,"comment",CONTACT_TYPE_SORTNAME,MEMBER_BIRTH_ID) values ('+420 209 205 684                                  ','sodales purus,      ','MOB',63);
Insert into CUHELLUB.CONTACT (CONTACT,"comment",CONTACT_TYPE_SORTNAME,MEMBER_BIRTH_ID) values ('+420 483 713 422                                  ','quis                ','TEL',70);
Insert into CUHELLUB.CONTACT (CONTACT,"comment",CONTACT_TYPE_SORTNAME,MEMBER_BIRTH_ID) values ('+420 320 463 331                                  ','varius et,          ','MOB',74);
Insert into CUHELLUB.CONTACT (CONTACT,"comment",CONTACT_TYPE_SORTNAME,MEMBER_BIRTH_ID) values ('+420 003 752 417                                  ','enim                ','MOB',73);
Insert into CUHELLUB.CONTACT (CONTACT,"comment",CONTACT_TYPE_SORTNAME,MEMBER_BIRTH_ID) values ('+420 546 206 185                                  ','erat neque          ','TEL',38);
Insert into CUHELLUB.CONTACT (CONTACT,"comment",CONTACT_TYPE_SORTNAME,MEMBER_BIRTH_ID) values ('+420 192 457 427                                  ','ut, sem.            ','TEL',15);
Insert into CUHELLUB.CONTACT (CONTACT,"comment",CONTACT_TYPE_SORTNAME,MEMBER_BIRTH_ID) values ('+420 530 355 714                                  ','vel,                ','TEL',78);
Insert into CUHELLUB.CONTACT (CONTACT,"comment",CONTACT_TYPE_SORTNAME,MEMBER_BIRTH_ID) values ('+420 295 783 768                                  ','vitae nibh.         ','MOB',5);
Insert into CUHELLUB.CONTACT (CONTACT,"comment",CONTACT_TYPE_SORTNAME,MEMBER_BIRTH_ID) values ('+420 605 211 434                                  ','Integer eu          ','TEL',32);
Insert into CUHELLUB.CONTACT (CONTACT,"comment",CONTACT_TYPE_SORTNAME,MEMBER_BIRTH_ID) values ('+420 950 564 850                                  ','tellus              ','MOB',63);
Insert into CUHELLUB.CONTACT (CONTACT,"comment",CONTACT_TYPE_SORTNAME,MEMBER_BIRTH_ID) values ('+420 066 185 091                                  ','Phasellus           ','MOB',20);
Insert into CUHELLUB.CONTACT (CONTACT,"comment",CONTACT_TYPE_SORTNAME,MEMBER_BIRTH_ID) values ('+420 530 777 991                                  ','ante                ','MOB',91);
Insert into CUHELLUB.CONTACT (CONTACT,"comment",CONTACT_TYPE_SORTNAME,MEMBER_BIRTH_ID) values ('+420 217 230 736                                  ','Aliquam             ','MOB',99);
Insert into CUHELLUB.CONTACT (CONTACT,"comment",CONTACT_TYPE_SORTNAME,MEMBER_BIRTH_ID) values ('+420 482 820 759                                  ','euismod             ','TEL',54);
Insert into CUHELLUB.CONTACT (CONTACT,"comment",CONTACT_TYPE_SORTNAME,MEMBER_BIRTH_ID) values ('+420 676 332 431                                  ','sodales purus,      ','MOB',62);
Insert into CUHELLUB.CONTACT (CONTACT,"comment",CONTACT_TYPE_SORTNAME,MEMBER_BIRTH_ID) values ('+420 818 594 499                                  ','Aenean              ','TEL',31);
Insert into CUHELLUB.CONTACT (CONTACT,"comment",CONTACT_TYPE_SORTNAME,MEMBER_BIRTH_ID) values ('+420 719 387 852                                  ','Curabitur           ','TEL',96);
Insert into CUHELLUB.CONTACT (CONTACT,"comment",CONTACT_TYPE_SORTNAME,MEMBER_BIRTH_ID) values ('+420 739 649 659                                  ','urna,               ','MOB',76);
Insert into CUHELLUB.CONTACT (CONTACT,"comment",CONTACT_TYPE_SORTNAME,MEMBER_BIRTH_ID) values ('+420 342 511 231                                  ','sapien,             ','TEL',73);
Insert into CUHELLUB.CONTACT (CONTACT,"comment",CONTACT_TYPE_SORTNAME,MEMBER_BIRTH_ID) values ('+420 885 216 256                                  ','vitae               ','TEL',19);
Insert into CUHELLUB.CONTACT (CONTACT,"comment",CONTACT_TYPE_SORTNAME,MEMBER_BIRTH_ID) values ('+420 688 206 562                                  ','lacus, varius       ','TEL',13);
Insert into CUHELLUB.CONTACT (CONTACT,"comment",CONTACT_TYPE_SORTNAME,MEMBER_BIRTH_ID) values ('+420 463 472 864                                  ','mauris              ','TEL',16);
Insert into CUHELLUB.CONTACT (CONTACT,"comment",CONTACT_TYPE_SORTNAME,MEMBER_BIRTH_ID) values ('+420 149 636 388                                  ','adipiscing          ','MOB',70);
Insert into CUHELLUB.CONTACT (CONTACT,"comment",CONTACT_TYPE_SORTNAME,MEMBER_BIRTH_ID) values ('+420 239 830 907                                  ','lorem ipsum         ','MOB',48);
Insert into CUHELLUB.CONTACT (CONTACT,"comment",CONTACT_TYPE_SORTNAME,MEMBER_BIRTH_ID) values ('+420 047 037 142                                  ','molestie arcu.      ','MOB',95);
Insert into CUHELLUB.CONTACT (CONTACT,"comment",CONTACT_TYPE_SORTNAME,MEMBER_BIRTH_ID) values ('+420 208 456 397                                  ','torquent per        ','MOB',92);
Insert into CUHELLUB.CONTACT (CONTACT,"comment",CONTACT_TYPE_SORTNAME,MEMBER_BIRTH_ID) values ('+420 677 127 269                                  ','conubia nostra,     ','MOB',95);
Insert into CUHELLUB.CONTACT (CONTACT,"comment",CONTACT_TYPE_SORTNAME,MEMBER_BIRTH_ID) values ('+420 678 460 701                                  ','odio                ','TEL',10);
Insert into CUHELLUB.CONTACT (CONTACT,"comment",CONTACT_TYPE_SORTNAME,MEMBER_BIRTH_ID) values ('+420 327 365 651                                  ','molestie sodales.   ','MOB',68);
Insert into CUHELLUB.CONTACT (CONTACT,"comment",CONTACT_TYPE_SORTNAME,MEMBER_BIRTH_ID) values ('+420 695 466 818                                  ','penatibus et        ','MOB',96);
Insert into CUHELLUB.CONTACT (CONTACT,"comment",CONTACT_TYPE_SORTNAME,MEMBER_BIRTH_ID) values ('+420 196 061 363                                  ','elementum           ','TEL',8);
Insert into CUHELLUB.CONTACT (CONTACT,"comment",CONTACT_TYPE_SORTNAME,MEMBER_BIRTH_ID) values ('+420 206 247 492                                  ','Vestibulum ante     ','TEL',33);
Insert into CUHELLUB.CONTACT (CONTACT,"comment",CONTACT_TYPE_SORTNAME,MEMBER_BIRTH_ID) values ('+420 165 199 958                                  ','mollis vitae,       ','MOB',90);
Insert into CUHELLUB.CONTACT (CONTACT,"comment",CONTACT_TYPE_SORTNAME,MEMBER_BIRTH_ID) values ('+420 224 468 455                                  ','magna. Nam          ','MOB',87);
Insert into CUHELLUB.CONTACT (CONTACT,"comment",CONTACT_TYPE_SORTNAME,MEMBER_BIRTH_ID) values ('+420 425 030 373                                  ','Cum sociis          ','MOB',90);
Insert into CUHELLUB.CONTACT (CONTACT,"comment",CONTACT_TYPE_SORTNAME,MEMBER_BIRTH_ID) values ('+420 215 539 862                                  ','in, tempus          ','TEL',24);
Insert into CUHELLUB.CONTACT (CONTACT,"comment",CONTACT_TYPE_SORTNAME,MEMBER_BIRTH_ID) values ('+420 874 232 498                                  ','sollicitudin        ','TEL',26);
Insert into CUHELLUB.CONTACT (CONTACT,"comment",CONTACT_TYPE_SORTNAME,MEMBER_BIRTH_ID) values ('+420 795 941 561                                  ','fames ac            ','TEL',13);
Insert into CUHELLUB.CONTACT (CONTACT,"comment",CONTACT_TYPE_SORTNAME,MEMBER_BIRTH_ID) values ('+420 980 827 350                                  ','urna.               ','MOB',20);
Insert into CUHELLUB.CONTACT (CONTACT,"comment",CONTACT_TYPE_SORTNAME,MEMBER_BIRTH_ID) values ('+420 822 162 203                                  ','iaculis aliquet     ','MOB',28);
Insert into CUHELLUB.CONTACT (CONTACT,"comment",CONTACT_TYPE_SORTNAME,MEMBER_BIRTH_ID) values ('+420 593 638 154                                  ','ante dictum         ','MOB',37);
Insert into CUHELLUB.CONTACT (CONTACT,"comment",CONTACT_TYPE_SORTNAME,MEMBER_BIRTH_ID) values ('+420 817 858 973                                  ','dictum              ','MOB',68);
Insert into CUHELLUB.CONTACT (CONTACT,"comment",CONTACT_TYPE_SORTNAME,MEMBER_BIRTH_ID) values ('+420 283 097 922                                  ','nibh vulputate      ','TEL',96);
Insert into CUHELLUB.CONTACT (CONTACT,"comment",CONTACT_TYPE_SORTNAME,MEMBER_BIRTH_ID) values ('+420 109 958 348                                  ','erat                ','MOB',47);
Insert into CUHELLUB.CONTACT (CONTACT,"comment",CONTACT_TYPE_SORTNAME,MEMBER_BIRTH_ID) values ('+420 550 907 589                                  ','Proin dolor.        ','MOB',47);
Insert into CUHELLUB.CONTACT (CONTACT,"comment",CONTACT_TYPE_SORTNAME,MEMBER_BIRTH_ID) values ('+420 391 192 032                                  ','Donec               ','TEL',20);
Insert into CUHELLUB.CONTACT (CONTACT,"comment",CONTACT_TYPE_SORTNAME,MEMBER_BIRTH_ID) values ('+420 839 957 764                                  ','dui.                ','TEL',57);
Insert into CUHELLUB.CONTACT (CONTACT,"comment",CONTACT_TYPE_SORTNAME,MEMBER_BIRTH_ID) values ('+420 664 676 082                                  ','eleifend. Cras      ','TEL',94);
Insert into CUHELLUB.CONTACT (CONTACT,"comment",CONTACT_TYPE_SORTNAME,MEMBER_BIRTH_ID) values ('+420 788 615 099                                  ','primis in           ','MOB',48);
REM INSERTING into CUHELLUB.CONTACT_TYPE
SET DEFINE OFF;
Insert into CUHELLUB.CONTACT_TYPE (NAME,SORTNAME) values ('Mail      ','MAI');
Insert into CUHELLUB.CONTACT_TYPE (NAME,SORTNAME) values ('Mobil     ','MOB');
Insert into CUHELLUB.CONTACT_TYPE (NAME,SORTNAME) values ('Telefon   ','TEL');
REM INSERTING into CUHELLUB.EVENT
SET DEFINE OFF;
Insert into CUHELLUB.EVENT (ID,"date",CATEGORY_NAME,EVENT_TYPE_TYPE) values (1,to_date('02-JAN-16','DD-MON-RR'),'BA                  ','PRACTICE');
Insert into CUHELLUB.EVENT (ID,"date",CATEGORY_NAME,EVENT_TYPE_TYPE) values (2,to_date('18-AUG-13','DD-MON-RR'),'BA                  ','PRACTICE');
Insert into CUHELLUB.EVENT (ID,"date",CATEGORY_NAME,EVENT_TYPE_TYPE) values (3,to_date('09-JUL-15','DD-MON-RR'),'BA                  ','PRACTICE');
Insert into CUHELLUB.EVENT (ID,"date",CATEGORY_NAME,EVENT_TYPE_TYPE) values (4,to_date('06-AUG-14','DD-MON-RR'),'BA                  ','GAME');
Insert into CUHELLUB.EVENT (ID,"date",CATEGORY_NAME,EVENT_TYPE_TYPE) values (5,to_date('27-JUN-16','DD-MON-RR'),'BA                  ','DOUBLEHEADER');
Insert into CUHELLUB.EVENT (ID,"date",CATEGORY_NAME,EVENT_TYPE_TYPE) values (6,to_date('17-SEP-15','DD-MON-RR'),'BA                  ','GAME');
Insert into CUHELLUB.EVENT (ID,"date",CATEGORY_NAME,EVENT_TYPE_TYPE) values (7,to_date('27-OCT-13','DD-MON-RR'),'BA                  ','PRACTICE');
Insert into CUHELLUB.EVENT (ID,"date",CATEGORY_NAME,EVENT_TYPE_TYPE) values (8,to_date('15-MAR-13','DD-MON-RR'),'BA                  ','DOUBLEHEADER');
Insert into CUHELLUB.EVENT (ID,"date",CATEGORY_NAME,EVENT_TYPE_TYPE) values (9,to_date('18-JUN-14','DD-MON-RR'),'BA                  ','PRACTICE');
Insert into CUHELLUB.EVENT (ID,"date",CATEGORY_NAME,EVENT_TYPE_TYPE) values (10,to_date('26-JUN-16','DD-MON-RR'),'BA                  ','PRACTICE');
Insert into CUHELLUB.EVENT (ID,"date",CATEGORY_NAME,EVENT_TYPE_TYPE) values (11,to_date('09-JUL-13','DD-MON-RR'),'BA                  ','GAME');
Insert into CUHELLUB.EVENT (ID,"date",CATEGORY_NAME,EVENT_TYPE_TYPE) values (12,to_date('22-JUL-13','DD-MON-RR'),'BA                  ','GAME');
Insert into CUHELLUB.EVENT (ID,"date",CATEGORY_NAME,EVENT_TYPE_TYPE) values (13,to_date('03-OCT-14','DD-MON-RR'),'BA                  ','PRACTICE');
Insert into CUHELLUB.EVENT (ID,"date",CATEGORY_NAME,EVENT_TYPE_TYPE) values (14,to_date('31-AUG-15','DD-MON-RR'),'BA                  ','GAME');
Insert into CUHELLUB.EVENT (ID,"date",CATEGORY_NAME,EVENT_TYPE_TYPE) values (15,to_date('10-APR-15','DD-MON-RR'),'BA                  ','PRACTICE');
Insert into CUHELLUB.EVENT (ID,"date",CATEGORY_NAME,EVENT_TYPE_TYPE) values (16,to_date('04-SEP-13','DD-MON-RR'),'BA                  ','GAME');
Insert into CUHELLUB.EVENT (ID,"date",CATEGORY_NAME,EVENT_TYPE_TYPE) values (17,to_date('12-JAN-16','DD-MON-RR'),'BA                  ','DOUBLEHEADER');
Insert into CUHELLUB.EVENT (ID,"date",CATEGORY_NAME,EVENT_TYPE_TYPE) values (18,to_date('23-SEP-14','DD-MON-RR'),'BA                  ','DOUBLEHEADER');
Insert into CUHELLUB.EVENT (ID,"date",CATEGORY_NAME,EVENT_TYPE_TYPE) values (19,to_date('06-JUL-13','DD-MON-RR'),'BA                  ','GAME');
Insert into CUHELLUB.EVENT (ID,"date",CATEGORY_NAME,EVENT_TYPE_TYPE) values (20,to_date('31-DEC-15','DD-MON-RR'),'BA                  ','PRACTICE');
Insert into CUHELLUB.EVENT (ID,"date",CATEGORY_NAME,EVENT_TYPE_TYPE) values (21,to_date('15-APR-13','DD-MON-RR'),'BA                  ','GAME');
Insert into CUHELLUB.EVENT (ID,"date",CATEGORY_NAME,EVENT_TYPE_TYPE) values (22,to_date('01-MAR-14','DD-MON-RR'),'BA                  ','PRACTICE');
Insert into CUHELLUB.EVENT (ID,"date",CATEGORY_NAME,EVENT_TYPE_TYPE) values (23,to_date('29-APR-13','DD-MON-RR'),'BA                  ','GAME');
Insert into CUHELLUB.EVENT (ID,"date",CATEGORY_NAME,EVENT_TYPE_TYPE) values (24,to_date('05-MAY-13','DD-MON-RR'),'BA                  ','PRACTICE');
Insert into CUHELLUB.EVENT (ID,"date",CATEGORY_NAME,EVENT_TYPE_TYPE) values (25,to_date('03-MAY-15','DD-MON-RR'),'BA                  ','GAME');
Insert into CUHELLUB.EVENT (ID,"date",CATEGORY_NAME,EVENT_TYPE_TYPE) values (26,to_date('01-OCT-14','DD-MON-RR'),'BA                  ','GAME');
Insert into CUHELLUB.EVENT (ID,"date",CATEGORY_NAME,EVENT_TYPE_TYPE) values (27,to_date('29-SEP-14','DD-MON-RR'),'BA                  ','PRACTICE');
Insert into CUHELLUB.EVENT (ID,"date",CATEGORY_NAME,EVENT_TYPE_TYPE) values (28,to_date('04-AUG-13','DD-MON-RR'),'BA                  ','PRACTICE');
Insert into CUHELLUB.EVENT (ID,"date",CATEGORY_NAME,EVENT_TYPE_TYPE) values (29,to_date('09-NOV-13','DD-MON-RR'),'BA                  ','DOUBLEHEADER');
Insert into CUHELLUB.EVENT (ID,"date",CATEGORY_NAME,EVENT_TYPE_TYPE) values (30,to_date('17-MAR-14','DD-MON-RR'),'BA                  ','GAME');
Insert into CUHELLUB.EVENT (ID,"date",CATEGORY_NAME,EVENT_TYPE_TYPE) values (31,to_date('03-DEC-13','DD-MON-RR'),'BA                  ','DOUBLEHEADER');
Insert into CUHELLUB.EVENT (ID,"date",CATEGORY_NAME,EVENT_TYPE_TYPE) values (32,to_date('17-AUG-15','DD-MON-RR'),'BA                  ','GAME');
Insert into CUHELLUB.EVENT (ID,"date",CATEGORY_NAME,EVENT_TYPE_TYPE) values (33,to_date('03-AUG-14','DD-MON-RR'),'BA                  ','PRACTICE');
Insert into CUHELLUB.EVENT (ID,"date",CATEGORY_NAME,EVENT_TYPE_TYPE) values (34,to_date('22-DEC-14','DD-MON-RR'),'BA                  ','PRACTICE');
Insert into CUHELLUB.EVENT (ID,"date",CATEGORY_NAME,EVENT_TYPE_TYPE) values (35,to_date('17-OCT-14','DD-MON-RR'),'BA                  ','PRACTICE');
Insert into CUHELLUB.EVENT (ID,"date",CATEGORY_NAME,EVENT_TYPE_TYPE) values (36,to_date('25-MAY-15','DD-MON-RR'),'BA                  ','DOUBLEHEADER');
Insert into CUHELLUB.EVENT (ID,"date",CATEGORY_NAME,EVENT_TYPE_TYPE) values (37,to_date('17-DEC-12','DD-MON-RR'),'BA                  ','GAME');
Insert into CUHELLUB.EVENT (ID,"date",CATEGORY_NAME,EVENT_TYPE_TYPE) values (38,to_date('17-OCT-13','DD-MON-RR'),'BA                  ','DOUBLEHEADER');
Insert into CUHELLUB.EVENT (ID,"date",CATEGORY_NAME,EVENT_TYPE_TYPE) values (39,to_date('03-APR-15','DD-MON-RR'),'BA                  ','GAME');
Insert into CUHELLUB.EVENT (ID,"date",CATEGORY_NAME,EVENT_TYPE_TYPE) values (40,to_date('12-FEB-15','DD-MON-RR'),'BA                  ','PRACTICE');
Insert into CUHELLUB.EVENT (ID,"date",CATEGORY_NAME,EVENT_TYPE_TYPE) values (41,to_date('12-DEC-15','DD-MON-RR'),'BA                  ','PRACTICE');
Insert into CUHELLUB.EVENT (ID,"date",CATEGORY_NAME,EVENT_TYPE_TYPE) values (42,to_date('02-APR-15','DD-MON-RR'),'BA                  ','DOUBLEHEADER');
Insert into CUHELLUB.EVENT (ID,"date",CATEGORY_NAME,EVENT_TYPE_TYPE) values (43,to_date('07-FEB-16','DD-MON-RR'),'BA                  ','GAME');
Insert into CUHELLUB.EVENT (ID,"date",CATEGORY_NAME,EVENT_TYPE_TYPE) values (44,to_date('20-MAR-13','DD-MON-RR'),'BA                  ','GAME');
Insert into CUHELLUB.EVENT (ID,"date",CATEGORY_NAME,EVENT_TYPE_TYPE) values (45,to_date('24-JUL-15','DD-MON-RR'),'BA                  ','GAME');
Insert into CUHELLUB.EVENT (ID,"date",CATEGORY_NAME,EVENT_TYPE_TYPE) values (46,to_date('05-NOV-13','DD-MON-RR'),'BA                  ','GAME');
Insert into CUHELLUB.EVENT (ID,"date",CATEGORY_NAME,EVENT_TYPE_TYPE) values (47,to_date('22-MAY-13','DD-MON-RR'),'BA                  ','PRACTICE');
Insert into CUHELLUB.EVENT (ID,"date",CATEGORY_NAME,EVENT_TYPE_TYPE) values (48,to_date('29-JUL-13','DD-MON-RR'),'BA                  ','GAME');
Insert into CUHELLUB.EVENT (ID,"date",CATEGORY_NAME,EVENT_TYPE_TYPE) values (49,to_date('21-MAY-15','DD-MON-RR'),'BA                  ','DOUBLEHEADER');
Insert into CUHELLUB.EVENT (ID,"date",CATEGORY_NAME,EVENT_TYPE_TYPE) values (50,to_date('14-AUG-16','DD-MON-RR'),'BA                  ','DOUBLEHEADER');
Insert into CUHELLUB.EVENT (ID,"date",CATEGORY_NAME,EVENT_TYPE_TYPE) values (51,to_date('11-AUG-14','DD-MON-RR'),'BA                  ','DOUBLEHEADER');
Insert into CUHELLUB.EVENT (ID,"date",CATEGORY_NAME,EVENT_TYPE_TYPE) values (52,to_date('06-SEP-14','DD-MON-RR'),'BA                  ','PRACTICE');
Insert into CUHELLUB.EVENT (ID,"date",CATEGORY_NAME,EVENT_TYPE_TYPE) values (53,to_date('28-FEB-13','DD-MON-RR'),'BA                  ','GAME');
Insert into CUHELLUB.EVENT (ID,"date",CATEGORY_NAME,EVENT_TYPE_TYPE) values (54,to_date('27-OCT-14','DD-MON-RR'),'BA                  ','PRACTICE');
Insert into CUHELLUB.EVENT (ID,"date",CATEGORY_NAME,EVENT_TYPE_TYPE) values (55,to_date('30-DEC-12','DD-MON-RR'),'BA                  ','PRACTICE');
Insert into CUHELLUB.EVENT (ID,"date",CATEGORY_NAME,EVENT_TYPE_TYPE) values (56,to_date('19-FEB-16','DD-MON-RR'),'BA                  ','PRACTICE');
Insert into CUHELLUB.EVENT (ID,"date",CATEGORY_NAME,EVENT_TYPE_TYPE) values (57,to_date('31-MAR-13','DD-MON-RR'),'BA                  ','PRACTICE');
Insert into CUHELLUB.EVENT (ID,"date",CATEGORY_NAME,EVENT_TYPE_TYPE) values (58,to_date('12-OCT-15','DD-MON-RR'),'BA                  ','DOUBLEHEADER');
Insert into CUHELLUB.EVENT (ID,"date",CATEGORY_NAME,EVENT_TYPE_TYPE) values (59,to_date('16-AUG-14','DD-MON-RR'),'BA                  ','GAME');
Insert into CUHELLUB.EVENT (ID,"date",CATEGORY_NAME,EVENT_TYPE_TYPE) values (60,to_date('15-JUL-16','DD-MON-RR'),'BA                  ','DOUBLEHEADER');
Insert into CUHELLUB.EVENT (ID,"date",CATEGORY_NAME,EVENT_TYPE_TYPE) values (61,to_date('20-FEB-13','DD-MON-RR'),'BA                  ','GAME');
Insert into CUHELLUB.EVENT (ID,"date",CATEGORY_NAME,EVENT_TYPE_TYPE) values (62,to_date('16-SEP-13','DD-MON-RR'),'BA                  ','PRACTICE');
Insert into CUHELLUB.EVENT (ID,"date",CATEGORY_NAME,EVENT_TYPE_TYPE) values (63,to_date('22-JUL-15','DD-MON-RR'),'BA                  ','GAME');
Insert into CUHELLUB.EVENT (ID,"date",CATEGORY_NAME,EVENT_TYPE_TYPE) values (64,to_date('08-AUG-16','DD-MON-RR'),'BA                  ','PRACTICE');
Insert into CUHELLUB.EVENT (ID,"date",CATEGORY_NAME,EVENT_TYPE_TYPE) values (65,to_date('03-JUL-15','DD-MON-RR'),'BA                  ','DOUBLEHEADER');
Insert into CUHELLUB.EVENT (ID,"date",CATEGORY_NAME,EVENT_TYPE_TYPE) values (66,to_date('06-DEC-13','DD-MON-RR'),'BA                  ','GAME');
Insert into CUHELLUB.EVENT (ID,"date",CATEGORY_NAME,EVENT_TYPE_TYPE) values (67,to_date('28-MAR-15','DD-MON-RR'),'BA                  ','PRACTICE');
Insert into CUHELLUB.EVENT (ID,"date",CATEGORY_NAME,EVENT_TYPE_TYPE) values (68,to_date('19-JUN-15','DD-MON-RR'),'BA                  ','PRACTICE');
Insert into CUHELLUB.EVENT (ID,"date",CATEGORY_NAME,EVENT_TYPE_TYPE) values (69,to_date('16-MAY-13','DD-MON-RR'),'BA                  ','PRACTICE');
Insert into CUHELLUB.EVENT (ID,"date",CATEGORY_NAME,EVENT_TYPE_TYPE) values (70,to_date('15-MAR-16','DD-MON-RR'),'BA                  ','GAME');
Insert into CUHELLUB.EVENT (ID,"date",CATEGORY_NAME,EVENT_TYPE_TYPE) values (71,to_date('25-OCT-14','DD-MON-RR'),'BA                  ','GAME');
Insert into CUHELLUB.EVENT (ID,"date",CATEGORY_NAME,EVENT_TYPE_TYPE) values (72,to_date('29-MAR-13','DD-MON-RR'),'BA                  ','DOUBLEHEADER');
Insert into CUHELLUB.EVENT (ID,"date",CATEGORY_NAME,EVENT_TYPE_TYPE) values (73,to_date('11-OCT-14','DD-MON-RR'),'BA                  ','PRACTICE');
Insert into CUHELLUB.EVENT (ID,"date",CATEGORY_NAME,EVENT_TYPE_TYPE) values (74,to_date('29-APR-16','DD-MON-RR'),'BA                  ','PRACTICE');
Insert into CUHELLUB.EVENT (ID,"date",CATEGORY_NAME,EVENT_TYPE_TYPE) values (75,to_date('15-NOV-14','DD-MON-RR'),'BA                  ','GAME');
Insert into CUHELLUB.EVENT (ID,"date",CATEGORY_NAME,EVENT_TYPE_TYPE) values (76,to_date('21-MAR-16','DD-MON-RR'),'BA                  ','DOUBLEHEADER');
Insert into CUHELLUB.EVENT (ID,"date",CATEGORY_NAME,EVENT_TYPE_TYPE) values (77,to_date('18-MAY-16','DD-MON-RR'),'BA                  ','GAME');
Insert into CUHELLUB.EVENT (ID,"date",CATEGORY_NAME,EVENT_TYPE_TYPE) values (78,to_date('28-SEP-16','DD-MON-RR'),'BA                  ','DOUBLEHEADER');
Insert into CUHELLUB.EVENT (ID,"date",CATEGORY_NAME,EVENT_TYPE_TYPE) values (79,to_date('16-JUN-13','DD-MON-RR'),'BA                  ','GAME');
Insert into CUHELLUB.EVENT (ID,"date",CATEGORY_NAME,EVENT_TYPE_TYPE) values (80,to_date('10-AUG-16','DD-MON-RR'),'BA                  ','PRACTICE');
Insert into CUHELLUB.EVENT (ID,"date",CATEGORY_NAME,EVENT_TYPE_TYPE) values (81,to_date('31-DEC-15','DD-MON-RR'),'BA                  ','PRACTICE');
Insert into CUHELLUB.EVENT (ID,"date",CATEGORY_NAME,EVENT_TYPE_TYPE) values (82,to_date('29-MAR-15','DD-MON-RR'),'BA                  ','GAME');
Insert into CUHELLUB.EVENT (ID,"date",CATEGORY_NAME,EVENT_TYPE_TYPE) values (83,to_date('01-APR-16','DD-MON-RR'),'BA                  ','GAME');
Insert into CUHELLUB.EVENT (ID,"date",CATEGORY_NAME,EVENT_TYPE_TYPE) values (84,to_date('09-SEP-15','DD-MON-RR'),'BA                  ','GAME');
Insert into CUHELLUB.EVENT (ID,"date",CATEGORY_NAME,EVENT_TYPE_TYPE) values (85,to_date('11-MAR-15','DD-MON-RR'),'BA                  ','DOUBLEHEADER');
Insert into CUHELLUB.EVENT (ID,"date",CATEGORY_NAME,EVENT_TYPE_TYPE) values (86,to_date('18-JUN-15','DD-MON-RR'),'BA                  ','PRACTICE');
Insert into CUHELLUB.EVENT (ID,"date",CATEGORY_NAME,EVENT_TYPE_TYPE) values (87,to_date('28-DEC-14','DD-MON-RR'),'BA                  ','DOUBLEHEADER');
Insert into CUHELLUB.EVENT (ID,"date",CATEGORY_NAME,EVENT_TYPE_TYPE) values (88,to_date('06-DEC-14','DD-MON-RR'),'BA                  ','DOUBLEHEADER');
Insert into CUHELLUB.EVENT (ID,"date",CATEGORY_NAME,EVENT_TYPE_TYPE) values (89,to_date('22-JAN-14','DD-MON-RR'),'BA                  ','PRACTICE');
Insert into CUHELLUB.EVENT (ID,"date",CATEGORY_NAME,EVENT_TYPE_TYPE) values (90,to_date('03-FEB-15','DD-MON-RR'),'BA                  ','GAME');
Insert into CUHELLUB.EVENT (ID,"date",CATEGORY_NAME,EVENT_TYPE_TYPE) values (91,to_date('05-OCT-15','DD-MON-RR'),'BA                  ','PRACTICE');
Insert into CUHELLUB.EVENT (ID,"date",CATEGORY_NAME,EVENT_TYPE_TYPE) values (92,to_date('26-NOV-13','DD-MON-RR'),'BA                  ','PRACTICE');
Insert into CUHELLUB.EVENT (ID,"date",CATEGORY_NAME,EVENT_TYPE_TYPE) values (93,to_date('25-MAR-16','DD-MON-RR'),'BA                  ','PRACTICE');
Insert into CUHELLUB.EVENT (ID,"date",CATEGORY_NAME,EVENT_TYPE_TYPE) values (94,to_date('22-MAY-14','DD-MON-RR'),'BA                  ','PRACTICE');
Insert into CUHELLUB.EVENT (ID,"date",CATEGORY_NAME,EVENT_TYPE_TYPE) values (95,to_date('21-FEB-15','DD-MON-RR'),'BA                  ','PRACTICE');
Insert into CUHELLUB.EVENT (ID,"date",CATEGORY_NAME,EVENT_TYPE_TYPE) values (96,to_date('21-MAY-15','DD-MON-RR'),'BA                  ','GAME');
Insert into CUHELLUB.EVENT (ID,"date",CATEGORY_NAME,EVENT_TYPE_TYPE) values (97,to_date('16-JUN-16','DD-MON-RR'),'BA                  ','PRACTICE');
Insert into CUHELLUB.EVENT (ID,"date",CATEGORY_NAME,EVENT_TYPE_TYPE) values (98,to_date('29-JUN-15','DD-MON-RR'),'BA                  ','PRACTICE');
Insert into CUHELLUB.EVENT (ID,"date",CATEGORY_NAME,EVENT_TYPE_TYPE) values (99,to_date('04-AUG-14','DD-MON-RR'),'BA                  ','PRACTICE');
Insert into CUHELLUB.EVENT (ID,"date",CATEGORY_NAME,EVENT_TYPE_TYPE) values (100,to_date('11-FEB-16','DD-MON-RR'),'BA                  ','PRACTICE');
Insert into CUHELLUB.EVENT (ID,"date",CATEGORY_NAME,EVENT_TYPE_TYPE) values (101,to_date('20-APR-15','DD-MON-RR'),'BA                  ','PRACTICE');
Insert into CUHELLUB.EVENT (ID,"date",CATEGORY_NAME,EVENT_TYPE_TYPE) values (102,to_date('27-APR-15','DD-MON-RR'),'BA                  ','DOUBLEHEADER');
Insert into CUHELLUB.EVENT (ID,"date",CATEGORY_NAME,EVENT_TYPE_TYPE) values (103,to_date('03-OCT-13','DD-MON-RR'),'BA                  ','DOUBLEHEADER');
Insert into CUHELLUB.EVENT (ID,"date",CATEGORY_NAME,EVENT_TYPE_TYPE) values (104,to_date('14-JUN-16','DD-MON-RR'),'BA                  ','GAME');
Insert into CUHELLUB.EVENT (ID,"date",CATEGORY_NAME,EVENT_TYPE_TYPE) values (105,to_date('26-NOV-15','DD-MON-RR'),'BA                  ','GAME');
Insert into CUHELLUB.EVENT (ID,"date",CATEGORY_NAME,EVENT_TYPE_TYPE) values (106,to_date('07-JUL-13','DD-MON-RR'),'BA                  ','GAME');
Insert into CUHELLUB.EVENT (ID,"date",CATEGORY_NAME,EVENT_TYPE_TYPE) values (107,to_date('24-AUG-16','DD-MON-RR'),'BA                  ','GAME');
Insert into CUHELLUB.EVENT (ID,"date",CATEGORY_NAME,EVENT_TYPE_TYPE) values (108,to_date('16-MAR-13','DD-MON-RR'),'BA                  ','GAME');
Insert into CUHELLUB.EVENT (ID,"date",CATEGORY_NAME,EVENT_TYPE_TYPE) values (109,to_date('16-MAY-14','DD-MON-RR'),'BA                  ','GAME');
Insert into CUHELLUB.EVENT (ID,"date",CATEGORY_NAME,EVENT_TYPE_TYPE) values (110,to_date('10-JUL-16','DD-MON-RR'),'BA                  ','DOUBLEHEADER');
Insert into CUHELLUB.EVENT (ID,"date",CATEGORY_NAME,EVENT_TYPE_TYPE) values (111,to_date('06-MAR-16','DD-MON-RR'),'BA                  ','GAME');
Insert into CUHELLUB.EVENT (ID,"date",CATEGORY_NAME,EVENT_TYPE_TYPE) values (112,to_date('04-MAY-13','DD-MON-RR'),'BA                  ','GAME');
Insert into CUHELLUB.EVENT (ID,"date",CATEGORY_NAME,EVENT_TYPE_TYPE) values (113,to_date('01-FEB-14','DD-MON-RR'),'BA                  ','PRACTICE');
Insert into CUHELLUB.EVENT (ID,"date",CATEGORY_NAME,EVENT_TYPE_TYPE) values (114,to_date('01-NOV-16','DD-MON-RR'),'BA                  ','GAME');
Insert into CUHELLUB.EVENT (ID,"date",CATEGORY_NAME,EVENT_TYPE_TYPE) values (115,to_date('13-NOV-13','DD-MON-RR'),'BA                  ','PRACTICE');
Insert into CUHELLUB.EVENT (ID,"date",CATEGORY_NAME,EVENT_TYPE_TYPE) values (116,to_date('20-APR-16','DD-MON-RR'),'BA                  ','DOUBLEHEADER');
Insert into CUHELLUB.EVENT (ID,"date",CATEGORY_NAME,EVENT_TYPE_TYPE) values (117,to_date('24-SEP-15','DD-MON-RR'),'BA                  ','GAME');
Insert into CUHELLUB.EVENT (ID,"date",CATEGORY_NAME,EVENT_TYPE_TYPE) values (118,to_date('01-SEP-14','DD-MON-RR'),'BA                  ','GAME');
Insert into CUHELLUB.EVENT (ID,"date",CATEGORY_NAME,EVENT_TYPE_TYPE) values (119,to_date('24-JUL-16','DD-MON-RR'),'BA                  ','PRACTICE');
Insert into CUHELLUB.EVENT (ID,"date",CATEGORY_NAME,EVENT_TYPE_TYPE) values (120,to_date('28-JUL-13','DD-MON-RR'),'BA                  ','PRACTICE');
Insert into CUHELLUB.EVENT (ID,"date",CATEGORY_NAME,EVENT_TYPE_TYPE) values (121,to_date('09-SEP-14','DD-MON-RR'),'BA                  ','GAME');
Insert into CUHELLUB.EVENT (ID,"date",CATEGORY_NAME,EVENT_TYPE_TYPE) values (122,to_date('24-DEC-12','DD-MON-RR'),'BA                  ','GAME');
Insert into CUHELLUB.EVENT (ID,"date",CATEGORY_NAME,EVENT_TYPE_TYPE) values (123,to_date('06-OCT-15','DD-MON-RR'),'BA                  ','DOUBLEHEADER');
Insert into CUHELLUB.EVENT (ID,"date",CATEGORY_NAME,EVENT_TYPE_TYPE) values (124,to_date('05-SEP-16','DD-MON-RR'),'BA                  ','DOUBLEHEADER');
Insert into CUHELLUB.EVENT (ID,"date",CATEGORY_NAME,EVENT_TYPE_TYPE) values (125,to_date('06-JUL-13','DD-MON-RR'),'BA                  ','PRACTICE');
Insert into CUHELLUB.EVENT (ID,"date",CATEGORY_NAME,EVENT_TYPE_TYPE) values (126,to_date('30-SEP-14','DD-MON-RR'),'BA                  ','DOUBLEHEADER');
Insert into CUHELLUB.EVENT (ID,"date",CATEGORY_NAME,EVENT_TYPE_TYPE) values (127,to_date('25-MAR-15','DD-MON-RR'),'BA                  ','GAME');
Insert into CUHELLUB.EVENT (ID,"date",CATEGORY_NAME,EVENT_TYPE_TYPE) values (128,to_date('17-MAY-13','DD-MON-RR'),'BA                  ','GAME');
Insert into CUHELLUB.EVENT (ID,"date",CATEGORY_NAME,EVENT_TYPE_TYPE) values (129,to_date('11-JUL-13','DD-MON-RR'),'BA                  ','GAME');
Insert into CUHELLUB.EVENT (ID,"date",CATEGORY_NAME,EVENT_TYPE_TYPE) values (130,to_date('13-MAR-16','DD-MON-RR'),'BA                  ','GAME');
Insert into CUHELLUB.EVENT (ID,"date",CATEGORY_NAME,EVENT_TYPE_TYPE) values (131,to_date('27-APR-14','DD-MON-RR'),'BA                  ','DOUBLEHEADER');
Insert into CUHELLUB.EVENT (ID,"date",CATEGORY_NAME,EVENT_TYPE_TYPE) values (132,to_date('11-MAR-13','DD-MON-RR'),'BA                  ','DOUBLEHEADER');
Insert into CUHELLUB.EVENT (ID,"date",CATEGORY_NAME,EVENT_TYPE_TYPE) values (133,to_date('29-JUN-13','DD-MON-RR'),'BA                  ','DOUBLEHEADER');
Insert into CUHELLUB.EVENT (ID,"date",CATEGORY_NAME,EVENT_TYPE_TYPE) values (134,to_date('17-APR-15','DD-MON-RR'),'BA                  ','DOUBLEHEADER');
Insert into CUHELLUB.EVENT (ID,"date",CATEGORY_NAME,EVENT_TYPE_TYPE) values (135,to_date('02-NOV-13','DD-MON-RR'),'BA                  ','DOUBLEHEADER');
Insert into CUHELLUB.EVENT (ID,"date",CATEGORY_NAME,EVENT_TYPE_TYPE) values (136,to_date('14-MAR-16','DD-MON-RR'),'BA                  ','GAME');
Insert into CUHELLUB.EVENT (ID,"date",CATEGORY_NAME,EVENT_TYPE_TYPE) values (137,to_date('14-SEP-14','DD-MON-RR'),'BA                  ','DOUBLEHEADER');
Insert into CUHELLUB.EVENT (ID,"date",CATEGORY_NAME,EVENT_TYPE_TYPE) values (138,to_date('25-AUG-14','DD-MON-RR'),'BA                  ','GAME');
Insert into CUHELLUB.EVENT (ID,"date",CATEGORY_NAME,EVENT_TYPE_TYPE) values (139,to_date('14-FEB-14','DD-MON-RR'),'BA                  ','DOUBLEHEADER');
Insert into CUHELLUB.EVENT (ID,"date",CATEGORY_NAME,EVENT_TYPE_TYPE) values (140,to_date('12-NOV-15','DD-MON-RR'),'BA                  ','DOUBLEHEADER');
Insert into CUHELLUB.EVENT (ID,"date",CATEGORY_NAME,EVENT_TYPE_TYPE) values (141,to_date('20-APR-15','DD-MON-RR'),'BA                  ','PRACTICE');
Insert into CUHELLUB.EVENT (ID,"date",CATEGORY_NAME,EVENT_TYPE_TYPE) values (142,to_date('23-SEP-15','DD-MON-RR'),'BA                  ','PRACTICE');
Insert into CUHELLUB.EVENT (ID,"date",CATEGORY_NAME,EVENT_TYPE_TYPE) values (143,to_date('21-FEB-13','DD-MON-RR'),'BA                  ','PRACTICE');
Insert into CUHELLUB.EVENT (ID,"date",CATEGORY_NAME,EVENT_TYPE_TYPE) values (144,to_date('13-DEC-12','DD-MON-RR'),'BA                  ','GAME');
Insert into CUHELLUB.EVENT (ID,"date",CATEGORY_NAME,EVENT_TYPE_TYPE) values (145,to_date('17-MAY-14','DD-MON-RR'),'BA                  ','PRACTICE');
Insert into CUHELLUB.EVENT (ID,"date",CATEGORY_NAME,EVENT_TYPE_TYPE) values (146,to_date('03-MAR-16','DD-MON-RR'),'BA                  ','PRACTICE');
Insert into CUHELLUB.EVENT (ID,"date",CATEGORY_NAME,EVENT_TYPE_TYPE) values (147,to_date('20-JUL-15','DD-MON-RR'),'BA                  ','GAME');
Insert into CUHELLUB.EVENT (ID,"date",CATEGORY_NAME,EVENT_TYPE_TYPE) values (148,to_date('06-JUN-13','DD-MON-RR'),'BA                  ','GAME');
Insert into CUHELLUB.EVENT (ID,"date",CATEGORY_NAME,EVENT_TYPE_TYPE) values (149,to_date('02-MAR-13','DD-MON-RR'),'BA                  ','GAME');
Insert into CUHELLUB.EVENT (ID,"date",CATEGORY_NAME,EVENT_TYPE_TYPE) values (150,to_date('24-AUG-13','DD-MON-RR'),'BA                  ','DOUBLEHEADER');
Insert into CUHELLUB.EVENT (ID,"date",CATEGORY_NAME,EVENT_TYPE_TYPE) values (151,to_date('08-NOV-14','DD-MON-RR'),'BA                  ','DOUBLEHEADER');
Insert into CUHELLUB.EVENT (ID,"date",CATEGORY_NAME,EVENT_TYPE_TYPE) values (152,to_date('17-AUG-16','DD-MON-RR'),'BA                  ','DOUBLEHEADER');
Insert into CUHELLUB.EVENT (ID,"date",CATEGORY_NAME,EVENT_TYPE_TYPE) values (153,to_date('22-JUL-15','DD-MON-RR'),'BA                  ','DOUBLEHEADER');
Insert into CUHELLUB.EVENT (ID,"date",CATEGORY_NAME,EVENT_TYPE_TYPE) values (154,to_date('14-JUN-14','DD-MON-RR'),'BA                  ','GAME');
Insert into CUHELLUB.EVENT (ID,"date",CATEGORY_NAME,EVENT_TYPE_TYPE) values (155,to_date('23-JUN-14','DD-MON-RR'),'BA                  ','GAME');
Insert into CUHELLUB.EVENT (ID,"date",CATEGORY_NAME,EVENT_TYPE_TYPE) values (156,to_date('20-NOV-14','DD-MON-RR'),'BA                  ','DOUBLEHEADER');
Insert into CUHELLUB.EVENT (ID,"date",CATEGORY_NAME,EVENT_TYPE_TYPE) values (157,to_date('09-JUL-15','DD-MON-RR'),'BA                  ','DOUBLEHEADER');
Insert into CUHELLUB.EVENT (ID,"date",CATEGORY_NAME,EVENT_TYPE_TYPE) values (158,to_date('28-NOV-13','DD-MON-RR'),'BA                  ','DOUBLEHEADER');
Insert into CUHELLUB.EVENT (ID,"date",CATEGORY_NAME,EVENT_TYPE_TYPE) values (159,to_date('29-JAN-14','DD-MON-RR'),'BA                  ','PRACTICE');
Insert into CUHELLUB.EVENT (ID,"date",CATEGORY_NAME,EVENT_TYPE_TYPE) values (160,to_date('17-AUG-16','DD-MON-RR'),'BA                  ','GAME');
Insert into CUHELLUB.EVENT (ID,"date",CATEGORY_NAME,EVENT_TYPE_TYPE) values (161,to_date('12-JUL-15','DD-MON-RR'),'BA                  ','PRACTICE');
Insert into CUHELLUB.EVENT (ID,"date",CATEGORY_NAME,EVENT_TYPE_TYPE) values (162,to_date('12-APR-14','DD-MON-RR'),'BA                  ','PRACTICE');
Insert into CUHELLUB.EVENT (ID,"date",CATEGORY_NAME,EVENT_TYPE_TYPE) values (163,to_date('16-SEP-15','DD-MON-RR'),'BA                  ','PRACTICE');
Insert into CUHELLUB.EVENT (ID,"date",CATEGORY_NAME,EVENT_TYPE_TYPE) values (164,to_date('25-DEC-13','DD-MON-RR'),'BA                  ','PRACTICE');
Insert into CUHELLUB.EVENT (ID,"date",CATEGORY_NAME,EVENT_TYPE_TYPE) values (165,to_date('26-SEP-16','DD-MON-RR'),'BA                  ','DOUBLEHEADER');
Insert into CUHELLUB.EVENT (ID,"date",CATEGORY_NAME,EVENT_TYPE_TYPE) values (166,to_date('03-NOV-14','DD-MON-RR'),'BA                  ','PRACTICE');
Insert into CUHELLUB.EVENT (ID,"date",CATEGORY_NAME,EVENT_TYPE_TYPE) values (167,to_date('08-MAY-15','DD-MON-RR'),'BA                  ','DOUBLEHEADER');
Insert into CUHELLUB.EVENT (ID,"date",CATEGORY_NAME,EVENT_TYPE_TYPE) values (168,to_date('02-JUL-16','DD-MON-RR'),'BA                  ','PRACTICE');
Insert into CUHELLUB.EVENT (ID,"date",CATEGORY_NAME,EVENT_TYPE_TYPE) values (169,to_date('02-FEB-15','DD-MON-RR'),'BA                  ','GAME');
Insert into CUHELLUB.EVENT (ID,"date",CATEGORY_NAME,EVENT_TYPE_TYPE) values (170,to_date('25-OCT-14','DD-MON-RR'),'BA                  ','DOUBLEHEADER');
Insert into CUHELLUB.EVENT (ID,"date",CATEGORY_NAME,EVENT_TYPE_TYPE) values (171,to_date('11-OCT-15','DD-MON-RR'),'BA                  ','PRACTICE');
Insert into CUHELLUB.EVENT (ID,"date",CATEGORY_NAME,EVENT_TYPE_TYPE) values (172,to_date('20-FEB-16','DD-MON-RR'),'BA                  ','DOUBLEHEADER');
Insert into CUHELLUB.EVENT (ID,"date",CATEGORY_NAME,EVENT_TYPE_TYPE) values (173,to_date('26-OCT-16','DD-MON-RR'),'BA                  ','PRACTICE');
Insert into CUHELLUB.EVENT (ID,"date",CATEGORY_NAME,EVENT_TYPE_TYPE) values (174,to_date('16-JUN-16','DD-MON-RR'),'BA                  ','PRACTICE');
Insert into CUHELLUB.EVENT (ID,"date",CATEGORY_NAME,EVENT_TYPE_TYPE) values (175,to_date('12-JAN-13','DD-MON-RR'),'BA                  ','DOUBLEHEADER');
Insert into CUHELLUB.EVENT (ID,"date",CATEGORY_NAME,EVENT_TYPE_TYPE) values (176,to_date('31-MAY-16','DD-MON-RR'),'BA                  ','GAME');
Insert into CUHELLUB.EVENT (ID,"date",CATEGORY_NAME,EVENT_TYPE_TYPE) values (177,to_date('29-MAR-15','DD-MON-RR'),'BA                  ','DOUBLEHEADER');
Insert into CUHELLUB.EVENT (ID,"date",CATEGORY_NAME,EVENT_TYPE_TYPE) values (178,to_date('13-OCT-15','DD-MON-RR'),'BA                  ','PRACTICE');
Insert into CUHELLUB.EVENT (ID,"date",CATEGORY_NAME,EVENT_TYPE_TYPE) values (179,to_date('17-JAN-13','DD-MON-RR'),'BA                  ','GAME');
Insert into CUHELLUB.EVENT (ID,"date",CATEGORY_NAME,EVENT_TYPE_TYPE) values (180,to_date('27-JUL-16','DD-MON-RR'),'BA                  ','PRACTICE');
Insert into CUHELLUB.EVENT (ID,"date",CATEGORY_NAME,EVENT_TYPE_TYPE) values (181,to_date('16-AUG-14','DD-MON-RR'),'BA                  ','DOUBLEHEADER');
Insert into CUHELLUB.EVENT (ID,"date",CATEGORY_NAME,EVENT_TYPE_TYPE) values (182,to_date('10-NOV-14','DD-MON-RR'),'BA                  ','PRACTICE');
Insert into CUHELLUB.EVENT (ID,"date",CATEGORY_NAME,EVENT_TYPE_TYPE) values (183,to_date('09-OCT-16','DD-MON-RR'),'BA                  ','PRACTICE');
Insert into CUHELLUB.EVENT (ID,"date",CATEGORY_NAME,EVENT_TYPE_TYPE) values (184,to_date('03-FEB-15','DD-MON-RR'),'BA                  ','GAME');
Insert into CUHELLUB.EVENT (ID,"date",CATEGORY_NAME,EVENT_TYPE_TYPE) values (185,to_date('28-SEP-13','DD-MON-RR'),'BA                  ','GAME');
Insert into CUHELLUB.EVENT (ID,"date",CATEGORY_NAME,EVENT_TYPE_TYPE) values (186,to_date('14-SEP-13','DD-MON-RR'),'BA                  ','DOUBLEHEADER');
Insert into CUHELLUB.EVENT (ID,"date",CATEGORY_NAME,EVENT_TYPE_TYPE) values (187,to_date('10-OCT-14','DD-MON-RR'),'BA                  ','PRACTICE');
Insert into CUHELLUB.EVENT (ID,"date",CATEGORY_NAME,EVENT_TYPE_TYPE) values (188,to_date('27-APR-14','DD-MON-RR'),'BA                  ','PRACTICE');
Insert into CUHELLUB.EVENT (ID,"date",CATEGORY_NAME,EVENT_TYPE_TYPE) values (189,to_date('31-MAR-16','DD-MON-RR'),'BA                  ','GAME');
Insert into CUHELLUB.EVENT (ID,"date",CATEGORY_NAME,EVENT_TYPE_TYPE) values (190,to_date('09-SEP-16','DD-MON-RR'),'BA                  ','DOUBLEHEADER');
Insert into CUHELLUB.EVENT (ID,"date",CATEGORY_NAME,EVENT_TYPE_TYPE) values (191,to_date('19-APR-15','DD-MON-RR'),'BA                  ','PRACTICE');
Insert into CUHELLUB.EVENT (ID,"date",CATEGORY_NAME,EVENT_TYPE_TYPE) values (192,to_date('14-JUN-15','DD-MON-RR'),'BA                  ','DOUBLEHEADER');
Insert into CUHELLUB.EVENT (ID,"date",CATEGORY_NAME,EVENT_TYPE_TYPE) values (193,to_date('14-AUG-15','DD-MON-RR'),'BA                  ','GAME');
Insert into CUHELLUB.EVENT (ID,"date",CATEGORY_NAME,EVENT_TYPE_TYPE) values (194,to_date('22-DEC-12','DD-MON-RR'),'BA                  ','GAME');
Insert into CUHELLUB.EVENT (ID,"date",CATEGORY_NAME,EVENT_TYPE_TYPE) values (195,to_date('17-FEB-14','DD-MON-RR'),'BA                  ','GAME');
Insert into CUHELLUB.EVENT (ID,"date",CATEGORY_NAME,EVENT_TYPE_TYPE) values (196,to_date('15-AUG-16','DD-MON-RR'),'BA                  ','GAME');
Insert into CUHELLUB.EVENT (ID,"date",CATEGORY_NAME,EVENT_TYPE_TYPE) values (197,to_date('09-MAY-15','DD-MON-RR'),'BA                  ','GAME');
Insert into CUHELLUB.EVENT (ID,"date",CATEGORY_NAME,EVENT_TYPE_TYPE) values (198,to_date('19-JUL-15','DD-MON-RR'),'BA                  ','DOUBLEHEADER');
Insert into CUHELLUB.EVENT (ID,"date",CATEGORY_NAME,EVENT_TYPE_TYPE) values (199,to_date('07-APR-15','DD-MON-RR'),'BA                  ','DOUBLEHEADER');
Insert into CUHELLUB.EVENT (ID,"date",CATEGORY_NAME,EVENT_TYPE_TYPE) values (200,to_date('30-DEC-13','DD-MON-RR'),'BA                  ','GAME');
Insert into CUHELLUB.EVENT (ID,"date",CATEGORY_NAME,EVENT_TYPE_TYPE) values (201,to_date('06-JUL-16','DD-MON-RR'),'SA                  ','PRACTICE');
Insert into CUHELLUB.EVENT (ID,"date",CATEGORY_NAME,EVENT_TYPE_TYPE) values (202,to_date('05-AUG-13','DD-MON-RR'),'SA                  ','DOUBLEHEADER');
Insert into CUHELLUB.EVENT (ID,"date",CATEGORY_NAME,EVENT_TYPE_TYPE) values (203,to_date('11-FEB-13','DD-MON-RR'),'SA                  ','DOUBLEHEADER');
Insert into CUHELLUB.EVENT (ID,"date",CATEGORY_NAME,EVENT_TYPE_TYPE) values (204,to_date('02-NOV-16','DD-MON-RR'),'SA                  ','DOUBLEHEADER');
Insert into CUHELLUB.EVENT (ID,"date",CATEGORY_NAME,EVENT_TYPE_TYPE) values (205,to_date('20-DEC-15','DD-MON-RR'),'SA                  ','PRACTICE');
Insert into CUHELLUB.EVENT (ID,"date",CATEGORY_NAME,EVENT_TYPE_TYPE) values (206,to_date('16-JUL-16','DD-MON-RR'),'SA                  ','DOUBLEHEADER');
Insert into CUHELLUB.EVENT (ID,"date",CATEGORY_NAME,EVENT_TYPE_TYPE) values (207,to_date('29-MAR-15','DD-MON-RR'),'SA                  ','DOUBLEHEADER');
Insert into CUHELLUB.EVENT (ID,"date",CATEGORY_NAME,EVENT_TYPE_TYPE) values (208,to_date('29-APR-15','DD-MON-RR'),'SA                  ','DOUBLEHEADER');
Insert into CUHELLUB.EVENT (ID,"date",CATEGORY_NAME,EVENT_TYPE_TYPE) values (209,to_date('11-APR-16','DD-MON-RR'),'SA                  ','DOUBLEHEADER');
Insert into CUHELLUB.EVENT (ID,"date",CATEGORY_NAME,EVENT_TYPE_TYPE) values (210,to_date('06-DEC-14','DD-MON-RR'),'SA                  ','GAME');
Insert into CUHELLUB.EVENT (ID,"date",CATEGORY_NAME,EVENT_TYPE_TYPE) values (211,to_date('20-MAY-16','DD-MON-RR'),'SA                  ','PRACTICE');
Insert into CUHELLUB.EVENT (ID,"date",CATEGORY_NAME,EVENT_TYPE_TYPE) values (212,to_date('04-NOV-13','DD-MON-RR'),'SA                  ','DOUBLEHEADER');
Insert into CUHELLUB.EVENT (ID,"date",CATEGORY_NAME,EVENT_TYPE_TYPE) values (213,to_date('13-MAY-16','DD-MON-RR'),'SA                  ','PRACTICE');
Insert into CUHELLUB.EVENT (ID,"date",CATEGORY_NAME,EVENT_TYPE_TYPE) values (214,to_date('30-JUL-13','DD-MON-RR'),'SA                  ','PRACTICE');
Insert into CUHELLUB.EVENT (ID,"date",CATEGORY_NAME,EVENT_TYPE_TYPE) values (215,to_date('26-APR-14','DD-MON-RR'),'SA                  ','DOUBLEHEADER');
Insert into CUHELLUB.EVENT (ID,"date",CATEGORY_NAME,EVENT_TYPE_TYPE) values (216,to_date('24-SEP-14','DD-MON-RR'),'SA                  ','DOUBLEHEADER');
Insert into CUHELLUB.EVENT (ID,"date",CATEGORY_NAME,EVENT_TYPE_TYPE) values (217,to_date('25-NOV-13','DD-MON-RR'),'SA                  ','GAME');
Insert into CUHELLUB.EVENT (ID,"date",CATEGORY_NAME,EVENT_TYPE_TYPE) values (218,to_date('02-JUN-16','DD-MON-RR'),'SA                  ','PRACTICE');
Insert into CUHELLUB.EVENT (ID,"date",CATEGORY_NAME,EVENT_TYPE_TYPE) values (219,to_date('27-NOV-16','DD-MON-RR'),'SA                  ','DOUBLEHEADER');
Insert into CUHELLUB.EVENT (ID,"date",CATEGORY_NAME,EVENT_TYPE_TYPE) values (220,to_date('10-SEP-13','DD-MON-RR'),'SA                  ','GAME');
Insert into CUHELLUB.EVENT (ID,"date",CATEGORY_NAME,EVENT_TYPE_TYPE) values (221,to_date('27-MAR-14','DD-MON-RR'),'SA                  ','DOUBLEHEADER');
Insert into CUHELLUB.EVENT (ID,"date",CATEGORY_NAME,EVENT_TYPE_TYPE) values (222,to_date('09-MAR-15','DD-MON-RR'),'SA                  ','DOUBLEHEADER');
Insert into CUHELLUB.EVENT (ID,"date",CATEGORY_NAME,EVENT_TYPE_TYPE) values (223,to_date('24-MAR-13','DD-MON-RR'),'SA                  ','GAME');
Insert into CUHELLUB.EVENT (ID,"date",CATEGORY_NAME,EVENT_TYPE_TYPE) values (224,to_date('01-NOV-13','DD-MON-RR'),'SA                  ','PRACTICE');
Insert into CUHELLUB.EVENT (ID,"date",CATEGORY_NAME,EVENT_TYPE_TYPE) values (225,to_date('08-AUG-14','DD-MON-RR'),'SA                  ','PRACTICE');
Insert into CUHELLUB.EVENT (ID,"date",CATEGORY_NAME,EVENT_TYPE_TYPE) values (226,to_date('12-OCT-14','DD-MON-RR'),'SA                  ','GAME');
Insert into CUHELLUB.EVENT (ID,"date",CATEGORY_NAME,EVENT_TYPE_TYPE) values (227,to_date('31-AUG-16','DD-MON-RR'),'SA                  ','DOUBLEHEADER');
Insert into CUHELLUB.EVENT (ID,"date",CATEGORY_NAME,EVENT_TYPE_TYPE) values (228,to_date('14-OCT-15','DD-MON-RR'),'SA                  ','DOUBLEHEADER');
Insert into CUHELLUB.EVENT (ID,"date",CATEGORY_NAME,EVENT_TYPE_TYPE) values (229,to_date('10-JUL-13','DD-MON-RR'),'SA                  ','GAME');
Insert into CUHELLUB.EVENT (ID,"date",CATEGORY_NAME,EVENT_TYPE_TYPE) values (230,to_date('01-DEC-14','DD-MON-RR'),'SA                  ','DOUBLEHEADER');
Insert into CUHELLUB.EVENT (ID,"date",CATEGORY_NAME,EVENT_TYPE_TYPE) values (231,to_date('29-MAY-16','DD-MON-RR'),'SA                  ','PRACTICE');
Insert into CUHELLUB.EVENT (ID,"date",CATEGORY_NAME,EVENT_TYPE_TYPE) values (232,to_date('04-MAR-13','DD-MON-RR'),'SA                  ','PRACTICE');
Insert into CUHELLUB.EVENT (ID,"date",CATEGORY_NAME,EVENT_TYPE_TYPE) values (233,to_date('07-SEP-13','DD-MON-RR'),'SA                  ','PRACTICE');
Insert into CUHELLUB.EVENT (ID,"date",CATEGORY_NAME,EVENT_TYPE_TYPE) values (234,to_date('31-JAN-16','DD-MON-RR'),'SA                  ','DOUBLEHEADER');
Insert into CUHELLUB.EVENT (ID,"date",CATEGORY_NAME,EVENT_TYPE_TYPE) values (235,to_date('04-NOV-14','DD-MON-RR'),'SA                  ','PRACTICE');
Insert into CUHELLUB.EVENT (ID,"date",CATEGORY_NAME,EVENT_TYPE_TYPE) values (236,to_date('11-FEB-14','DD-MON-RR'),'SA                  ','DOUBLEHEADER');
Insert into CUHELLUB.EVENT (ID,"date",CATEGORY_NAME,EVENT_TYPE_TYPE) values (237,to_date('16-JUN-15','DD-MON-RR'),'SA                  ','DOUBLEHEADER');
Insert into CUHELLUB.EVENT (ID,"date",CATEGORY_NAME,EVENT_TYPE_TYPE) values (238,to_date('15-JAN-14','DD-MON-RR'),'SA                  ','PRACTICE');
Insert into CUHELLUB.EVENT (ID,"date",CATEGORY_NAME,EVENT_TYPE_TYPE) values (239,to_date('30-DEC-13','DD-MON-RR'),'SA                  ','PRACTICE');
Insert into CUHELLUB.EVENT (ID,"date",CATEGORY_NAME,EVENT_TYPE_TYPE) values (240,to_date('24-JAN-15','DD-MON-RR'),'SA                  ','DOUBLEHEADER');
Insert into CUHELLUB.EVENT (ID,"date",CATEGORY_NAME,EVENT_TYPE_TYPE) values (241,to_date('06-SEP-13','DD-MON-RR'),'SA                  ','GAME');
Insert into CUHELLUB.EVENT (ID,"date",CATEGORY_NAME,EVENT_TYPE_TYPE) values (242,to_date('01-DEC-13','DD-MON-RR'),'SA                  ','GAME');
Insert into CUHELLUB.EVENT (ID,"date",CATEGORY_NAME,EVENT_TYPE_TYPE) values (243,to_date('18-JUL-15','DD-MON-RR'),'SA                  ','PRACTICE');
Insert into CUHELLUB.EVENT (ID,"date",CATEGORY_NAME,EVENT_TYPE_TYPE) values (244,to_date('11-JAN-16','DD-MON-RR'),'SA                  ','GAME');
Insert into CUHELLUB.EVENT (ID,"date",CATEGORY_NAME,EVENT_TYPE_TYPE) values (245,to_date('23-OCT-14','DD-MON-RR'),'SA                  ','GAME');
Insert into CUHELLUB.EVENT (ID,"date",CATEGORY_NAME,EVENT_TYPE_TYPE) values (246,to_date('02-MAY-13','DD-MON-RR'),'SA                  ','GAME');
Insert into CUHELLUB.EVENT (ID,"date",CATEGORY_NAME,EVENT_TYPE_TYPE) values (247,to_date('05-FEB-14','DD-MON-RR'),'SA                  ','PRACTICE');
Insert into CUHELLUB.EVENT (ID,"date",CATEGORY_NAME,EVENT_TYPE_TYPE) values (248,to_date('19-OCT-15','DD-MON-RR'),'SA                  ','PRACTICE');
Insert into CUHELLUB.EVENT (ID,"date",CATEGORY_NAME,EVENT_TYPE_TYPE) values (249,to_date('06-NOV-14','DD-MON-RR'),'SA                  ','PRACTICE');
Insert into CUHELLUB.EVENT (ID,"date",CATEGORY_NAME,EVENT_TYPE_TYPE) values (250,to_date('23-JUN-15','DD-MON-RR'),'SA                  ','GAME');
Insert into CUHELLUB.EVENT (ID,"date",CATEGORY_NAME,EVENT_TYPE_TYPE) values (251,to_date('03-SEP-16','DD-MON-RR'),'SA                  ','PRACTICE');
Insert into CUHELLUB.EVENT (ID,"date",CATEGORY_NAME,EVENT_TYPE_TYPE) values (252,to_date('21-OCT-13','DD-MON-RR'),'SA                  ','PRACTICE');
Insert into CUHELLUB.EVENT (ID,"date",CATEGORY_NAME,EVENT_TYPE_TYPE) values (253,to_date('27-MAY-16','DD-MON-RR'),'SA                  ','GAME');
Insert into CUHELLUB.EVENT (ID,"date",CATEGORY_NAME,EVENT_TYPE_TYPE) values (254,to_date('23-MAY-13','DD-MON-RR'),'SA                  ','PRACTICE');
Insert into CUHELLUB.EVENT (ID,"date",CATEGORY_NAME,EVENT_TYPE_TYPE) values (255,to_date('31-MAR-16','DD-MON-RR'),'SA                  ','DOUBLEHEADER');
Insert into CUHELLUB.EVENT (ID,"date",CATEGORY_NAME,EVENT_TYPE_TYPE) values (256,to_date('21-MAR-14','DD-MON-RR'),'SA                  ','PRACTICE');
Insert into CUHELLUB.EVENT (ID,"date",CATEGORY_NAME,EVENT_TYPE_TYPE) values (257,to_date('14-SEP-14','DD-MON-RR'),'SA                  ','PRACTICE');
Insert into CUHELLUB.EVENT (ID,"date",CATEGORY_NAME,EVENT_TYPE_TYPE) values (258,to_date('08-SEP-16','DD-MON-RR'),'SA                  ','PRACTICE');
Insert into CUHELLUB.EVENT (ID,"date",CATEGORY_NAME,EVENT_TYPE_TYPE) values (259,to_date('13-OCT-14','DD-MON-RR'),'SA                  ','PRACTICE');
Insert into CUHELLUB.EVENT (ID,"date",CATEGORY_NAME,EVENT_TYPE_TYPE) values (260,to_date('12-JAN-14','DD-MON-RR'),'SA                  ','PRACTICE');
Insert into CUHELLUB.EVENT (ID,"date",CATEGORY_NAME,EVENT_TYPE_TYPE) values (261,to_date('04-SEP-15','DD-MON-RR'),'SA                  ','DOUBLEHEADER');
Insert into CUHELLUB.EVENT (ID,"date",CATEGORY_NAME,EVENT_TYPE_TYPE) values (262,to_date('02-FEB-16','DD-MON-RR'),'SA                  ','PRACTICE');
Insert into CUHELLUB.EVENT (ID,"date",CATEGORY_NAME,EVENT_TYPE_TYPE) values (263,to_date('01-SEP-14','DD-MON-RR'),'SA                  ','GAME');
Insert into CUHELLUB.EVENT (ID,"date",CATEGORY_NAME,EVENT_TYPE_TYPE) values (264,to_date('05-OCT-14','DD-MON-RR'),'SA                  ','PRACTICE');
Insert into CUHELLUB.EVENT (ID,"date",CATEGORY_NAME,EVENT_TYPE_TYPE) values (265,to_date('21-MAR-13','DD-MON-RR'),'SA                  ','GAME');
Insert into CUHELLUB.EVENT (ID,"date",CATEGORY_NAME,EVENT_TYPE_TYPE) values (266,to_date('04-SEP-13','DD-MON-RR'),'SA                  ','PRACTICE');
Insert into CUHELLUB.EVENT (ID,"date",CATEGORY_NAME,EVENT_TYPE_TYPE) values (267,to_date('10-MAY-14','DD-MON-RR'),'SA                  ','GAME');
Insert into CUHELLUB.EVENT (ID,"date",CATEGORY_NAME,EVENT_TYPE_TYPE) values (268,to_date('02-JUL-16','DD-MON-RR'),'SA                  ','PRACTICE');
Insert into CUHELLUB.EVENT (ID,"date",CATEGORY_NAME,EVENT_TYPE_TYPE) values (269,to_date('01-FEB-14','DD-MON-RR'),'SA                  ','DOUBLEHEADER');
Insert into CUHELLUB.EVENT (ID,"date",CATEGORY_NAME,EVENT_TYPE_TYPE) values (270,to_date('13-AUG-15','DD-MON-RR'),'SA                  ','GAME');
Insert into CUHELLUB.EVENT (ID,"date",CATEGORY_NAME,EVENT_TYPE_TYPE) values (271,to_date('25-DEC-15','DD-MON-RR'),'SA                  ','GAME');
Insert into CUHELLUB.EVENT (ID,"date",CATEGORY_NAME,EVENT_TYPE_TYPE) values (272,to_date('07-DEC-13','DD-MON-RR'),'SA                  ','GAME');
Insert into CUHELLUB.EVENT (ID,"date",CATEGORY_NAME,EVENT_TYPE_TYPE) values (273,to_date('31-MAY-16','DD-MON-RR'),'SA                  ','GAME');
Insert into CUHELLUB.EVENT (ID,"date",CATEGORY_NAME,EVENT_TYPE_TYPE) values (274,to_date('04-MAY-16','DD-MON-RR'),'SA                  ','PRACTICE');
Insert into CUHELLUB.EVENT (ID,"date",CATEGORY_NAME,EVENT_TYPE_TYPE) values (275,to_date('10-OCT-14','DD-MON-RR'),'SA                  ','DOUBLEHEADER');
Insert into CUHELLUB.EVENT (ID,"date",CATEGORY_NAME,EVENT_TYPE_TYPE) values (276,to_date('10-FEB-13','DD-MON-RR'),'SA                  ','GAME');
Insert into CUHELLUB.EVENT (ID,"date",CATEGORY_NAME,EVENT_TYPE_TYPE) values (277,to_date('14-MAR-15','DD-MON-RR'),'SA                  ','DOUBLEHEADER');
Insert into CUHELLUB.EVENT (ID,"date",CATEGORY_NAME,EVENT_TYPE_TYPE) values (278,to_date('02-OCT-15','DD-MON-RR'),'SA                  ','PRACTICE');
Insert into CUHELLUB.EVENT (ID,"date",CATEGORY_NAME,EVENT_TYPE_TYPE) values (279,to_date('13-NOV-13','DD-MON-RR'),'SA                  ','DOUBLEHEADER');
Insert into CUHELLUB.EVENT (ID,"date",CATEGORY_NAME,EVENT_TYPE_TYPE) values (280,to_date('16-MAY-16','DD-MON-RR'),'SA                  ','PRACTICE');
Insert into CUHELLUB.EVENT (ID,"date",CATEGORY_NAME,EVENT_TYPE_TYPE) values (281,to_date('06-APR-14','DD-MON-RR'),'SA                  ','PRACTICE');
Insert into CUHELLUB.EVENT (ID,"date",CATEGORY_NAME,EVENT_TYPE_TYPE) values (282,to_date('20-FEB-14','DD-MON-RR'),'SA                  ','GAME');
Insert into CUHELLUB.EVENT (ID,"date",CATEGORY_NAME,EVENT_TYPE_TYPE) values (283,to_date('30-MAY-14','DD-MON-RR'),'SA                  ','PRACTICE');
Insert into CUHELLUB.EVENT (ID,"date",CATEGORY_NAME,EVENT_TYPE_TYPE) values (284,to_date('13-NOV-14','DD-MON-RR'),'SA                  ','GAME');
Insert into CUHELLUB.EVENT (ID,"date",CATEGORY_NAME,EVENT_TYPE_TYPE) values (285,to_date('04-MAR-14','DD-MON-RR'),'SA                  ','PRACTICE');
Insert into CUHELLUB.EVENT (ID,"date",CATEGORY_NAME,EVENT_TYPE_TYPE) values (286,to_date('09-MAY-13','DD-MON-RR'),'SA                  ','DOUBLEHEADER');
Insert into CUHELLUB.EVENT (ID,"date",CATEGORY_NAME,EVENT_TYPE_TYPE) values (287,to_date('02-SEP-14','DD-MON-RR'),'SA                  ','PRACTICE');
Insert into CUHELLUB.EVENT (ID,"date",CATEGORY_NAME,EVENT_TYPE_TYPE) values (288,to_date('16-JUL-13','DD-MON-RR'),'SA                  ','PRACTICE');
Insert into CUHELLUB.EVENT (ID,"date",CATEGORY_NAME,EVENT_TYPE_TYPE) values (289,to_date('04-JAN-15','DD-MON-RR'),'SA                  ','PRACTICE');
Insert into CUHELLUB.EVENT (ID,"date",CATEGORY_NAME,EVENT_TYPE_TYPE) values (290,to_date('21-FEB-13','DD-MON-RR'),'SA                  ','GAME');
Insert into CUHELLUB.EVENT (ID,"date",CATEGORY_NAME,EVENT_TYPE_TYPE) values (291,to_date('08-NOV-16','DD-MON-RR'),'SA                  ','GAME');
Insert into CUHELLUB.EVENT (ID,"date",CATEGORY_NAME,EVENT_TYPE_TYPE) values (292,to_date('01-JUL-16','DD-MON-RR'),'SA                  ','GAME');
Insert into CUHELLUB.EVENT (ID,"date",CATEGORY_NAME,EVENT_TYPE_TYPE) values (293,to_date('26-MAR-15','DD-MON-RR'),'SA                  ','DOUBLEHEADER');
Insert into CUHELLUB.EVENT (ID,"date",CATEGORY_NAME,EVENT_TYPE_TYPE) values (294,to_date('07-SEP-13','DD-MON-RR'),'SA                  ','GAME');
Insert into CUHELLUB.EVENT (ID,"date",CATEGORY_NAME,EVENT_TYPE_TYPE) values (295,to_date('10-NOV-14','DD-MON-RR'),'SA                  ','GAME');
Insert into CUHELLUB.EVENT (ID,"date",CATEGORY_NAME,EVENT_TYPE_TYPE) values (296,to_date('26-MAR-15','DD-MON-RR'),'SA                  ','PRACTICE');
Insert into CUHELLUB.EVENT (ID,"date",CATEGORY_NAME,EVENT_TYPE_TYPE) values (297,to_date('12-FEB-15','DD-MON-RR'),'SA                  ','DOUBLEHEADER');
Insert into CUHELLUB.EVENT (ID,"date",CATEGORY_NAME,EVENT_TYPE_TYPE) values (298,to_date('26-MAR-14','DD-MON-RR'),'SA                  ','PRACTICE');
Insert into CUHELLUB.EVENT (ID,"date",CATEGORY_NAME,EVENT_TYPE_TYPE) values (299,to_date('21-DEC-15','DD-MON-RR'),'SA                  ','DOUBLEHEADER');
Insert into CUHELLUB.EVENT (ID,"date",CATEGORY_NAME,EVENT_TYPE_TYPE) values (300,to_date('05-MAY-13','DD-MON-RR'),'SA                  ','PRACTICE');
Insert into CUHELLUB.EVENT (ID,"date",CATEGORY_NAME,EVENT_TYPE_TYPE) values (301,to_date('09-MAY-15','DD-MON-RR'),'B21                 ','DOUBLEHEADER');
Insert into CUHELLUB.EVENT (ID,"date",CATEGORY_NAME,EVENT_TYPE_TYPE) values (302,to_date('18-MAY-15','DD-MON-RR'),'B21                 ','PRACTICE');
Insert into CUHELLUB.EVENT (ID,"date",CATEGORY_NAME,EVENT_TYPE_TYPE) values (303,to_date('04-JUL-15','DD-MON-RR'),'B21                 ','DOUBLEHEADER');
Insert into CUHELLUB.EVENT (ID,"date",CATEGORY_NAME,EVENT_TYPE_TYPE) values (304,to_date('31-OCT-13','DD-MON-RR'),'B21                 ','DOUBLEHEADER');
Insert into CUHELLUB.EVENT (ID,"date",CATEGORY_NAME,EVENT_TYPE_TYPE) values (305,to_date('05-JUN-16','DD-MON-RR'),'B21                 ','GAME');
Insert into CUHELLUB.EVENT (ID,"date",CATEGORY_NAME,EVENT_TYPE_TYPE) values (306,to_date('20-FEB-14','DD-MON-RR'),'B21                 ','PRACTICE');
Insert into CUHELLUB.EVENT (ID,"date",CATEGORY_NAME,EVENT_TYPE_TYPE) values (307,to_date('26-APR-15','DD-MON-RR'),'B21                 ','DOUBLEHEADER');
Insert into CUHELLUB.EVENT (ID,"date",CATEGORY_NAME,EVENT_TYPE_TYPE) values (308,to_date('01-JUL-15','DD-MON-RR'),'B21                 ','PRACTICE');
Insert into CUHELLUB.EVENT (ID,"date",CATEGORY_NAME,EVENT_TYPE_TYPE) values (309,to_date('25-JUL-16','DD-MON-RR'),'B21                 ','GAME');
Insert into CUHELLUB.EVENT (ID,"date",CATEGORY_NAME,EVENT_TYPE_TYPE) values (310,to_date('14-OCT-16','DD-MON-RR'),'B21                 ','PRACTICE');
Insert into CUHELLUB.EVENT (ID,"date",CATEGORY_NAME,EVENT_TYPE_TYPE) values (311,to_date('16-NOV-14','DD-MON-RR'),'B21                 ','GAME');
Insert into CUHELLUB.EVENT (ID,"date",CATEGORY_NAME,EVENT_TYPE_TYPE) values (312,to_date('17-SEP-14','DD-MON-RR'),'B21                 ','PRACTICE');
Insert into CUHELLUB.EVENT (ID,"date",CATEGORY_NAME,EVENT_TYPE_TYPE) values (313,to_date('11-MAR-14','DD-MON-RR'),'B21                 ','DOUBLEHEADER');
Insert into CUHELLUB.EVENT (ID,"date",CATEGORY_NAME,EVENT_TYPE_TYPE) values (314,to_date('09-DEC-13','DD-MON-RR'),'B21                 ','DOUBLEHEADER');
Insert into CUHELLUB.EVENT (ID,"date",CATEGORY_NAME,EVENT_TYPE_TYPE) values (315,to_date('11-JUL-16','DD-MON-RR'),'B21                 ','DOUBLEHEADER');
Insert into CUHELLUB.EVENT (ID,"date",CATEGORY_NAME,EVENT_TYPE_TYPE) values (316,to_date('15-JAN-13','DD-MON-RR'),'B21                 ','DOUBLEHEADER');
Insert into CUHELLUB.EVENT (ID,"date",CATEGORY_NAME,EVENT_TYPE_TYPE) values (317,to_date('27-AUG-13','DD-MON-RR'),'B21                 ','PRACTICE');
Insert into CUHELLUB.EVENT (ID,"date",CATEGORY_NAME,EVENT_TYPE_TYPE) values (318,to_date('08-MAR-13','DD-MON-RR'),'B21                 ','DOUBLEHEADER');
Insert into CUHELLUB.EVENT (ID,"date",CATEGORY_NAME,EVENT_TYPE_TYPE) values (319,to_date('23-JUL-14','DD-MON-RR'),'B21                 ','PRACTICE');
Insert into CUHELLUB.EVENT (ID,"date",CATEGORY_NAME,EVENT_TYPE_TYPE) values (320,to_date('23-AUG-14','DD-MON-RR'),'B21                 ','GAME');
Insert into CUHELLUB.EVENT (ID,"date",CATEGORY_NAME,EVENT_TYPE_TYPE) values (321,to_date('09-JUN-16','DD-MON-RR'),'B21                 ','PRACTICE');
Insert into CUHELLUB.EVENT (ID,"date",CATEGORY_NAME,EVENT_TYPE_TYPE) values (322,to_date('17-NOV-15','DD-MON-RR'),'B21                 ','DOUBLEHEADER');
Insert into CUHELLUB.EVENT (ID,"date",CATEGORY_NAME,EVENT_TYPE_TYPE) values (323,to_date('29-NOV-15','DD-MON-RR'),'B21                 ','DOUBLEHEADER');
Insert into CUHELLUB.EVENT (ID,"date",CATEGORY_NAME,EVENT_TYPE_TYPE) values (324,to_date('16-OCT-16','DD-MON-RR'),'B21                 ','DOUBLEHEADER');
Insert into CUHELLUB.EVENT (ID,"date",CATEGORY_NAME,EVENT_TYPE_TYPE) values (325,to_date('03-AUG-14','DD-MON-RR'),'B21                 ','PRACTICE');
Insert into CUHELLUB.EVENT (ID,"date",CATEGORY_NAME,EVENT_TYPE_TYPE) values (326,to_date('08-DEC-13','DD-MON-RR'),'B21                 ','DOUBLEHEADER');
Insert into CUHELLUB.EVENT (ID,"date",CATEGORY_NAME,EVENT_TYPE_TYPE) values (327,to_date('15-JUN-14','DD-MON-RR'),'B21                 ','DOUBLEHEADER');
Insert into CUHELLUB.EVENT (ID,"date",CATEGORY_NAME,EVENT_TYPE_TYPE) values (328,to_date('26-NOV-16','DD-MON-RR'),'B21                 ','PRACTICE');
Insert into CUHELLUB.EVENT (ID,"date",CATEGORY_NAME,EVENT_TYPE_TYPE) values (329,to_date('10-FEB-13','DD-MON-RR'),'B21                 ','GAME');
Insert into CUHELLUB.EVENT (ID,"date",CATEGORY_NAME,EVENT_TYPE_TYPE) values (330,to_date('04-JUN-15','DD-MON-RR'),'B21                 ','PRACTICE');
Insert into CUHELLUB.EVENT (ID,"date",CATEGORY_NAME,EVENT_TYPE_TYPE) values (331,to_date('24-APR-15','DD-MON-RR'),'B21                 ','GAME');
Insert into CUHELLUB.EVENT (ID,"date",CATEGORY_NAME,EVENT_TYPE_TYPE) values (332,to_date('29-MAR-14','DD-MON-RR'),'B21                 ','DOUBLEHEADER');
Insert into CUHELLUB.EVENT (ID,"date",CATEGORY_NAME,EVENT_TYPE_TYPE) values (333,to_date('11-AUG-15','DD-MON-RR'),'B21                 ','PRACTICE');
Insert into CUHELLUB.EVENT (ID,"date",CATEGORY_NAME,EVENT_TYPE_TYPE) values (334,to_date('21-JUN-16','DD-MON-RR'),'B21                 ','PRACTICE');
Insert into CUHELLUB.EVENT (ID,"date",CATEGORY_NAME,EVENT_TYPE_TYPE) values (335,to_date('14-SEP-15','DD-MON-RR'),'B21                 ','GAME');
Insert into CUHELLUB.EVENT (ID,"date",CATEGORY_NAME,EVENT_TYPE_TYPE) values (336,to_date('30-JUN-13','DD-MON-RR'),'B21                 ','DOUBLEHEADER');
Insert into CUHELLUB.EVENT (ID,"date",CATEGORY_NAME,EVENT_TYPE_TYPE) values (337,to_date('09-NOV-15','DD-MON-RR'),'B21                 ','GAME');
Insert into CUHELLUB.EVENT (ID,"date",CATEGORY_NAME,EVENT_TYPE_TYPE) values (338,to_date('30-SEP-14','DD-MON-RR'),'B21                 ','DOUBLEHEADER');
Insert into CUHELLUB.EVENT (ID,"date",CATEGORY_NAME,EVENT_TYPE_TYPE) values (339,to_date('06-JUL-13','DD-MON-RR'),'B21                 ','GAME');
Insert into CUHELLUB.EVENT (ID,"date",CATEGORY_NAME,EVENT_TYPE_TYPE) values (340,to_date('06-JUN-13','DD-MON-RR'),'B21                 ','DOUBLEHEADER');
Insert into CUHELLUB.EVENT (ID,"date",CATEGORY_NAME,EVENT_TYPE_TYPE) values (341,to_date('09-JUN-16','DD-MON-RR'),'B21                 ','DOUBLEHEADER');
Insert into CUHELLUB.EVENT (ID,"date",CATEGORY_NAME,EVENT_TYPE_TYPE) values (342,to_date('06-JAN-13','DD-MON-RR'),'B21                 ','DOUBLEHEADER');
Insert into CUHELLUB.EVENT (ID,"date",CATEGORY_NAME,EVENT_TYPE_TYPE) values (343,to_date('31-JUL-16','DD-MON-RR'),'B21                 ','PRACTICE');
Insert into CUHELLUB.EVENT (ID,"date",CATEGORY_NAME,EVENT_TYPE_TYPE) values (344,to_date('27-FEB-15','DD-MON-RR'),'B21                 ','DOUBLEHEADER');
Insert into CUHELLUB.EVENT (ID,"date",CATEGORY_NAME,EVENT_TYPE_TYPE) values (345,to_date('25-NOV-13','DD-MON-RR'),'B21                 ','PRACTICE');
Insert into CUHELLUB.EVENT (ID,"date",CATEGORY_NAME,EVENT_TYPE_TYPE) values (346,to_date('20-MAY-15','DD-MON-RR'),'B21                 ','DOUBLEHEADER');
Insert into CUHELLUB.EVENT (ID,"date",CATEGORY_NAME,EVENT_TYPE_TYPE) values (347,to_date('16-MAR-13','DD-MON-RR'),'B21                 ','PRACTICE');
Insert into CUHELLUB.EVENT (ID,"date",CATEGORY_NAME,EVENT_TYPE_TYPE) values (348,to_date('25-JUN-13','DD-MON-RR'),'B21                 ','DOUBLEHEADER');
Insert into CUHELLUB.EVENT (ID,"date",CATEGORY_NAME,EVENT_TYPE_TYPE) values (349,to_date('21-OCT-16','DD-MON-RR'),'B21                 ','GAME');
Insert into CUHELLUB.EVENT (ID,"date",CATEGORY_NAME,EVENT_TYPE_TYPE) values (350,to_date('14-SEP-13','DD-MON-RR'),'B21                 ','DOUBLEHEADER');
Insert into CUHELLUB.EVENT (ID,"date",CATEGORY_NAME,EVENT_TYPE_TYPE) values (351,to_date('25-MAY-16','DD-MON-RR'),'B21                 ','GAME');
Insert into CUHELLUB.EVENT (ID,"date",CATEGORY_NAME,EVENT_TYPE_TYPE) values (352,to_date('04-DEC-15','DD-MON-RR'),'B21                 ','PRACTICE');
Insert into CUHELLUB.EVENT (ID,"date",CATEGORY_NAME,EVENT_TYPE_TYPE) values (353,to_date('31-OCT-15','DD-MON-RR'),'B21                 ','GAME');
Insert into CUHELLUB.EVENT (ID,"date",CATEGORY_NAME,EVENT_TYPE_TYPE) values (354,to_date('24-DEC-13','DD-MON-RR'),'B21                 ','PRACTICE');
Insert into CUHELLUB.EVENT (ID,"date",CATEGORY_NAME,EVENT_TYPE_TYPE) values (355,to_date('15-APR-13','DD-MON-RR'),'B21                 ','PRACTICE');
Insert into CUHELLUB.EVENT (ID,"date",CATEGORY_NAME,EVENT_TYPE_TYPE) values (356,to_date('14-DEC-12','DD-MON-RR'),'B21                 ','DOUBLEHEADER');
Insert into CUHELLUB.EVENT (ID,"date",CATEGORY_NAME,EVENT_TYPE_TYPE) values (357,to_date('30-MAR-15','DD-MON-RR'),'B21                 ','PRACTICE');
Insert into CUHELLUB.EVENT (ID,"date",CATEGORY_NAME,EVENT_TYPE_TYPE) values (358,to_date('02-JUN-16','DD-MON-RR'),'B21                 ','GAME');
Insert into CUHELLUB.EVENT (ID,"date",CATEGORY_NAME,EVENT_TYPE_TYPE) values (359,to_date('27-MAY-13','DD-MON-RR'),'B21                 ','PRACTICE');
Insert into CUHELLUB.EVENT (ID,"date",CATEGORY_NAME,EVENT_TYPE_TYPE) values (360,to_date('08-MAR-15','DD-MON-RR'),'B21                 ','DOUBLEHEADER');
Insert into CUHELLUB.EVENT (ID,"date",CATEGORY_NAME,EVENT_TYPE_TYPE) values (361,to_date('16-DEC-12','DD-MON-RR'),'B21                 ','PRACTICE');
Insert into CUHELLUB.EVENT (ID,"date",CATEGORY_NAME,EVENT_TYPE_TYPE) values (362,to_date('26-JUN-13','DD-MON-RR'),'B21                 ','GAME');
Insert into CUHELLUB.EVENT (ID,"date",CATEGORY_NAME,EVENT_TYPE_TYPE) values (363,to_date('29-JAN-16','DD-MON-RR'),'B21                 ','GAME');
Insert into CUHELLUB.EVENT (ID,"date",CATEGORY_NAME,EVENT_TYPE_TYPE) values (364,to_date('09-APR-13','DD-MON-RR'),'B21                 ','GAME');
Insert into CUHELLUB.EVENT (ID,"date",CATEGORY_NAME,EVENT_TYPE_TYPE) values (365,to_date('28-DEC-15','DD-MON-RR'),'B21                 ','GAME');
Insert into CUHELLUB.EVENT (ID,"date",CATEGORY_NAME,EVENT_TYPE_TYPE) values (366,to_date('08-OCT-13','DD-MON-RR'),'B21                 ','PRACTICE');
Insert into CUHELLUB.EVENT (ID,"date",CATEGORY_NAME,EVENT_TYPE_TYPE) values (367,to_date('13-MAY-14','DD-MON-RR'),'B21                 ','GAME');
Insert into CUHELLUB.EVENT (ID,"date",CATEGORY_NAME,EVENT_TYPE_TYPE) values (368,to_date('27-OCT-13','DD-MON-RR'),'B21                 ','PRACTICE');
Insert into CUHELLUB.EVENT (ID,"date",CATEGORY_NAME,EVENT_TYPE_TYPE) values (369,to_date('15-SEP-15','DD-MON-RR'),'B21                 ','PRACTICE');
Insert into CUHELLUB.EVENT (ID,"date",CATEGORY_NAME,EVENT_TYPE_TYPE) values (370,to_date('27-MAY-14','DD-MON-RR'),'B21                 ','GAME');
Insert into CUHELLUB.EVENT (ID,"date",CATEGORY_NAME,EVENT_TYPE_TYPE) values (371,to_date('11-MAR-15','DD-MON-RR'),'B21                 ','GAME');
Insert into CUHELLUB.EVENT (ID,"date",CATEGORY_NAME,EVENT_TYPE_TYPE) values (372,to_date('11-JUN-14','DD-MON-RR'),'B21                 ','GAME');
Insert into CUHELLUB.EVENT (ID,"date",CATEGORY_NAME,EVENT_TYPE_TYPE) values (373,to_date('05-MAR-16','DD-MON-RR'),'B21                 ','DOUBLEHEADER');
Insert into CUHELLUB.EVENT (ID,"date",CATEGORY_NAME,EVENT_TYPE_TYPE) values (374,to_date('07-JUN-14','DD-MON-RR'),'B21                 ','GAME');
Insert into CUHELLUB.EVENT (ID,"date",CATEGORY_NAME,EVENT_TYPE_TYPE) values (375,to_date('29-JUL-14','DD-MON-RR'),'B21                 ','GAME');
Insert into CUHELLUB.EVENT (ID,"date",CATEGORY_NAME,EVENT_TYPE_TYPE) values (376,to_date('16-FEB-16','DD-MON-RR'),'B21                 ','DOUBLEHEADER');
Insert into CUHELLUB.EVENT (ID,"date",CATEGORY_NAME,EVENT_TYPE_TYPE) values (377,to_date('04-APR-16','DD-MON-RR'),'B21                 ','DOUBLEHEADER');
Insert into CUHELLUB.EVENT (ID,"date",CATEGORY_NAME,EVENT_TYPE_TYPE) values (378,to_date('08-AUG-14','DD-MON-RR'),'B21                 ','GAME');
Insert into CUHELLUB.EVENT (ID,"date",CATEGORY_NAME,EVENT_TYPE_TYPE) values (379,to_date('27-OCT-16','DD-MON-RR'),'B21                 ','DOUBLEHEADER');
Insert into CUHELLUB.EVENT (ID,"date",CATEGORY_NAME,EVENT_TYPE_TYPE) values (380,to_date('11-AUG-13','DD-MON-RR'),'B21                 ','PRACTICE');
Insert into CUHELLUB.EVENT (ID,"date",CATEGORY_NAME,EVENT_TYPE_TYPE) values (381,to_date('28-DEC-15','DD-MON-RR'),'B21                 ','GAME');
Insert into CUHELLUB.EVENT (ID,"date",CATEGORY_NAME,EVENT_TYPE_TYPE) values (382,to_date('21-NOV-15','DD-MON-RR'),'B21                 ','DOUBLEHEADER');
Insert into CUHELLUB.EVENT (ID,"date",CATEGORY_NAME,EVENT_TYPE_TYPE) values (383,to_date('30-OCT-13','DD-MON-RR'),'B21                 ','PRACTICE');
Insert into CUHELLUB.EVENT (ID,"date",CATEGORY_NAME,EVENT_TYPE_TYPE) values (384,to_date('24-MAR-15','DD-MON-RR'),'B21                 ','GAME');
Insert into CUHELLUB.EVENT (ID,"date",CATEGORY_NAME,EVENT_TYPE_TYPE) values (385,to_date('15-MAY-14','DD-MON-RR'),'B21                 ','GAME');
Insert into CUHELLUB.EVENT (ID,"date",CATEGORY_NAME,EVENT_TYPE_TYPE) values (386,to_date('06-NOV-13','DD-MON-RR'),'B21                 ','DOUBLEHEADER');
Insert into CUHELLUB.EVENT (ID,"date",CATEGORY_NAME,EVENT_TYPE_TYPE) values (387,to_date('04-JAN-16','DD-MON-RR'),'B21                 ','PRACTICE');
Insert into CUHELLUB.EVENT (ID,"date",CATEGORY_NAME,EVENT_TYPE_TYPE) values (388,to_date('15-JUL-16','DD-MON-RR'),'B21                 ','PRACTICE');
Insert into CUHELLUB.EVENT (ID,"date",CATEGORY_NAME,EVENT_TYPE_TYPE) values (389,to_date('14-OCT-13','DD-MON-RR'),'B21                 ','PRACTICE');
Insert into CUHELLUB.EVENT (ID,"date",CATEGORY_NAME,EVENT_TYPE_TYPE) values (390,to_date('10-APR-13','DD-MON-RR'),'B21                 ','GAME');
Insert into CUHELLUB.EVENT (ID,"date",CATEGORY_NAME,EVENT_TYPE_TYPE) values (391,to_date('17-FEB-14','DD-MON-RR'),'B21                 ','GAME');
Insert into CUHELLUB.EVENT (ID,"date",CATEGORY_NAME,EVENT_TYPE_TYPE) values (392,to_date('04-JUN-15','DD-MON-RR'),'B21                 ','DOUBLEHEADER');
Insert into CUHELLUB.EVENT (ID,"date",CATEGORY_NAME,EVENT_TYPE_TYPE) values (393,to_date('16-JUL-15','DD-MON-RR'),'B21                 ','GAME');
Insert into CUHELLUB.EVENT (ID,"date",CATEGORY_NAME,EVENT_TYPE_TYPE) values (394,to_date('09-JUN-15','DD-MON-RR'),'B21                 ','PRACTICE');
Insert into CUHELLUB.EVENT (ID,"date",CATEGORY_NAME,EVENT_TYPE_TYPE) values (395,to_date('17-NOV-13','DD-MON-RR'),'B21                 ','PRACTICE');
Insert into CUHELLUB.EVENT (ID,"date",CATEGORY_NAME,EVENT_TYPE_TYPE) values (396,to_date('30-JAN-16','DD-MON-RR'),'B21                 ','PRACTICE');
Insert into CUHELLUB.EVENT (ID,"date",CATEGORY_NAME,EVENT_TYPE_TYPE) values (397,to_date('27-MAR-13','DD-MON-RR'),'B21                 ','DOUBLEHEADER');
Insert into CUHELLUB.EVENT (ID,"date",CATEGORY_NAME,EVENT_TYPE_TYPE) values (398,to_date('07-DEC-13','DD-MON-RR'),'B21                 ','DOUBLEHEADER');
Insert into CUHELLUB.EVENT (ID,"date",CATEGORY_NAME,EVENT_TYPE_TYPE) values (399,to_date('29-JUL-15','DD-MON-RR'),'B21                 ','PRACTICE');
Insert into CUHELLUB.EVENT (ID,"date",CATEGORY_NAME,EVENT_TYPE_TYPE) values (400,to_date('06-MAY-13','DD-MON-RR'),'B21                 ','GAME');
Insert into CUHELLUB.EVENT (ID,"date",CATEGORY_NAME,EVENT_TYPE_TYPE) values (401,to_date('29-AUG-16','DD-MON-RR'),'S15                 ','PRACTICE');
Insert into CUHELLUB.EVENT (ID,"date",CATEGORY_NAME,EVENT_TYPE_TYPE) values (402,to_date('27-JUN-13','DD-MON-RR'),'S15                 ','GAME');
Insert into CUHELLUB.EVENT (ID,"date",CATEGORY_NAME,EVENT_TYPE_TYPE) values (403,to_date('05-JAN-14','DD-MON-RR'),'S15                 ','PRACTICE');
Insert into CUHELLUB.EVENT (ID,"date",CATEGORY_NAME,EVENT_TYPE_TYPE) values (404,to_date('12-OCT-14','DD-MON-RR'),'S15                 ','DOUBLEHEADER');
Insert into CUHELLUB.EVENT (ID,"date",CATEGORY_NAME,EVENT_TYPE_TYPE) values (405,to_date('07-JUL-16','DD-MON-RR'),'S15                 ','PRACTICE');
Insert into CUHELLUB.EVENT (ID,"date",CATEGORY_NAME,EVENT_TYPE_TYPE) values (406,to_date('25-JUL-14','DD-MON-RR'),'S15                 ','GAME');
Insert into CUHELLUB.EVENT (ID,"date",CATEGORY_NAME,EVENT_TYPE_TYPE) values (407,to_date('23-JUN-14','DD-MON-RR'),'S15                 ','DOUBLEHEADER');
Insert into CUHELLUB.EVENT (ID,"date",CATEGORY_NAME,EVENT_TYPE_TYPE) values (408,to_date('30-DEC-13','DD-MON-RR'),'S15                 ','DOUBLEHEADER');
Insert into CUHELLUB.EVENT (ID,"date",CATEGORY_NAME,EVENT_TYPE_TYPE) values (409,to_date('23-FEB-13','DD-MON-RR'),'S15                 ','PRACTICE');
Insert into CUHELLUB.EVENT (ID,"date",CATEGORY_NAME,EVENT_TYPE_TYPE) values (410,to_date('19-JUL-16','DD-MON-RR'),'S15                 ','PRACTICE');
Insert into CUHELLUB.EVENT (ID,"date",CATEGORY_NAME,EVENT_TYPE_TYPE) values (411,to_date('03-DEC-14','DD-MON-RR'),'S15                 ','GAME');
Insert into CUHELLUB.EVENT (ID,"date",CATEGORY_NAME,EVENT_TYPE_TYPE) values (412,to_date('18-AUG-13','DD-MON-RR'),'S15                 ','DOUBLEHEADER');
Insert into CUHELLUB.EVENT (ID,"date",CATEGORY_NAME,EVENT_TYPE_TYPE) values (413,to_date('16-JAN-13','DD-MON-RR'),'S15                 ','GAME');
Insert into CUHELLUB.EVENT (ID,"date",CATEGORY_NAME,EVENT_TYPE_TYPE) values (414,to_date('17-FEB-16','DD-MON-RR'),'S15                 ','PRACTICE');
Insert into CUHELLUB.EVENT (ID,"date",CATEGORY_NAME,EVENT_TYPE_TYPE) values (415,to_date('20-AUG-15','DD-MON-RR'),'S15                 ','GAME');
Insert into CUHELLUB.EVENT (ID,"date",CATEGORY_NAME,EVENT_TYPE_TYPE) values (416,to_date('22-AUG-16','DD-MON-RR'),'S15                 ','DOUBLEHEADER');
Insert into CUHELLUB.EVENT (ID,"date",CATEGORY_NAME,EVENT_TYPE_TYPE) values (417,to_date('18-MAY-15','DD-MON-RR'),'S15                 ','PRACTICE');
Insert into CUHELLUB.EVENT (ID,"date",CATEGORY_NAME,EVENT_TYPE_TYPE) values (418,to_date('22-APR-15','DD-MON-RR'),'S15                 ','PRACTICE');
Insert into CUHELLUB.EVENT (ID,"date",CATEGORY_NAME,EVENT_TYPE_TYPE) values (419,to_date('16-OCT-15','DD-MON-RR'),'S15                 ','GAME');
Insert into CUHELLUB.EVENT (ID,"date",CATEGORY_NAME,EVENT_TYPE_TYPE) values (420,to_date('07-NOV-13','DD-MON-RR'),'S15                 ','DOUBLEHEADER');
Insert into CUHELLUB.EVENT (ID,"date",CATEGORY_NAME,EVENT_TYPE_TYPE) values (421,to_date('16-MAR-13','DD-MON-RR'),'S15                 ','GAME');
Insert into CUHELLUB.EVENT (ID,"date",CATEGORY_NAME,EVENT_TYPE_TYPE) values (422,to_date('30-NOV-15','DD-MON-RR'),'S15                 ','PRACTICE');
Insert into CUHELLUB.EVENT (ID,"date",CATEGORY_NAME,EVENT_TYPE_TYPE) values (423,to_date('18-APR-13','DD-MON-RR'),'S15                 ','DOUBLEHEADER');
Insert into CUHELLUB.EVENT (ID,"date",CATEGORY_NAME,EVENT_TYPE_TYPE) values (424,to_date('26-JUL-14','DD-MON-RR'),'S15                 ','GAME');
Insert into CUHELLUB.EVENT (ID,"date",CATEGORY_NAME,EVENT_TYPE_TYPE) values (425,to_date('02-MAR-14','DD-MON-RR'),'S15                 ','PRACTICE');
Insert into CUHELLUB.EVENT (ID,"date",CATEGORY_NAME,EVENT_TYPE_TYPE) values (426,to_date('24-FEB-16','DD-MON-RR'),'S15                 ','DOUBLEHEADER');
Insert into CUHELLUB.EVENT (ID,"date",CATEGORY_NAME,EVENT_TYPE_TYPE) values (427,to_date('02-DEC-13','DD-MON-RR'),'S15                 ','DOUBLEHEADER');
Insert into CUHELLUB.EVENT (ID,"date",CATEGORY_NAME,EVENT_TYPE_TYPE) values (428,to_date('17-AUG-15','DD-MON-RR'),'S15                 ','GAME');
Insert into CUHELLUB.EVENT (ID,"date",CATEGORY_NAME,EVENT_TYPE_TYPE) values (429,to_date('03-APR-13','DD-MON-RR'),'S15                 ','GAME');
Insert into CUHELLUB.EVENT (ID,"date",CATEGORY_NAME,EVENT_TYPE_TYPE) values (430,to_date('04-DEC-13','DD-MON-RR'),'S15                 ','GAME');
Insert into CUHELLUB.EVENT (ID,"date",CATEGORY_NAME,EVENT_TYPE_TYPE) values (431,to_date('26-OCT-14','DD-MON-RR'),'S15                 ','PRACTICE');
Insert into CUHELLUB.EVENT (ID,"date",CATEGORY_NAME,EVENT_TYPE_TYPE) values (432,to_date('13-AUG-15','DD-MON-RR'),'S15                 ','GAME');
Insert into CUHELLUB.EVENT (ID,"date",CATEGORY_NAME,EVENT_TYPE_TYPE) values (433,to_date('26-DEC-12','DD-MON-RR'),'S15                 ','PRACTICE');
Insert into CUHELLUB.EVENT (ID,"date",CATEGORY_NAME,EVENT_TYPE_TYPE) values (434,to_date('29-SEP-16','DD-MON-RR'),'S15                 ','DOUBLEHEADER');
Insert into CUHELLUB.EVENT (ID,"date",CATEGORY_NAME,EVENT_TYPE_TYPE) values (435,to_date('19-JAN-14','DD-MON-RR'),'S15                 ','DOUBLEHEADER');
Insert into CUHELLUB.EVENT (ID,"date",CATEGORY_NAME,EVENT_TYPE_TYPE) values (436,to_date('05-JAN-15','DD-MON-RR'),'S15                 ','DOUBLEHEADER');
Insert into CUHELLUB.EVENT (ID,"date",CATEGORY_NAME,EVENT_TYPE_TYPE) values (437,to_date('08-JUL-15','DD-MON-RR'),'S15                 ','PRACTICE');
Insert into CUHELLUB.EVENT (ID,"date",CATEGORY_NAME,EVENT_TYPE_TYPE) values (438,to_date('22-AUG-13','DD-MON-RR'),'S15                 ','PRACTICE');
Insert into CUHELLUB.EVENT (ID,"date",CATEGORY_NAME,EVENT_TYPE_TYPE) values (439,to_date('10-APR-14','DD-MON-RR'),'S15                 ','DOUBLEHEADER');
Insert into CUHELLUB.EVENT (ID,"date",CATEGORY_NAME,EVENT_TYPE_TYPE) values (440,to_date('03-AUG-14','DD-MON-RR'),'S15                 ','DOUBLEHEADER');
Insert into CUHELLUB.EVENT (ID,"date",CATEGORY_NAME,EVENT_TYPE_TYPE) values (441,to_date('09-NOV-14','DD-MON-RR'),'S15                 ','DOUBLEHEADER');
Insert into CUHELLUB.EVENT (ID,"date",CATEGORY_NAME,EVENT_TYPE_TYPE) values (442,to_date('10-APR-16','DD-MON-RR'),'S15                 ','GAME');
Insert into CUHELLUB.EVENT (ID,"date",CATEGORY_NAME,EVENT_TYPE_TYPE) values (443,to_date('07-JAN-15','DD-MON-RR'),'S15                 ','DOUBLEHEADER');
Insert into CUHELLUB.EVENT (ID,"date",CATEGORY_NAME,EVENT_TYPE_TYPE) values (444,to_date('28-APR-16','DD-MON-RR'),'S15                 ','DOUBLEHEADER');
Insert into CUHELLUB.EVENT (ID,"date",CATEGORY_NAME,EVENT_TYPE_TYPE) values (445,to_date('26-JUN-13','DD-MON-RR'),'S15                 ','GAME');
Insert into CUHELLUB.EVENT (ID,"date",CATEGORY_NAME,EVENT_TYPE_TYPE) values (446,to_date('17-NOV-15','DD-MON-RR'),'S15                 ','DOUBLEHEADER');
Insert into CUHELLUB.EVENT (ID,"date",CATEGORY_NAME,EVENT_TYPE_TYPE) values (447,to_date('10-JUL-16','DD-MON-RR'),'S15                 ','GAME');
Insert into CUHELLUB.EVENT (ID,"date",CATEGORY_NAME,EVENT_TYPE_TYPE) values (448,to_date('29-MAY-16','DD-MON-RR'),'S15                 ','PRACTICE');
Insert into CUHELLUB.EVENT (ID,"date",CATEGORY_NAME,EVENT_TYPE_TYPE) values (449,to_date('10-JUN-15','DD-MON-RR'),'S15                 ','DOUBLEHEADER');
Insert into CUHELLUB.EVENT (ID,"date",CATEGORY_NAME,EVENT_TYPE_TYPE) values (450,to_date('02-APR-14','DD-MON-RR'),'S15                 ','PRACTICE');
Insert into CUHELLUB.EVENT (ID,"date",CATEGORY_NAME,EVENT_TYPE_TYPE) values (451,to_date('24-NOV-15','DD-MON-RR'),'S15                 ','DOUBLEHEADER');
Insert into CUHELLUB.EVENT (ID,"date",CATEGORY_NAME,EVENT_TYPE_TYPE) values (452,to_date('09-NOV-15','DD-MON-RR'),'S15                 ','GAME');
Insert into CUHELLUB.EVENT (ID,"date",CATEGORY_NAME,EVENT_TYPE_TYPE) values (453,to_date('20-JUL-16','DD-MON-RR'),'S15                 ','DOUBLEHEADER');
Insert into CUHELLUB.EVENT (ID,"date",CATEGORY_NAME,EVENT_TYPE_TYPE) values (454,to_date('26-APR-16','DD-MON-RR'),'S15                 ','GAME');
Insert into CUHELLUB.EVENT (ID,"date",CATEGORY_NAME,EVENT_TYPE_TYPE) values (455,to_date('29-SEP-16','DD-MON-RR'),'S15                 ','GAME');
Insert into CUHELLUB.EVENT (ID,"date",CATEGORY_NAME,EVENT_TYPE_TYPE) values (456,to_date('22-SEP-13','DD-MON-RR'),'S15                 ','DOUBLEHEADER');
Insert into CUHELLUB.EVENT (ID,"date",CATEGORY_NAME,EVENT_TYPE_TYPE) values (457,to_date('10-DEC-15','DD-MON-RR'),'S15                 ','GAME');
Insert into CUHELLUB.EVENT (ID,"date",CATEGORY_NAME,EVENT_TYPE_TYPE) values (458,to_date('14-JUL-14','DD-MON-RR'),'S15                 ','DOUBLEHEADER');
Insert into CUHELLUB.EVENT (ID,"date",CATEGORY_NAME,EVENT_TYPE_TYPE) values (459,to_date('12-FEB-13','DD-MON-RR'),'S15                 ','DOUBLEHEADER');
Insert into CUHELLUB.EVENT (ID,"date",CATEGORY_NAME,EVENT_TYPE_TYPE) values (460,to_date('13-JUL-15','DD-MON-RR'),'S15                 ','PRACTICE');
Insert into CUHELLUB.EVENT (ID,"date",CATEGORY_NAME,EVENT_TYPE_TYPE) values (461,to_date('03-OCT-16','DD-MON-RR'),'S15                 ','DOUBLEHEADER');
Insert into CUHELLUB.EVENT (ID,"date",CATEGORY_NAME,EVENT_TYPE_TYPE) values (462,to_date('05-APR-14','DD-MON-RR'),'S15                 ','GAME');
Insert into CUHELLUB.EVENT (ID,"date",CATEGORY_NAME,EVENT_TYPE_TYPE) values (463,to_date('14-APR-16','DD-MON-RR'),'S15                 ','PRACTICE');
Insert into CUHELLUB.EVENT (ID,"date",CATEGORY_NAME,EVENT_TYPE_TYPE) values (464,to_date('30-DEC-14','DD-MON-RR'),'S15                 ','DOUBLEHEADER');
Insert into CUHELLUB.EVENT (ID,"date",CATEGORY_NAME,EVENT_TYPE_TYPE) values (465,to_date('06-FEB-16','DD-MON-RR'),'S15                 ','PRACTICE');
Insert into CUHELLUB.EVENT (ID,"date",CATEGORY_NAME,EVENT_TYPE_TYPE) values (466,to_date('14-AUG-14','DD-MON-RR'),'S15                 ','GAME');
Insert into CUHELLUB.EVENT (ID,"date",CATEGORY_NAME,EVENT_TYPE_TYPE) values (467,to_date('01-JAN-16','DD-MON-RR'),'S15                 ','DOUBLEHEADER');
Insert into CUHELLUB.EVENT (ID,"date",CATEGORY_NAME,EVENT_TYPE_TYPE) values (468,to_date('14-MAY-16','DD-MON-RR'),'S15                 ','GAME');
Insert into CUHELLUB.EVENT (ID,"date",CATEGORY_NAME,EVENT_TYPE_TYPE) values (469,to_date('13-JUN-16','DD-MON-RR'),'S15                 ','DOUBLEHEADER');
Insert into CUHELLUB.EVENT (ID,"date",CATEGORY_NAME,EVENT_TYPE_TYPE) values (470,to_date('08-AUG-15','DD-MON-RR'),'S15                 ','DOUBLEHEADER');
Insert into CUHELLUB.EVENT (ID,"date",CATEGORY_NAME,EVENT_TYPE_TYPE) values (471,to_date('13-APR-14','DD-MON-RR'),'S15                 ','GAME');
Insert into CUHELLUB.EVENT (ID,"date",CATEGORY_NAME,EVENT_TYPE_TYPE) values (472,to_date('30-NOV-15','DD-MON-RR'),'S15                 ','DOUBLEHEADER');
Insert into CUHELLUB.EVENT (ID,"date",CATEGORY_NAME,EVENT_TYPE_TYPE) values (473,to_date('30-AUG-14','DD-MON-RR'),'S15                 ','DOUBLEHEADER');
Insert into CUHELLUB.EVENT (ID,"date",CATEGORY_NAME,EVENT_TYPE_TYPE) values (474,to_date('12-MAY-16','DD-MON-RR'),'S15                 ','GAME');
Insert into CUHELLUB.EVENT (ID,"date",CATEGORY_NAME,EVENT_TYPE_TYPE) values (475,to_date('14-MAY-16','DD-MON-RR'),'S15                 ','GAME');
Insert into CUHELLUB.EVENT (ID,"date",CATEGORY_NAME,EVENT_TYPE_TYPE) values (476,to_date('14-MAY-14','DD-MON-RR'),'S15                 ','DOUBLEHEADER');
Insert into CUHELLUB.EVENT (ID,"date",CATEGORY_NAME,EVENT_TYPE_TYPE) values (477,to_date('08-JAN-14','DD-MON-RR'),'S15                 ','GAME');
Insert into CUHELLUB.EVENT (ID,"date",CATEGORY_NAME,EVENT_TYPE_TYPE) values (478,to_date('14-JAN-14','DD-MON-RR'),'S15                 ','GAME');
Insert into CUHELLUB.EVENT (ID,"date",CATEGORY_NAME,EVENT_TYPE_TYPE) values (479,to_date('23-OCT-16','DD-MON-RR'),'S15                 ','DOUBLEHEADER');
Insert into CUHELLUB.EVENT (ID,"date",CATEGORY_NAME,EVENT_TYPE_TYPE) values (480,to_date('12-JUL-13','DD-MON-RR'),'S15                 ','DOUBLEHEADER');
Insert into CUHELLUB.EVENT (ID,"date",CATEGORY_NAME,EVENT_TYPE_TYPE) values (481,to_date('08-OCT-13','DD-MON-RR'),'S15                 ','DOUBLEHEADER');
Insert into CUHELLUB.EVENT (ID,"date",CATEGORY_NAME,EVENT_TYPE_TYPE) values (482,to_date('31-OCT-14','DD-MON-RR'),'S15                 ','DOUBLEHEADER');
Insert into CUHELLUB.EVENT (ID,"date",CATEGORY_NAME,EVENT_TYPE_TYPE) values (483,to_date('17-MAY-15','DD-MON-RR'),'S15                 ','GAME');
Insert into CUHELLUB.EVENT (ID,"date",CATEGORY_NAME,EVENT_TYPE_TYPE) values (484,to_date('13-MAY-15','DD-MON-RR'),'S15                 ','PRACTICE');
Insert into CUHELLUB.EVENT (ID,"date",CATEGORY_NAME,EVENT_TYPE_TYPE) values (485,to_date('28-FEB-14','DD-MON-RR'),'S15                 ','GAME');
Insert into CUHELLUB.EVENT (ID,"date",CATEGORY_NAME,EVENT_TYPE_TYPE) values (486,to_date('09-APR-15','DD-MON-RR'),'S15                 ','DOUBLEHEADER');
Insert into CUHELLUB.EVENT (ID,"date",CATEGORY_NAME,EVENT_TYPE_TYPE) values (487,to_date('06-NOV-15','DD-MON-RR'),'S15                 ','GAME');
Insert into CUHELLUB.EVENT (ID,"date",CATEGORY_NAME,EVENT_TYPE_TYPE) values (488,to_date('20-MAR-15','DD-MON-RR'),'S15                 ','GAME');
Insert into CUHELLUB.EVENT (ID,"date",CATEGORY_NAME,EVENT_TYPE_TYPE) values (489,to_date('26-JAN-15','DD-MON-RR'),'S15                 ','DOUBLEHEADER');
Insert into CUHELLUB.EVENT (ID,"date",CATEGORY_NAME,EVENT_TYPE_TYPE) values (490,to_date('23-AUG-15','DD-MON-RR'),'S15                 ','GAME');
Insert into CUHELLUB.EVENT (ID,"date",CATEGORY_NAME,EVENT_TYPE_TYPE) values (491,to_date('26-JAN-13','DD-MON-RR'),'S15                 ','PRACTICE');
Insert into CUHELLUB.EVENT (ID,"date",CATEGORY_NAME,EVENT_TYPE_TYPE) values (492,to_date('11-DEC-14','DD-MON-RR'),'S15                 ','GAME');
Insert into CUHELLUB.EVENT (ID,"date",CATEGORY_NAME,EVENT_TYPE_TYPE) values (493,to_date('20-AUG-14','DD-MON-RR'),'S15                 ','DOUBLEHEADER');
Insert into CUHELLUB.EVENT (ID,"date",CATEGORY_NAME,EVENT_TYPE_TYPE) values (494,to_date('22-NOV-16','DD-MON-RR'),'S15                 ','PRACTICE');
Insert into CUHELLUB.EVENT (ID,"date",CATEGORY_NAME,EVENT_TYPE_TYPE) values (495,to_date('24-JAN-15','DD-MON-RR'),'S15                 ','PRACTICE');
Insert into CUHELLUB.EVENT (ID,"date",CATEGORY_NAME,EVENT_TYPE_TYPE) values (496,to_date('30-MAY-14','DD-MON-RR'),'S15                 ','GAME');
Insert into CUHELLUB.EVENT (ID,"date",CATEGORY_NAME,EVENT_TYPE_TYPE) values (497,to_date('22-MAY-15','DD-MON-RR'),'S15                 ','GAME');
Insert into CUHELLUB.EVENT (ID,"date",CATEGORY_NAME,EVENT_TYPE_TYPE) values (498,to_date('12-OCT-16','DD-MON-RR'),'S15                 ','DOUBLEHEADER');
Insert into CUHELLUB.EVENT (ID,"date",CATEGORY_NAME,EVENT_TYPE_TYPE) values (499,to_date('06-AUG-16','DD-MON-RR'),'S15                 ','GAME');
Insert into CUHELLUB.EVENT (ID,"date",CATEGORY_NAME,EVENT_TYPE_TYPE) values (500,to_date('20-FEB-14','DD-MON-RR'),'S15                 ','DOUBLEHEADER');
REM INSERTING into CUHELLUB.EVENT_TYPE
SET DEFINE OFF;
Insert into CUHELLUB.EVENT_TYPE (TYPE) values ('DOUBLEHEADER');
Insert into CUHELLUB.EVENT_TYPE (TYPE) values ('GAME');
Insert into CUHELLUB.EVENT_TYPE (TYPE) values ('PRACTICE');
REM INSERTING into CUHELLUB.FEE
SET DEFINE OFF;
Insert into CUHELLUB.FEE (ID,VALUE,PLAYER_ID,"comment","date") values (40,3164,288,'pede nec                      ',to_date('13-JUN-13','DD-MON-RR'));
Insert into CUHELLUB.FEE (ID,VALUE,PLAYER_ID,"comment","date") values (41,-3624,278,'nec,                          ',to_date('18-MAY-13','DD-MON-RR'));
Insert into CUHELLUB.FEE (ID,VALUE,PLAYER_ID,"comment","date") values (42,-4190,279,'eu tellus                     ',to_date('14-NOV-16','DD-MON-RR'));
Insert into CUHELLUB.FEE (ID,VALUE,PLAYER_ID,"comment","date") values (43,-4457,280,'feugiat                       ',to_date('19-JUN-13','DD-MON-RR'));
Insert into CUHELLUB.FEE (ID,VALUE,PLAYER_ID,"comment","date") values (44,-1111,296,'auctor,                       ',to_date('16-AUG-14','DD-MON-RR'));
Insert into CUHELLUB.FEE (ID,VALUE,PLAYER_ID,"comment","date") values (45,2614,298,'magna. Cras                   ',to_date('20-JUN-13','DD-MON-RR'));
Insert into CUHELLUB.FEE (ID,VALUE,PLAYER_ID,"comment","date") values (46,3658,274,'quis                          ',to_date('23-JAN-13','DD-MON-RR'));
Insert into CUHELLUB.FEE (ID,VALUE,PLAYER_ID,"comment","date") values (47,2428,287,'malesuada vel,                ',to_date('08-JUL-14','DD-MON-RR'));
Insert into CUHELLUB.FEE (ID,VALUE,PLAYER_ID,"comment","date") values (48,712,277,'sed                           ',to_date('01-NOV-14','DD-MON-RR'));
Insert into CUHELLUB.FEE (ID,VALUE,PLAYER_ID,"comment","date") values (49,-3552,298,'rhoncus. Nullam               ',to_date('24-JAN-14','DD-MON-RR'));
Insert into CUHELLUB.FEE (ID,VALUE,PLAYER_ID,"comment","date") values (50,-602,273,'Sed                           ',to_date('27-APR-16','DD-MON-RR'));
Insert into CUHELLUB.FEE (ID,VALUE,PLAYER_ID,"comment","date") values (51,-919,286,'Sed diam                      ',to_date('14-AUG-14','DD-MON-RR'));
Insert into CUHELLUB.FEE (ID,VALUE,PLAYER_ID,"comment","date") values (52,3303,287,'et netus                      ',to_date('22-OCT-16','DD-MON-RR'));
Insert into CUHELLUB.FEE (ID,VALUE,PLAYER_ID,"comment","date") values (53,-4364,282,'Aliquam rutrum                ',to_date('07-DEC-15','DD-MON-RR'));
Insert into CUHELLUB.FEE (ID,VALUE,PLAYER_ID,"comment","date") values (54,4132,290,'eget                          ',to_date('07-MAR-13','DD-MON-RR'));
Insert into CUHELLUB.FEE (ID,VALUE,PLAYER_ID,"comment","date") values (55,-4180,294,'imperdiet                     ',to_date('09-JUN-15','DD-MON-RR'));
Insert into CUHELLUB.FEE (ID,VALUE,PLAYER_ID,"comment","date") values (56,-1596,300,'Pellentesque                  ',to_date('13-JUL-15','DD-MON-RR'));
Insert into CUHELLUB.FEE (ID,VALUE,PLAYER_ID,"comment","date") values (57,-770,279,'quis                          ',to_date('04-OCT-13','DD-MON-RR'));
Insert into CUHELLUB.FEE (ID,VALUE,PLAYER_ID,"comment","date") values (58,3342,284,'pede. Praesent                ',to_date('04-DEC-13','DD-MON-RR'));
Insert into CUHELLUB.FEE (ID,VALUE,PLAYER_ID,"comment","date") values (59,378,281,'accumsan                      ',to_date('25-JAN-14','DD-MON-RR'));
Insert into CUHELLUB.FEE (ID,VALUE,PLAYER_ID,"comment","date") values (60,1697,296,'at pede.                      ',to_date('07-OCT-13','DD-MON-RR'));
Insert into CUHELLUB.FEE (ID,VALUE,PLAYER_ID,"comment","date") values (61,1176,285,'pretium                       ',to_date('09-JAN-15','DD-MON-RR'));
Insert into CUHELLUB.FEE (ID,VALUE,PLAYER_ID,"comment","date") values (62,2512,300,'posuere                       ',to_date('11-JAN-15','DD-MON-RR'));
Insert into CUHELLUB.FEE (ID,VALUE,PLAYER_ID,"comment","date") values (63,2665,272,'nascetur ridiculus            ',to_date('03-FEB-16','DD-MON-RR'));
Insert into CUHELLUB.FEE (ID,VALUE,PLAYER_ID,"comment","date") values (64,-4990,297,'amet                          ',to_date('27-JAN-14','DD-MON-RR'));
Insert into CUHELLUB.FEE (ID,VALUE,PLAYER_ID,"comment","date") values (65,4129,293,'gravida.                      ',to_date('24-JUN-14','DD-MON-RR'));
Insert into CUHELLUB.FEE (ID,VALUE,PLAYER_ID,"comment","date") values (66,-621,289,'felis.                        ',to_date('20-JUL-16','DD-MON-RR'));
Insert into CUHELLUB.FEE (ID,VALUE,PLAYER_ID,"comment","date") values (67,1504,279,'eget                          ',to_date('24-OCT-14','DD-MON-RR'));
Insert into CUHELLUB.FEE (ID,VALUE,PLAYER_ID,"comment","date") values (68,4738,272,'egestas lacinia.              ',to_date('25-JUN-13','DD-MON-RR'));
Insert into CUHELLUB.FEE (ID,VALUE,PLAYER_ID,"comment","date") values (69,-3104,285,'non ante                      ',to_date('15-FEB-16','DD-MON-RR'));
Insert into CUHELLUB.FEE (ID,VALUE,PLAYER_ID,"comment","date") values (70,1312,278,'accumsan                      ',to_date('10-DEC-13','DD-MON-RR'));
Insert into CUHELLUB.FEE (ID,VALUE,PLAYER_ID,"comment","date") values (71,3663,294,'eros non                      ',to_date('01-MAR-15','DD-MON-RR'));
Insert into CUHELLUB.FEE (ID,VALUE,PLAYER_ID,"comment","date") values (72,3877,290,'lobortis mauris.              ',to_date('06-DEC-13','DD-MON-RR'));
Insert into CUHELLUB.FEE (ID,VALUE,PLAYER_ID,"comment","date") values (73,-1071,280,'eu, eleifend                  ',to_date('24-AUG-15','DD-MON-RR'));
Insert into CUHELLUB.FEE (ID,VALUE,PLAYER_ID,"comment","date") values (74,-4068,280,'mauris                        ',to_date('22-OCT-13','DD-MON-RR'));
Insert into CUHELLUB.FEE (ID,VALUE,PLAYER_ID,"comment","date") values (75,1409,290,'mattis                        ',to_date('17-JAN-14','DD-MON-RR'));
Insert into CUHELLUB.FEE (ID,VALUE,PLAYER_ID,"comment","date") values (76,272,289,'facilisi. Sed                 ',to_date('07-JUL-14','DD-MON-RR'));
Insert into CUHELLUB.FEE (ID,VALUE,PLAYER_ID,"comment","date") values (77,449,285,'bibendum                      ',to_date('16-AUG-14','DD-MON-RR'));
Insert into CUHELLUB.FEE (ID,VALUE,PLAYER_ID,"comment","date") values (78,-4772,271,'vel                           ',to_date('02-DEC-15','DD-MON-RR'));
Insert into CUHELLUB.FEE (ID,VALUE,PLAYER_ID,"comment","date") values (79,-3241,278,'Nulla                         ',to_date('19-MAR-14','DD-MON-RR'));
Insert into CUHELLUB.FEE (ID,VALUE,PLAYER_ID,"comment","date") values (80,-3118,277,'egestas a,                    ',to_date('03-JUN-15','DD-MON-RR'));
Insert into CUHELLUB.FEE (ID,VALUE,PLAYER_ID,"comment","date") values (81,-2423,278,'quam dignissim                ',to_date('07-NOV-16','DD-MON-RR'));
Insert into CUHELLUB.FEE (ID,VALUE,PLAYER_ID,"comment","date") values (82,190,293,'ac orci.                      ',to_date('13-JAN-16','DD-MON-RR'));
Insert into CUHELLUB.FEE (ID,VALUE,PLAYER_ID,"comment","date") values (83,1412,276,'sem ut                        ',to_date('13-MAY-15','DD-MON-RR'));
Insert into CUHELLUB.FEE (ID,VALUE,PLAYER_ID,"comment","date") values (84,-1112,295,'lorem tristique               ',to_date('22-JAN-16','DD-MON-RR'));
Insert into CUHELLUB.FEE (ID,VALUE,PLAYER_ID,"comment","date") values (85,3637,274,'Phasellus in                  ',to_date('23-DEC-14','DD-MON-RR'));
Insert into CUHELLUB.FEE (ID,VALUE,PLAYER_ID,"comment","date") values (86,2146,282,'et pede.                      ',to_date('19-SEP-16','DD-MON-RR'));
Insert into CUHELLUB.FEE (ID,VALUE,PLAYER_ID,"comment","date") values (87,-4520,296,'natoque penatibus             ',to_date('08-JUN-13','DD-MON-RR'));
Insert into CUHELLUB.FEE (ID,VALUE,PLAYER_ID,"comment","date") values (88,4857,277,'eget                          ',to_date('06-AUG-13','DD-MON-RR'));
Insert into CUHELLUB.FEE (ID,VALUE,PLAYER_ID,"comment","date") values (89,-983,297,'arcu.                         ',to_date('16-JUL-16','DD-MON-RR'));
Insert into CUHELLUB.FEE (ID,VALUE,PLAYER_ID,"comment","date") values (90,-2784,285,'Maecenas                      ',to_date('18-NOV-16','DD-MON-RR'));
Insert into CUHELLUB.FEE (ID,VALUE,PLAYER_ID,"comment","date") values (91,-1540,293,'risus odio,                   ',to_date('30-JAN-14','DD-MON-RR'));
Insert into CUHELLUB.FEE (ID,VALUE,PLAYER_ID,"comment","date") values (92,-235,290,'ante                          ',to_date('14-MAY-15','DD-MON-RR'));
Insert into CUHELLUB.FEE (ID,VALUE,PLAYER_ID,"comment","date") values (93,3792,284,'mauris                        ',to_date('23-DEC-14','DD-MON-RR'));
Insert into CUHELLUB.FEE (ID,VALUE,PLAYER_ID,"comment","date") values (94,955,281,'Duis                          ',to_date('03-OCT-13','DD-MON-RR'));
Insert into CUHELLUB.FEE (ID,VALUE,PLAYER_ID,"comment","date") values (95,656,275,'blandit                       ',to_date('25-FEB-13','DD-MON-RR'));
Insert into CUHELLUB.FEE (ID,VALUE,PLAYER_ID,"comment","date") values (96,-4968,277,'consectetuer adipiscing       ',to_date('21-APR-15','DD-MON-RR'));
Insert into CUHELLUB.FEE (ID,VALUE,PLAYER_ID,"comment","date") values (97,-3516,274,'dictum                        ',to_date('12-NOV-14','DD-MON-RR'));
Insert into CUHELLUB.FEE (ID,VALUE,PLAYER_ID,"comment","date") values (98,170,297,'ut                            ',to_date('03-JAN-15','DD-MON-RR'));
Insert into CUHELLUB.FEE (ID,VALUE,PLAYER_ID,"comment","date") values (99,618,280,'Etiam laoreet,                ',to_date('06-OCT-15','DD-MON-RR'));
Insert into CUHELLUB.FEE (ID,VALUE,PLAYER_ID,"comment","date") values (100,2077,288,'vestibulum, neque             ',to_date('06-AUG-16','DD-MON-RR'));
Insert into CUHELLUB.FEE (ID,VALUE,PLAYER_ID,"comment","date") values (101,2489,286,'eget, ipsum.                  ',to_date('21-MAR-15','DD-MON-RR'));
Insert into CUHELLUB.FEE (ID,VALUE,PLAYER_ID,"comment","date") values (102,3688,289,'placerat velit.               ',to_date('19-MAY-14','DD-MON-RR'));
Insert into CUHELLUB.FEE (ID,VALUE,PLAYER_ID,"comment","date") values (103,-2714,273,'sapien                        ',to_date('25-OCT-15','DD-MON-RR'));
Insert into CUHELLUB.FEE (ID,VALUE,PLAYER_ID,"comment","date") values (104,-785,275,'ut                            ',to_date('26-DEC-15','DD-MON-RR'));
Insert into CUHELLUB.FEE (ID,VALUE,PLAYER_ID,"comment","date") values (105,2378,274,'mattis semper,                ',to_date('15-FEB-13','DD-MON-RR'));
Insert into CUHELLUB.FEE (ID,VALUE,PLAYER_ID,"comment","date") values (106,-3049,288,'Sed molestie.                 ',to_date('15-JUL-16','DD-MON-RR'));
Insert into CUHELLUB.FEE (ID,VALUE,PLAYER_ID,"comment","date") values (107,4985,291,'tellus                        ',to_date('13-JUL-13','DD-MON-RR'));
Insert into CUHELLUB.FEE (ID,VALUE,PLAYER_ID,"comment","date") values (108,-828,287,'scelerisque mollis.           ',to_date('31-DEC-12','DD-MON-RR'));
Insert into CUHELLUB.FEE (ID,VALUE,PLAYER_ID,"comment","date") values (109,-2723,296,'eu                            ',to_date('06-MAR-16','DD-MON-RR'));
Insert into CUHELLUB.FEE (ID,VALUE,PLAYER_ID,"comment","date") values (110,4160,282,'Nam interdum                  ',to_date('04-SEP-15','DD-MON-RR'));
Insert into CUHELLUB.FEE (ID,VALUE,PLAYER_ID,"comment","date") values (111,2966,297,'tincidunt congue              ',to_date('28-SEP-15','DD-MON-RR'));
Insert into CUHELLUB.FEE (ID,VALUE,PLAYER_ID,"comment","date") values (112,1384,280,'in lobortis                   ',to_date('11-MAR-13','DD-MON-RR'));
Insert into CUHELLUB.FEE (ID,VALUE,PLAYER_ID,"comment","date") values (113,2460,289,'Nam                           ',to_date('01-MAY-15','DD-MON-RR'));
Insert into CUHELLUB.FEE (ID,VALUE,PLAYER_ID,"comment","date") values (114,1843,292,'dictum. Phasellus             ',to_date('16-OCT-14','DD-MON-RR'));
Insert into CUHELLUB.FEE (ID,VALUE,PLAYER_ID,"comment","date") values (115,3095,289,'litora                        ',to_date('08-NOV-15','DD-MON-RR'));
Insert into CUHELLUB.FEE (ID,VALUE,PLAYER_ID,"comment","date") values (116,1723,278,'egestas                       ',to_date('02-JUL-13','DD-MON-RR'));
Insert into CUHELLUB.FEE (ID,VALUE,PLAYER_ID,"comment","date") values (117,1865,283,'semper                        ',to_date('17-JAN-13','DD-MON-RR'));
Insert into CUHELLUB.FEE (ID,VALUE,PLAYER_ID,"comment","date") values (118,2877,298,'ipsum                         ',to_date('17-AUG-15','DD-MON-RR'));
Insert into CUHELLUB.FEE (ID,VALUE,PLAYER_ID,"comment","date") values (119,-4034,299,'lacus. Nulla                  ',to_date('28-SEP-13','DD-MON-RR'));
Insert into CUHELLUB.FEE (ID,VALUE,PLAYER_ID,"comment","date") values (120,2480,289,'eu erat                       ',to_date('03-FEB-14','DD-MON-RR'));
Insert into CUHELLUB.FEE (ID,VALUE,PLAYER_ID,"comment","date") values (121,-1920,272,'augue scelerisque             ',to_date('09-DEC-15','DD-MON-RR'));
Insert into CUHELLUB.FEE (ID,VALUE,PLAYER_ID,"comment","date") values (122,-2003,274,'at                            ',to_date('18-OCT-13','DD-MON-RR'));
Insert into CUHELLUB.FEE (ID,VALUE,PLAYER_ID,"comment","date") values (123,-1506,300,'feugiat placerat              ',to_date('17-OCT-13','DD-MON-RR'));
Insert into CUHELLUB.FEE (ID,VALUE,PLAYER_ID,"comment","date") values (124,3888,271,'diam nunc,                    ',to_date('01-OCT-14','DD-MON-RR'));
Insert into CUHELLUB.FEE (ID,VALUE,PLAYER_ID,"comment","date") values (125,-542,281,'imperdiet ullamcorper.        ',to_date('03-SEP-13','DD-MON-RR'));
Insert into CUHELLUB.FEE (ID,VALUE,PLAYER_ID,"comment","date") values (126,-1858,292,'nec                           ',to_date('03-SEP-14','DD-MON-RR'));
Insert into CUHELLUB.FEE (ID,VALUE,PLAYER_ID,"comment","date") values (127,-4251,274,'velit                         ',to_date('26-DEC-12','DD-MON-RR'));
Insert into CUHELLUB.FEE (ID,VALUE,PLAYER_ID,"comment","date") values (128,-2522,285,'diam                          ',to_date('22-AUG-16','DD-MON-RR'));
Insert into CUHELLUB.FEE (ID,VALUE,PLAYER_ID,"comment","date") values (129,4237,281,'placerat. Cras                ',to_date('26-DEC-13','DD-MON-RR'));
Insert into CUHELLUB.FEE (ID,VALUE,PLAYER_ID,"comment","date") values (130,-4438,278,'Morbi                         ',to_date('30-JUL-13','DD-MON-RR'));
Insert into CUHELLUB.FEE (ID,VALUE,PLAYER_ID,"comment","date") values (131,90,273,'varius ultrices,              ',to_date('30-AUG-14','DD-MON-RR'));
Insert into CUHELLUB.FEE (ID,VALUE,PLAYER_ID,"comment","date") values (132,3418,298,'mauris erat                   ',to_date('03-AUG-15','DD-MON-RR'));
Insert into CUHELLUB.FEE (ID,VALUE,PLAYER_ID,"comment","date") values (133,-776,278,'at, libero.                   ',to_date('03-AUG-15','DD-MON-RR'));
Insert into CUHELLUB.FEE (ID,VALUE,PLAYER_ID,"comment","date") values (134,-3468,282,'tincidunt pede                ',to_date('23-FEB-13','DD-MON-RR'));
Insert into CUHELLUB.FEE (ID,VALUE,PLAYER_ID,"comment","date") values (135,664,289,'Sed                           ',to_date('22-AUG-15','DD-MON-RR'));
Insert into CUHELLUB.FEE (ID,VALUE,PLAYER_ID,"comment","date") values (136,-4100,272,'natoque penatibus             ',to_date('11-DEC-14','DD-MON-RR'));
Insert into CUHELLUB.FEE (ID,VALUE,PLAYER_ID,"comment","date") values (137,2270,300,'luctus ut,                    ',to_date('26-DEC-15','DD-MON-RR'));
Insert into CUHELLUB.FEE (ID,VALUE,PLAYER_ID,"comment","date") values (138,-2707,272,'Nunc                          ',to_date('28-MAR-15','DD-MON-RR'));
Insert into CUHELLUB.FEE (ID,VALUE,PLAYER_ID,"comment","date") values (139,-399,278,'dis parturient                ',to_date('05-MAY-15','DD-MON-RR'));
REM INSERTING into CUHELLUB.MEMBER
SET DEFINE OFF;
Insert into CUHELLUB.MEMBER (BIRTH_ID,FIRSTNAME,LASTNAME,MIDDLENAME,REGISTRATION_DATE,GENDER) values (1,'Halee','Fuentes','Montana',to_date('15-FEB-08','DD-MON-RR'),'1');
Insert into CUHELLUB.MEMBER (BIRTH_ID,FIRSTNAME,LASTNAME,MIDDLENAME,REGISTRATION_DATE,GENDER) values (2,'Clio','James','Charles',to_date('15-FEB-16','DD-MON-RR'),'0');
Insert into CUHELLUB.MEMBER (BIRTH_ID,FIRSTNAME,LASTNAME,MIDDLENAME,REGISTRATION_DATE,GENDER) values (3,'Lev','Mccoy','David',to_date('15-MAR-16','DD-MON-RR'),'0');
Insert into CUHELLUB.MEMBER (BIRTH_ID,FIRSTNAME,LASTNAME,MIDDLENAME,REGISTRATION_DATE,GENDER) values (4,'Cruz','Ayala','Mariko',to_date('15-JUN-05','DD-MON-RR'),'0');
Insert into CUHELLUB.MEMBER (BIRTH_ID,FIRSTNAME,LASTNAME,MIDDLENAME,REGISTRATION_DATE,GENDER) values (5,'Lance','Alston','Naida',to_date('15-NOV-29','DD-MON-RR'),'1');
Insert into CUHELLUB.MEMBER (BIRTH_ID,FIRSTNAME,LASTNAME,MIDDLENAME,REGISTRATION_DATE,GENDER) values (6,'Yeo','Keller','Melodie',to_date('16-MAY-29','DD-MON-RR'),'0');
Insert into CUHELLUB.MEMBER (BIRTH_ID,FIRSTNAME,LASTNAME,MIDDLENAME,REGISTRATION_DATE,GENDER) values (7,'Brendan','Barrett','Jarrod',to_date('15-OCT-31','DD-MON-RR'),'1');
Insert into CUHELLUB.MEMBER (BIRTH_ID,FIRSTNAME,LASTNAME,MIDDLENAME,REGISTRATION_DATE,GENDER) values (8,'Timon','Powell','Juliet',to_date('16-OCT-05','DD-MON-RR'),'1');
Insert into CUHELLUB.MEMBER (BIRTH_ID,FIRSTNAME,LASTNAME,MIDDLENAME,REGISTRATION_DATE,GENDER) values (9,'Emerson','Gomez','Desirae',to_date('16-AUG-18','DD-MON-RR'),'1');
Insert into CUHELLUB.MEMBER (BIRTH_ID,FIRSTNAME,LASTNAME,MIDDLENAME,REGISTRATION_DATE,GENDER) values (10,'Alexis','Sutton','Nero',to_date('15-OCT-31','DD-MON-RR'),'0');
Insert into CUHELLUB.MEMBER (BIRTH_ID,FIRSTNAME,LASTNAME,MIDDLENAME,REGISTRATION_DATE,GENDER) values (11,'Ezra','Sims','Rahim',to_date('15-JUL-17','DD-MON-RR'),'0');
Insert into CUHELLUB.MEMBER (BIRTH_ID,FIRSTNAME,LASTNAME,MIDDLENAME,REGISTRATION_DATE,GENDER) values (12,'Kai','Bell','Kim',to_date('15-FEB-23','DD-MON-RR'),'0');
Insert into CUHELLUB.MEMBER (BIRTH_ID,FIRSTNAME,LASTNAME,MIDDLENAME,REGISTRATION_DATE,GENDER) values (13,'Sean','Ortiz','Chastity',to_date('15-AUG-28','DD-MON-RR'),'0');
Insert into CUHELLUB.MEMBER (BIRTH_ID,FIRSTNAME,LASTNAME,MIDDLENAME,REGISTRATION_DATE,GENDER) values (14,'Althea','Strong','Alec',to_date('16-OCT-08','DD-MON-RR'),'0');
Insert into CUHELLUB.MEMBER (BIRTH_ID,FIRSTNAME,LASTNAME,MIDDLENAME,REGISTRATION_DATE,GENDER) values (15,'Cameron','Oneill','Isaiah',to_date('15-JUL-30','DD-MON-RR'),'0');
Insert into CUHELLUB.MEMBER (BIRTH_ID,FIRSTNAME,LASTNAME,MIDDLENAME,REGISTRATION_DATE,GENDER) values (16,'Kennedy','Fuentes','Evan',to_date('15-MAY-11','DD-MON-RR'),'0');
Insert into CUHELLUB.MEMBER (BIRTH_ID,FIRSTNAME,LASTNAME,MIDDLENAME,REGISTRATION_DATE,GENDER) values (17,'Kirestin','Mcgee','Valentine',to_date('15-APR-24','DD-MON-RR'),'1');
Insert into CUHELLUB.MEMBER (BIRTH_ID,FIRSTNAME,LASTNAME,MIDDLENAME,REGISTRATION_DATE,GENDER) values (18,'Armand','Henson','Dennis',to_date('16-OCT-05','DD-MON-RR'),'0');
Insert into CUHELLUB.MEMBER (BIRTH_ID,FIRSTNAME,LASTNAME,MIDDLENAME,REGISTRATION_DATE,GENDER) values (19,'Amela','Lara','Constance',to_date('16-JAN-02','DD-MON-RR'),'1');
Insert into CUHELLUB.MEMBER (BIRTH_ID,FIRSTNAME,LASTNAME,MIDDLENAME,REGISTRATION_DATE,GENDER) values (20,'Bertha','Wooten','Nicholas',to_date('15-APR-29','DD-MON-RR'),'0');
Insert into CUHELLUB.MEMBER (BIRTH_ID,FIRSTNAME,LASTNAME,MIDDLENAME,REGISTRATION_DATE,GENDER) values (21,'Bethany','Johnston','Kyra',to_date('16-APR-04','DD-MON-RR'),'1');
Insert into CUHELLUB.MEMBER (BIRTH_ID,FIRSTNAME,LASTNAME,MIDDLENAME,REGISTRATION_DATE,GENDER) values (22,'Teagan','Flowers','Brennan',to_date('16-FEB-06','DD-MON-RR'),'1');
Insert into CUHELLUB.MEMBER (BIRTH_ID,FIRSTNAME,LASTNAME,MIDDLENAME,REGISTRATION_DATE,GENDER) values (23,'Lane','Norris','Ezra',to_date('15-OCT-09','DD-MON-RR'),'0');
Insert into CUHELLUB.MEMBER (BIRTH_ID,FIRSTNAME,LASTNAME,MIDDLENAME,REGISTRATION_DATE,GENDER) values (24,'Reagan','Ray','Jeanette',to_date('16-AUG-21','DD-MON-RR'),'0');
Insert into CUHELLUB.MEMBER (BIRTH_ID,FIRSTNAME,LASTNAME,MIDDLENAME,REGISTRATION_DATE,GENDER) values (25,'Lewis','Baxter','Harlan',to_date('16-OCT-04','DD-MON-RR'),'0');
Insert into CUHELLUB.MEMBER (BIRTH_ID,FIRSTNAME,LASTNAME,MIDDLENAME,REGISTRATION_DATE,GENDER) values (26,'Damon','Serrano','Madonna',to_date('16-MAY-27','DD-MON-RR'),'1');
Insert into CUHELLUB.MEMBER (BIRTH_ID,FIRSTNAME,LASTNAME,MIDDLENAME,REGISTRATION_DATE,GENDER) values (27,'Imani','Tanner','Dennis',to_date('15-MAR-08','DD-MON-RR'),'0');
Insert into CUHELLUB.MEMBER (BIRTH_ID,FIRSTNAME,LASTNAME,MIDDLENAME,REGISTRATION_DATE,GENDER) values (28,'Yael','Le','Tara',to_date('15-APR-17','DD-MON-RR'),'0');
Insert into CUHELLUB.MEMBER (BIRTH_ID,FIRSTNAME,LASTNAME,MIDDLENAME,REGISTRATION_DATE,GENDER) values (29,'Garth','Bender','Raven',to_date('15-JUN-20','DD-MON-RR'),'1');
Insert into CUHELLUB.MEMBER (BIRTH_ID,FIRSTNAME,LASTNAME,MIDDLENAME,REGISTRATION_DATE,GENDER) values (30,'Vivien','Bowers','Yolanda',to_date('15-NOV-10','DD-MON-RR'),'0');
Insert into CUHELLUB.MEMBER (BIRTH_ID,FIRSTNAME,LASTNAME,MIDDLENAME,REGISTRATION_DATE,GENDER) values (31,'Emi','Brooks','Nora',to_date('16-JUL-19','DD-MON-RR'),'0');
Insert into CUHELLUB.MEMBER (BIRTH_ID,FIRSTNAME,LASTNAME,MIDDLENAME,REGISTRATION_DATE,GENDER) values (32,'Gary','Gonzales','Hollee',to_date('15-MAR-18','DD-MON-RR'),'1');
Insert into CUHELLUB.MEMBER (BIRTH_ID,FIRSTNAME,LASTNAME,MIDDLENAME,REGISTRATION_DATE,GENDER) values (33,'Hiroko','West','Xandra',to_date('15-MAR-05','DD-MON-RR'),'1');
Insert into CUHELLUB.MEMBER (BIRTH_ID,FIRSTNAME,LASTNAME,MIDDLENAME,REGISTRATION_DATE,GENDER) values (34,'Vivian','Luna','Phoebe',to_date('16-MAY-03','DD-MON-RR'),'1');
Insert into CUHELLUB.MEMBER (BIRTH_ID,FIRSTNAME,LASTNAME,MIDDLENAME,REGISTRATION_DATE,GENDER) values (35,'Dennis','Mcgowan','Samantha',to_date('15-DEC-08','DD-MON-RR'),'0');
Insert into CUHELLUB.MEMBER (BIRTH_ID,FIRSTNAME,LASTNAME,MIDDLENAME,REGISTRATION_DATE,GENDER) values (36,'Dante','Clayton','Stewart',to_date('15-AUG-13','DD-MON-RR'),'1');
Insert into CUHELLUB.MEMBER (BIRTH_ID,FIRSTNAME,LASTNAME,MIDDLENAME,REGISTRATION_DATE,GENDER) values (37,'Salvador','Sherman','Candice',to_date('16-SEP-13','DD-MON-RR'),'0');
Insert into CUHELLUB.MEMBER (BIRTH_ID,FIRSTNAME,LASTNAME,MIDDLENAME,REGISTRATION_DATE,GENDER) values (38,'Garth','Riggs','Jana',to_date('15-AUG-27','DD-MON-RR'),'1');
Insert into CUHELLUB.MEMBER (BIRTH_ID,FIRSTNAME,LASTNAME,MIDDLENAME,REGISTRATION_DATE,GENDER) values (39,'Kareem','Weaver','Madison',to_date('15-MAY-03','DD-MON-RR'),'0');
Insert into CUHELLUB.MEMBER (BIRTH_ID,FIRSTNAME,LASTNAME,MIDDLENAME,REGISTRATION_DATE,GENDER) values (40,'Flynn','Santana','Holmes',to_date('15-APR-04','DD-MON-RR'),'1');
Insert into CUHELLUB.MEMBER (BIRTH_ID,FIRSTNAME,LASTNAME,MIDDLENAME,REGISTRATION_DATE,GENDER) values (41,'Violet','Mathis','Anastasia',to_date('15-SEP-18','DD-MON-RR'),'1');
Insert into CUHELLUB.MEMBER (BIRTH_ID,FIRSTNAME,LASTNAME,MIDDLENAME,REGISTRATION_DATE,GENDER) values (42,'Barbara','Walton','TaShya',to_date('15-MAY-21','DD-MON-RR'),'1');
Insert into CUHELLUB.MEMBER (BIRTH_ID,FIRSTNAME,LASTNAME,MIDDLENAME,REGISTRATION_DATE,GENDER) values (43,'Adrian','Gonzalez','Asher',to_date('16-JAN-15','DD-MON-RR'),'0');
Insert into CUHELLUB.MEMBER (BIRTH_ID,FIRSTNAME,LASTNAME,MIDDLENAME,REGISTRATION_DATE,GENDER) values (44,'Rowan','Owens','Simone',to_date('16-APR-13','DD-MON-RR'),'0');
Insert into CUHELLUB.MEMBER (BIRTH_ID,FIRSTNAME,LASTNAME,MIDDLENAME,REGISTRATION_DATE,GENDER) values (45,'Elizabeth','Byers','Xena',to_date('16-SEP-07','DD-MON-RR'),'1');
Insert into CUHELLUB.MEMBER (BIRTH_ID,FIRSTNAME,LASTNAME,MIDDLENAME,REGISTRATION_DATE,GENDER) values (46,'Echo','Vaughan','Hiram',to_date('16-MAY-21','DD-MON-RR'),'0');
Insert into CUHELLUB.MEMBER (BIRTH_ID,FIRSTNAME,LASTNAME,MIDDLENAME,REGISTRATION_DATE,GENDER) values (47,'Rafael','Carr','Acton',to_date('16-NOV-02','DD-MON-RR'),'0');
Insert into CUHELLUB.MEMBER (BIRTH_ID,FIRSTNAME,LASTNAME,MIDDLENAME,REGISTRATION_DATE,GENDER) values (48,'Cameron','Riggs','Oleg',to_date('15-JAN-31','DD-MON-RR'),'1');
Insert into CUHELLUB.MEMBER (BIRTH_ID,FIRSTNAME,LASTNAME,MIDDLENAME,REGISTRATION_DATE,GENDER) values (49,'Xavier','Vaughan','Colby',to_date('16-JAN-31','DD-MON-RR'),'1');
Insert into CUHELLUB.MEMBER (BIRTH_ID,FIRSTNAME,LASTNAME,MIDDLENAME,REGISTRATION_DATE,GENDER) values (50,'Thane','Cook','Laurel',to_date('16-MAY-14','DD-MON-RR'),'1');
Insert into CUHELLUB.MEMBER (BIRTH_ID,FIRSTNAME,LASTNAME,MIDDLENAME,REGISTRATION_DATE,GENDER) values (51,'Finn','Roth','Serena',to_date('16-MAY-28','DD-MON-RR'),'1');
Insert into CUHELLUB.MEMBER (BIRTH_ID,FIRSTNAME,LASTNAME,MIDDLENAME,REGISTRATION_DATE,GENDER) values (52,'Mary','Campos','Ann',to_date('15-DEC-01','DD-MON-RR'),'1');
Insert into CUHELLUB.MEMBER (BIRTH_ID,FIRSTNAME,LASTNAME,MIDDLENAME,REGISTRATION_DATE,GENDER) values (53,'Reed','Vincent','Moana',to_date('16-FEB-16','DD-MON-RR'),'0');
Insert into CUHELLUB.MEMBER (BIRTH_ID,FIRSTNAME,LASTNAME,MIDDLENAME,REGISTRATION_DATE,GENDER) values (54,'Nayda','Frank','Kameko',to_date('15-APR-07','DD-MON-RR'),'0');
Insert into CUHELLUB.MEMBER (BIRTH_ID,FIRSTNAME,LASTNAME,MIDDLENAME,REGISTRATION_DATE,GENDER) values (55,'Hannah','Mason','Dean',to_date('15-JUL-30','DD-MON-RR'),'0');
Insert into CUHELLUB.MEMBER (BIRTH_ID,FIRSTNAME,LASTNAME,MIDDLENAME,REGISTRATION_DATE,GENDER) values (56,'Chanda','Williamson','Ignacia',to_date('15-MAR-13','DD-MON-RR'),'1');
Insert into CUHELLUB.MEMBER (BIRTH_ID,FIRSTNAME,LASTNAME,MIDDLENAME,REGISTRATION_DATE,GENDER) values (57,'Gareth','Bartlett','Yael',to_date('16-JUL-01','DD-MON-RR'),'1');
Insert into CUHELLUB.MEMBER (BIRTH_ID,FIRSTNAME,LASTNAME,MIDDLENAME,REGISTRATION_DATE,GENDER) values (58,'Wing','Moon','Halee',to_date('15-APR-29','DD-MON-RR'),'1');
Insert into CUHELLUB.MEMBER (BIRTH_ID,FIRSTNAME,LASTNAME,MIDDLENAME,REGISTRATION_DATE,GENDER) values (59,'Yardley','Barber','Chancellor',to_date('16-AUG-17','DD-MON-RR'),'0');
Insert into CUHELLUB.MEMBER (BIRTH_ID,FIRSTNAME,LASTNAME,MIDDLENAME,REGISTRATION_DATE,GENDER) values (60,'Xantha','Clay','Quinn',to_date('15-NOV-08','DD-MON-RR'),'0');
Insert into CUHELLUB.MEMBER (BIRTH_ID,FIRSTNAME,LASTNAME,MIDDLENAME,REGISTRATION_DATE,GENDER) values (61,'Jena','Patton','Bianca',to_date('15-APR-16','DD-MON-RR'),'0');
Insert into CUHELLUB.MEMBER (BIRTH_ID,FIRSTNAME,LASTNAME,MIDDLENAME,REGISTRATION_DATE,GENDER) values (62,'Guinevere','Green','Devin',to_date('15-JUL-20','DD-MON-RR'),'1');
Insert into CUHELLUB.MEMBER (BIRTH_ID,FIRSTNAME,LASTNAME,MIDDLENAME,REGISTRATION_DATE,GENDER) values (63,'Odette','Humphrey','Zachary',to_date('16-NOV-07','DD-MON-RR'),'1');
Insert into CUHELLUB.MEMBER (BIRTH_ID,FIRSTNAME,LASTNAME,MIDDLENAME,REGISTRATION_DATE,GENDER) values (64,'Fletcher','Burris','Kermit',to_date('14-DEC-27','DD-MON-RR'),'1');
Insert into CUHELLUB.MEMBER (BIRTH_ID,FIRSTNAME,LASTNAME,MIDDLENAME,REGISTRATION_DATE,GENDER) values (65,'Gay','Madden','Callie',to_date('16-NOV-30','DD-MON-RR'),'1');
Insert into CUHELLUB.MEMBER (BIRTH_ID,FIRSTNAME,LASTNAME,MIDDLENAME,REGISTRATION_DATE,GENDER) values (66,'Perry','Casey','Tara',to_date('16-JUN-22','DD-MON-RR'),'0');
Insert into CUHELLUB.MEMBER (BIRTH_ID,FIRSTNAME,LASTNAME,MIDDLENAME,REGISTRATION_DATE,GENDER) values (67,'Myra','Greene','Rhona',to_date('15-DEC-15','DD-MON-RR'),'1');
Insert into CUHELLUB.MEMBER (BIRTH_ID,FIRSTNAME,LASTNAME,MIDDLENAME,REGISTRATION_DATE,GENDER) values (68,'MacKenzie','Sanders','Garth',to_date('16-SEP-28','DD-MON-RR'),'1');
Insert into CUHELLUB.MEMBER (BIRTH_ID,FIRSTNAME,LASTNAME,MIDDLENAME,REGISTRATION_DATE,GENDER) values (69,'Quinn','Rios','Uma',to_date('16-MAY-20','DD-MON-RR'),'1');
Insert into CUHELLUB.MEMBER (BIRTH_ID,FIRSTNAME,LASTNAME,MIDDLENAME,REGISTRATION_DATE,GENDER) values (70,'Alma','Jefferson','Charles',to_date('16-AUG-11','DD-MON-RR'),'1');
Insert into CUHELLUB.MEMBER (BIRTH_ID,FIRSTNAME,LASTNAME,MIDDLENAME,REGISTRATION_DATE,GENDER) values (71,'Brendan','Zimmerman','Nash',to_date('15-SEP-12','DD-MON-RR'),'1');
Insert into CUHELLUB.MEMBER (BIRTH_ID,FIRSTNAME,LASTNAME,MIDDLENAME,REGISTRATION_DATE,GENDER) values (72,'Rina','Wright','Hanna',to_date('16-APR-05','DD-MON-RR'),'0');
Insert into CUHELLUB.MEMBER (BIRTH_ID,FIRSTNAME,LASTNAME,MIDDLENAME,REGISTRATION_DATE,GENDER) values (73,'Carissa','Small','Gabriel',to_date('15-MAR-24','DD-MON-RR'),'0');
Insert into CUHELLUB.MEMBER (BIRTH_ID,FIRSTNAME,LASTNAME,MIDDLENAME,REGISTRATION_DATE,GENDER) values (74,'Ria','Salas','Jason',to_date('14-DEC-31','DD-MON-RR'),'1');
Insert into CUHELLUB.MEMBER (BIRTH_ID,FIRSTNAME,LASTNAME,MIDDLENAME,REGISTRATION_DATE,GENDER) values (75,'Gisela','Lopez','Quentin',to_date('16-MAY-15','DD-MON-RR'),'0');
Insert into CUHELLUB.MEMBER (BIRTH_ID,FIRSTNAME,LASTNAME,MIDDLENAME,REGISTRATION_DATE,GENDER) values (76,'Uriah','Durham','Joy',to_date('16-AUG-04','DD-MON-RR'),'0');
Insert into CUHELLUB.MEMBER (BIRTH_ID,FIRSTNAME,LASTNAME,MIDDLENAME,REGISTRATION_DATE,GENDER) values (77,'Elizabeth','Farrell','Jordan',to_date('15-AUG-04','DD-MON-RR'),'1');
Insert into CUHELLUB.MEMBER (BIRTH_ID,FIRSTNAME,LASTNAME,MIDDLENAME,REGISTRATION_DATE,GENDER) values (78,'Holly','Woods','Guy',to_date('16-OCT-28','DD-MON-RR'),'1');
Insert into CUHELLUB.MEMBER (BIRTH_ID,FIRSTNAME,LASTNAME,MIDDLENAME,REGISTRATION_DATE,GENDER) values (79,'Daquan','Horne','Matthew',to_date('16-FEB-04','DD-MON-RR'),'1');
Insert into CUHELLUB.MEMBER (BIRTH_ID,FIRSTNAME,LASTNAME,MIDDLENAME,REGISTRATION_DATE,GENDER) values (80,'Grady','Flowers','Chandler',to_date('15-JUL-25','DD-MON-RR'),'0');
Insert into CUHELLUB.MEMBER (BIRTH_ID,FIRSTNAME,LASTNAME,MIDDLENAME,REGISTRATION_DATE,GENDER) values (81,'Benjamin','Faulkner','Donovan',to_date('15-AUG-07','DD-MON-RR'),'0');
Insert into CUHELLUB.MEMBER (BIRTH_ID,FIRSTNAME,LASTNAME,MIDDLENAME,REGISTRATION_DATE,GENDER) values (82,'Regina','Frazier','Indigo',to_date('15-FEB-18','DD-MON-RR'),'1');
Insert into CUHELLUB.MEMBER (BIRTH_ID,FIRSTNAME,LASTNAME,MIDDLENAME,REGISTRATION_DATE,GENDER) values (83,'Angela','Watts','Erin',to_date('16-JUL-14','DD-MON-RR'),'1');
Insert into CUHELLUB.MEMBER (BIRTH_ID,FIRSTNAME,LASTNAME,MIDDLENAME,REGISTRATION_DATE,GENDER) values (84,'Marny','Becker','Hunter',to_date('16-AUG-01','DD-MON-RR'),'0');
Insert into CUHELLUB.MEMBER (BIRTH_ID,FIRSTNAME,LASTNAME,MIDDLENAME,REGISTRATION_DATE,GENDER) values (85,'Rafael','Austin','Davis',to_date('16-MAR-08','DD-MON-RR'),'0');
Insert into CUHELLUB.MEMBER (BIRTH_ID,FIRSTNAME,LASTNAME,MIDDLENAME,REGISTRATION_DATE,GENDER) values (86,'Finn','Torres','Ori',to_date('15-DEC-05','DD-MON-RR'),'0');
Insert into CUHELLUB.MEMBER (BIRTH_ID,FIRSTNAME,LASTNAME,MIDDLENAME,REGISTRATION_DATE,GENDER) values (87,'Abra','Walter','Dale',to_date('15-JAN-06','DD-MON-RR'),'0');
Insert into CUHELLUB.MEMBER (BIRTH_ID,FIRSTNAME,LASTNAME,MIDDLENAME,REGISTRATION_DATE,GENDER) values (88,'Kibo','Bentley','Zeus',to_date('15-DEC-28','DD-MON-RR'),'1');
Insert into CUHELLUB.MEMBER (BIRTH_ID,FIRSTNAME,LASTNAME,MIDDLENAME,REGISTRATION_DATE,GENDER) values (89,'Quinn','Crawford','Allegra',to_date('15-SEP-06','DD-MON-RR'),'1');
Insert into CUHELLUB.MEMBER (BIRTH_ID,FIRSTNAME,LASTNAME,MIDDLENAME,REGISTRATION_DATE,GENDER) values (90,'Lars','Reyes','Mohammad',to_date('14-DEC-11','DD-MON-RR'),'0');
Insert into CUHELLUB.MEMBER (BIRTH_ID,FIRSTNAME,LASTNAME,MIDDLENAME,REGISTRATION_DATE,GENDER) values (91,'Nicholas','Mathis','Micah',to_date('16-DEC-02','DD-MON-RR'),'1');
Insert into CUHELLUB.MEMBER (BIRTH_ID,FIRSTNAME,LASTNAME,MIDDLENAME,REGISTRATION_DATE,GENDER) values (92,'Shannon','Webb','Edan',to_date('16-MAR-27','DD-MON-RR'),'0');
Insert into CUHELLUB.MEMBER (BIRTH_ID,FIRSTNAME,LASTNAME,MIDDLENAME,REGISTRATION_DATE,GENDER) values (93,'Winter','Murray','Shaine',to_date('15-DEC-28','DD-MON-RR'),'1');
Insert into CUHELLUB.MEMBER (BIRTH_ID,FIRSTNAME,LASTNAME,MIDDLENAME,REGISTRATION_DATE,GENDER) values (94,'Jaden','Garza','Mari',to_date('16-JUL-01','DD-MON-RR'),'1');
Insert into CUHELLUB.MEMBER (BIRTH_ID,FIRSTNAME,LASTNAME,MIDDLENAME,REGISTRATION_DATE,GENDER) values (95,'Patrick','Chang','Andrew',to_date('15-APR-11','DD-MON-RR'),'1');
Insert into CUHELLUB.MEMBER (BIRTH_ID,FIRSTNAME,LASTNAME,MIDDLENAME,REGISTRATION_DATE,GENDER) values (96,'Ginger','Mckay','Cally',to_date('16-APR-23','DD-MON-RR'),'1');
Insert into CUHELLUB.MEMBER (BIRTH_ID,FIRSTNAME,LASTNAME,MIDDLENAME,REGISTRATION_DATE,GENDER) values (97,'Kathleen','Wyatt','Sigourney',to_date('16-JAN-10','DD-MON-RR'),'0');
Insert into CUHELLUB.MEMBER (BIRTH_ID,FIRSTNAME,LASTNAME,MIDDLENAME,REGISTRATION_DATE,GENDER) values (98,'Wyatt','Ashley','Kameko',to_date('15-OCT-22','DD-MON-RR'),'1');
Insert into CUHELLUB.MEMBER (BIRTH_ID,FIRSTNAME,LASTNAME,MIDDLENAME,REGISTRATION_DATE,GENDER) values (99,'Edward','Herring','Tatiana',to_date('16-JUL-05','DD-MON-RR'),'0');
Insert into CUHELLUB.MEMBER (BIRTH_ID,FIRSTNAME,LASTNAME,MIDDLENAME,REGISTRATION_DATE,GENDER) values (100,'Hyacinth','Hester','Camille',to_date('15-MAR-17','DD-MON-RR'),'1');
REM INSERTING into CUHELLUB.PLAYER
SET DEFINE OFF;
Insert into CUHELLUB.PLAYER (ID,JERSEY_NUMBER,MEMBER_BIRTH_ID,CATEGORY_NAME) values (251,2,1,'BA                  ');
Insert into CUHELLUB.PLAYER (ID,JERSEY_NUMBER,MEMBER_BIRTH_ID,CATEGORY_NAME) values (271,3,3,'BA                  ');
Insert into CUHELLUB.PLAYER (ID,JERSEY_NUMBER,MEMBER_BIRTH_ID,CATEGORY_NAME) values (272,4,5,'BA                  ');
Insert into CUHELLUB.PLAYER (ID,JERSEY_NUMBER,MEMBER_BIRTH_ID,CATEGORY_NAME) values (273,5,7,'BA                  ');
Insert into CUHELLUB.PLAYER (ID,JERSEY_NUMBER,MEMBER_BIRTH_ID,CATEGORY_NAME) values (274,6,9,'BA                  ');
Insert into CUHELLUB.PLAYER (ID,JERSEY_NUMBER,MEMBER_BIRTH_ID,CATEGORY_NAME) values (275,7,11,'BA                  ');
Insert into CUHELLUB.PLAYER (ID,JERSEY_NUMBER,MEMBER_BIRTH_ID,CATEGORY_NAME) values (276,8,13,'BA                  ');
Insert into CUHELLUB.PLAYER (ID,JERSEY_NUMBER,MEMBER_BIRTH_ID,CATEGORY_NAME) values (277,9,15,'BA                  ');
Insert into CUHELLUB.PLAYER (ID,JERSEY_NUMBER,MEMBER_BIRTH_ID,CATEGORY_NAME) values (278,10,17,'BA                  ');
Insert into CUHELLUB.PLAYER (ID,JERSEY_NUMBER,MEMBER_BIRTH_ID,CATEGORY_NAME) values (279,11,19,'SA                  ');
Insert into CUHELLUB.PLAYER (ID,JERSEY_NUMBER,MEMBER_BIRTH_ID,CATEGORY_NAME) values (280,12,21,'SA                  ');
Insert into CUHELLUB.PLAYER (ID,JERSEY_NUMBER,MEMBER_BIRTH_ID,CATEGORY_NAME) values (281,13,23,'SA                  ');
Insert into CUHELLUB.PLAYER (ID,JERSEY_NUMBER,MEMBER_BIRTH_ID,CATEGORY_NAME) values (282,14,25,'SA                  ');
Insert into CUHELLUB.PLAYER (ID,JERSEY_NUMBER,MEMBER_BIRTH_ID,CATEGORY_NAME) values (283,15,27,'SA                  ');
Insert into CUHELLUB.PLAYER (ID,JERSEY_NUMBER,MEMBER_BIRTH_ID,CATEGORY_NAME) values (284,65,29,'SA                  ');
Insert into CUHELLUB.PLAYER (ID,JERSEY_NUMBER,MEMBER_BIRTH_ID,CATEGORY_NAME) values (285,34,31,'SA                  ');
Insert into CUHELLUB.PLAYER (ID,JERSEY_NUMBER,MEMBER_BIRTH_ID,CATEGORY_NAME) values (286,76,33,'SA                  ');
Insert into CUHELLUB.PLAYER (ID,JERSEY_NUMBER,MEMBER_BIRTH_ID,CATEGORY_NAME) values (287,87,35,'SA                  ');
Insert into CUHELLUB.PLAYER (ID,JERSEY_NUMBER,MEMBER_BIRTH_ID,CATEGORY_NAME) values (288,23,37,'SA                  ');
Insert into CUHELLUB.PLAYER (ID,JERSEY_NUMBER,MEMBER_BIRTH_ID,CATEGORY_NAME) values (289,54,39,'B21                 ');
Insert into CUHELLUB.PLAYER (ID,JERSEY_NUMBER,MEMBER_BIRTH_ID,CATEGORY_NAME) values (290,12,41,'B21                 ');
Insert into CUHELLUB.PLAYER (ID,JERSEY_NUMBER,MEMBER_BIRTH_ID,CATEGORY_NAME) values (291,56,43,'B21                 ');
Insert into CUHELLUB.PLAYER (ID,JERSEY_NUMBER,MEMBER_BIRTH_ID,CATEGORY_NAME) values (292,89,45,'B21                 ');
Insert into CUHELLUB.PLAYER (ID,JERSEY_NUMBER,MEMBER_BIRTH_ID,CATEGORY_NAME) values (293,76,47,'B21                 ');
Insert into CUHELLUB.PLAYER (ID,JERSEY_NUMBER,MEMBER_BIRTH_ID,CATEGORY_NAME) values (294,28,49,'B21                 ');
Insert into CUHELLUB.PLAYER (ID,JERSEY_NUMBER,MEMBER_BIRTH_ID,CATEGORY_NAME) values (295,97,51,'B21                 ');
Insert into CUHELLUB.PLAYER (ID,JERSEY_NUMBER,MEMBER_BIRTH_ID,CATEGORY_NAME) values (296,34,53,'B21                 ');
Insert into CUHELLUB.PLAYER (ID,JERSEY_NUMBER,MEMBER_BIRTH_ID,CATEGORY_NAME) values (297,36,55,'B21                 ');
Insert into CUHELLUB.PLAYER (ID,JERSEY_NUMBER,MEMBER_BIRTH_ID,CATEGORY_NAME) values (298,72,57,'B21                 ');
Insert into CUHELLUB.PLAYER (ID,JERSEY_NUMBER,MEMBER_BIRTH_ID,CATEGORY_NAME) values (299,75,59,'B21                 ');
Insert into CUHELLUB.PLAYER (ID,JERSEY_NUMBER,MEMBER_BIRTH_ID,CATEGORY_NAME) values (300,99,61,'S15                 ');
REM INSERTING into CUHELLUB.TIMESHEET
SET DEFINE OFF;
Insert into CUHELLUB.TIMESHEET (HEAD_COACH,COACH_ID,EVENT_ID) values ('1',13,449);
Insert into CUHELLUB.TIMESHEET (HEAD_COACH,COACH_ID,EVENT_ID) values ('1',1,300);
Insert into CUHELLUB.TIMESHEET (HEAD_COACH,COACH_ID,EVENT_ID) values ('1',10,384);
Insert into CUHELLUB.TIMESHEET (HEAD_COACH,COACH_ID,EVENT_ID) values ('1',12,28);
Insert into CUHELLUB.TIMESHEET (HEAD_COACH,COACH_ID,EVENT_ID) values ('1',6,109);
Insert into CUHELLUB.TIMESHEET (HEAD_COACH,COACH_ID,EVENT_ID) values ('0',3,112);
Insert into CUHELLUB.TIMESHEET (HEAD_COACH,COACH_ID,EVENT_ID) values ('1',5,294);
Insert into CUHELLUB.TIMESHEET (HEAD_COACH,COACH_ID,EVENT_ID) values ('1',5,232);
Insert into CUHELLUB.TIMESHEET (HEAD_COACH,COACH_ID,EVENT_ID) values ('1',4,360);
Insert into CUHELLUB.TIMESHEET (HEAD_COACH,COACH_ID,EVENT_ID) values ('0',10,9);
Insert into CUHELLUB.TIMESHEET (HEAD_COACH,COACH_ID,EVENT_ID) values ('0',4,74);
Insert into CUHELLUB.TIMESHEET (HEAD_COACH,COACH_ID,EVENT_ID) values ('1',7,130);
Insert into CUHELLUB.TIMESHEET (HEAD_COACH,COACH_ID,EVENT_ID) values ('1',2,175);
Insert into CUHELLUB.TIMESHEET (HEAD_COACH,COACH_ID,EVENT_ID) values ('1',5,238);
Insert into CUHELLUB.TIMESHEET (HEAD_COACH,COACH_ID,EVENT_ID) values ('1',1,340);
Insert into CUHELLUB.TIMESHEET (HEAD_COACH,COACH_ID,EVENT_ID) values ('0',11,93);
Insert into CUHELLUB.TIMESHEET (HEAD_COACH,COACH_ID,EVENT_ID) values ('1',7,338);
Insert into CUHELLUB.TIMESHEET (HEAD_COACH,COACH_ID,EVENT_ID) values ('1',5,10);
Insert into CUHELLUB.TIMESHEET (HEAD_COACH,COACH_ID,EVENT_ID) values ('0',9,195);
Insert into CUHELLUB.TIMESHEET (HEAD_COACH,COACH_ID,EVENT_ID) values ('0',7,365);
Insert into CUHELLUB.TIMESHEET (HEAD_COACH,COACH_ID,EVENT_ID) values ('1',1,255);
Insert into CUHELLUB.TIMESHEET (HEAD_COACH,COACH_ID,EVENT_ID) values ('0',13,176);
Insert into CUHELLUB.TIMESHEET (HEAD_COACH,COACH_ID,EVENT_ID) values ('1',7,75);
Insert into CUHELLUB.TIMESHEET (HEAD_COACH,COACH_ID,EVENT_ID) values ('0',12,58);
Insert into CUHELLUB.TIMESHEET (HEAD_COACH,COACH_ID,EVENT_ID) values ('0',2,435);
Insert into CUHELLUB.TIMESHEET (HEAD_COACH,COACH_ID,EVENT_ID) values ('0',1,114);
Insert into CUHELLUB.TIMESHEET (HEAD_COACH,COACH_ID,EVENT_ID) values ('1',1,147);
Insert into CUHELLUB.TIMESHEET (HEAD_COACH,COACH_ID,EVENT_ID) values ('0',13,450);
Insert into CUHELLUB.TIMESHEET (HEAD_COACH,COACH_ID,EVENT_ID) values ('1',2,156);
Insert into CUHELLUB.TIMESHEET (HEAD_COACH,COACH_ID,EVENT_ID) values ('0',2,366);
Insert into CUHELLUB.TIMESHEET (HEAD_COACH,COACH_ID,EVENT_ID) values ('0',8,433);
Insert into CUHELLUB.TIMESHEET (HEAD_COACH,COACH_ID,EVENT_ID) values ('0',9,131);
Insert into CUHELLUB.TIMESHEET (HEAD_COACH,COACH_ID,EVENT_ID) values ('0',8,420);
Insert into CUHELLUB.TIMESHEET (HEAD_COACH,COACH_ID,EVENT_ID) values ('1',5,90);
Insert into CUHELLUB.TIMESHEET (HEAD_COACH,COACH_ID,EVENT_ID) values ('1',7,38);
Insert into CUHELLUB.TIMESHEET (HEAD_COACH,COACH_ID,EVENT_ID) values ('0',8,293);
Insert into CUHELLUB.TIMESHEET (HEAD_COACH,COACH_ID,EVENT_ID) values ('0',4,139);
Insert into CUHELLUB.TIMESHEET (HEAD_COACH,COACH_ID,EVENT_ID) values ('1',13,361);
Insert into CUHELLUB.TIMESHEET (HEAD_COACH,COACH_ID,EVENT_ID) values ('0',12,16);
Insert into CUHELLUB.TIMESHEET (HEAD_COACH,COACH_ID,EVENT_ID) values ('0',5,138);
Insert into CUHELLUB.TIMESHEET (HEAD_COACH,COACH_ID,EVENT_ID) values ('0',9,436);
Insert into CUHELLUB.TIMESHEET (HEAD_COACH,COACH_ID,EVENT_ID) values ('0',4,306);
Insert into CUHELLUB.TIMESHEET (HEAD_COACH,COACH_ID,EVENT_ID) values ('0',8,99);
Insert into CUHELLUB.TIMESHEET (HEAD_COACH,COACH_ID,EVENT_ID) values ('0',2,121);
Insert into CUHELLUB.TIMESHEET (HEAD_COACH,COACH_ID,EVENT_ID) values ('1',12,26);
Insert into CUHELLUB.TIMESHEET (HEAD_COACH,COACH_ID,EVENT_ID) values ('1',5,209);
Insert into CUHELLUB.TIMESHEET (HEAD_COACH,COACH_ID,EVENT_ID) values ('0',5,430);
Insert into CUHELLUB.TIMESHEET (HEAD_COACH,COACH_ID,EVENT_ID) values ('1',1,476);
Insert into CUHELLUB.TIMESHEET (HEAD_COACH,COACH_ID,EVENT_ID) values ('1',12,265);
Insert into CUHELLUB.TIMESHEET (HEAD_COACH,COACH_ID,EVENT_ID) values ('1',10,64);
Insert into CUHELLUB.TIMESHEET (HEAD_COACH,COACH_ID,EVENT_ID) values ('0',4,223);
Insert into CUHELLUB.TIMESHEET (HEAD_COACH,COACH_ID,EVENT_ID) values ('1',10,236);
Insert into CUHELLUB.TIMESHEET (HEAD_COACH,COACH_ID,EVENT_ID) values ('0',9,15);
Insert into CUHELLUB.TIMESHEET (HEAD_COACH,COACH_ID,EVENT_ID) values ('0',12,277);
Insert into CUHELLUB.TIMESHEET (HEAD_COACH,COACH_ID,EVENT_ID) values ('0',2,470);
Insert into CUHELLUB.TIMESHEET (HEAD_COACH,COACH_ID,EVENT_ID) values ('0',11,489);
Insert into CUHELLUB.TIMESHEET (HEAD_COACH,COACH_ID,EVENT_ID) values ('1',15,206);
Insert into CUHELLUB.TIMESHEET (HEAD_COACH,COACH_ID,EVENT_ID) values ('0',11,341);
Insert into CUHELLUB.TIMESHEET (HEAD_COACH,COACH_ID,EVENT_ID) values ('0',1,23);
Insert into CUHELLUB.TIMESHEET (HEAD_COACH,COACH_ID,EVENT_ID) values ('0',8,466);
Insert into CUHELLUB.TIMESHEET (HEAD_COACH,COACH_ID,EVENT_ID) values ('0',14,429);
Insert into CUHELLUB.TIMESHEET (HEAD_COACH,COACH_ID,EVENT_ID) values ('0',9,373);
Insert into CUHELLUB.TIMESHEET (HEAD_COACH,COACH_ID,EVENT_ID) values ('0',13,188);
Insert into CUHELLUB.TIMESHEET (HEAD_COACH,COACH_ID,EVENT_ID) values ('0',14,275);
Insert into CUHELLUB.TIMESHEET (HEAD_COACH,COACH_ID,EVENT_ID) values ('0',5,17);
Insert into CUHELLUB.TIMESHEET (HEAD_COACH,COACH_ID,EVENT_ID) values ('0',9,441);
Insert into CUHELLUB.TIMESHEET (HEAD_COACH,COACH_ID,EVENT_ID) values ('0',11,302);
Insert into CUHELLUB.TIMESHEET (HEAD_COACH,COACH_ID,EVENT_ID) values ('0',13,16);
Insert into CUHELLUB.TIMESHEET (HEAD_COACH,COACH_ID,EVENT_ID) values ('0',14,443);
Insert into CUHELLUB.TIMESHEET (HEAD_COACH,COACH_ID,EVENT_ID) values ('1',4,7);
Insert into CUHELLUB.TIMESHEET (HEAD_COACH,COACH_ID,EVENT_ID) values ('0',4,154);
Insert into CUHELLUB.TIMESHEET (HEAD_COACH,COACH_ID,EVENT_ID) values ('0',14,205);
Insert into CUHELLUB.TIMESHEET (HEAD_COACH,COACH_ID,EVENT_ID) values ('1',3,460);
Insert into CUHELLUB.TIMESHEET (HEAD_COACH,COACH_ID,EVENT_ID) values ('0',7,452);
Insert into CUHELLUB.TIMESHEET (HEAD_COACH,COACH_ID,EVENT_ID) values ('0',15,92);
Insert into CUHELLUB.TIMESHEET (HEAD_COACH,COACH_ID,EVENT_ID) values ('0',6,302);
Insert into CUHELLUB.TIMESHEET (HEAD_COACH,COACH_ID,EVENT_ID) values ('0',14,373);
Insert into CUHELLUB.TIMESHEET (HEAD_COACH,COACH_ID,EVENT_ID) values ('0',3,196);
Insert into CUHELLUB.TIMESHEET (HEAD_COACH,COACH_ID,EVENT_ID) values ('1',2,28);
Insert into CUHELLUB.TIMESHEET (HEAD_COACH,COACH_ID,EVENT_ID) values ('1',4,232);
Insert into CUHELLUB.TIMESHEET (HEAD_COACH,COACH_ID,EVENT_ID) values ('0',3,79);
Insert into CUHELLUB.TIMESHEET (HEAD_COACH,COACH_ID,EVENT_ID) values ('1',14,186);
Insert into CUHELLUB.TIMESHEET (HEAD_COACH,COACH_ID,EVENT_ID) values ('0',11,295);
Insert into CUHELLUB.TIMESHEET (HEAD_COACH,COACH_ID,EVENT_ID) values ('1',6,386);
Insert into CUHELLUB.TIMESHEET (HEAD_COACH,COACH_ID,EVENT_ID) values ('0',5,307);
Insert into CUHELLUB.TIMESHEET (HEAD_COACH,COACH_ID,EVENT_ID) values ('0',3,351);
Insert into CUHELLUB.TIMESHEET (HEAD_COACH,COACH_ID,EVENT_ID) values ('0',9,414);
Insert into CUHELLUB.TIMESHEET (HEAD_COACH,COACH_ID,EVENT_ID) values ('0',13,142);
Insert into CUHELLUB.TIMESHEET (HEAD_COACH,COACH_ID,EVENT_ID) values ('0',12,30);
Insert into CUHELLUB.TIMESHEET (HEAD_COACH,COACH_ID,EVENT_ID) values ('1',13,373);
Insert into CUHELLUB.TIMESHEET (HEAD_COACH,COACH_ID,EVENT_ID) values ('1',6,310);
Insert into CUHELLUB.TIMESHEET (HEAD_COACH,COACH_ID,EVENT_ID) values ('0',5,307);
Insert into CUHELLUB.TIMESHEET (HEAD_COACH,COACH_ID,EVENT_ID) values ('0',11,107);
Insert into CUHELLUB.TIMESHEET (HEAD_COACH,COACH_ID,EVENT_ID) values ('1',14,443);
Insert into CUHELLUB.TIMESHEET (HEAD_COACH,COACH_ID,EVENT_ID) values ('1',4,171);
Insert into CUHELLUB.TIMESHEET (HEAD_COACH,COACH_ID,EVENT_ID) values ('0',2,171);
Insert into CUHELLUB.TIMESHEET (HEAD_COACH,COACH_ID,EVENT_ID) values ('0',14,412);
Insert into CUHELLUB.TIMESHEET (HEAD_COACH,COACH_ID,EVENT_ID) values ('0',11,60);
Insert into CUHELLUB.TIMESHEET (HEAD_COACH,COACH_ID,EVENT_ID) values ('1',5,370);
Insert into CUHELLUB.TIMESHEET (HEAD_COACH,COACH_ID,EVENT_ID) values ('0',10,409);
Insert into CUHELLUB.TIMESHEET (HEAD_COACH,COACH_ID,EVENT_ID) values ('1',1,465);
Insert into CUHELLUB.TIMESHEET (HEAD_COACH,COACH_ID,EVENT_ID) values ('0',13,36);
Insert into CUHELLUB.TIMESHEET (HEAD_COACH,COACH_ID,EVENT_ID) values ('1',6,79);
Insert into CUHELLUB.TIMESHEET (HEAD_COACH,COACH_ID,EVENT_ID) values ('0',4,405);
Insert into CUHELLUB.TIMESHEET (HEAD_COACH,COACH_ID,EVENT_ID) values ('1',5,132);
Insert into CUHELLUB.TIMESHEET (HEAD_COACH,COACH_ID,EVENT_ID) values ('1',1,352);
Insert into CUHELLUB.TIMESHEET (HEAD_COACH,COACH_ID,EVENT_ID) values ('1',4,65);
Insert into CUHELLUB.TIMESHEET (HEAD_COACH,COACH_ID,EVENT_ID) values ('1',8,209);
Insert into CUHELLUB.TIMESHEET (HEAD_COACH,COACH_ID,EVENT_ID) values ('0',5,465);
Insert into CUHELLUB.TIMESHEET (HEAD_COACH,COACH_ID,EVENT_ID) values ('1',14,99);
Insert into CUHELLUB.TIMESHEET (HEAD_COACH,COACH_ID,EVENT_ID) values ('1',10,289);
Insert into CUHELLUB.TIMESHEET (HEAD_COACH,COACH_ID,EVENT_ID) values ('1',1,496);
Insert into CUHELLUB.TIMESHEET (HEAD_COACH,COACH_ID,EVENT_ID) values ('1',14,26);
Insert into CUHELLUB.TIMESHEET (HEAD_COACH,COACH_ID,EVENT_ID) values ('0',6,87);
Insert into CUHELLUB.TIMESHEET (HEAD_COACH,COACH_ID,EVENT_ID) values ('1',4,324);
Insert into CUHELLUB.TIMESHEET (HEAD_COACH,COACH_ID,EVENT_ID) values ('0',6,422);
Insert into CUHELLUB.TIMESHEET (HEAD_COACH,COACH_ID,EVENT_ID) values ('0',8,464);
Insert into CUHELLUB.TIMESHEET (HEAD_COACH,COACH_ID,EVENT_ID) values ('1',7,185);
Insert into CUHELLUB.TIMESHEET (HEAD_COACH,COACH_ID,EVENT_ID) values ('1',11,117);
Insert into CUHELLUB.TIMESHEET (HEAD_COACH,COACH_ID,EVENT_ID) values ('1',12,8);
Insert into CUHELLUB.TIMESHEET (HEAD_COACH,COACH_ID,EVENT_ID) values ('1',8,118);
Insert into CUHELLUB.TIMESHEET (HEAD_COACH,COACH_ID,EVENT_ID) values ('1',6,312);
Insert into CUHELLUB.TIMESHEET (HEAD_COACH,COACH_ID,EVENT_ID) values ('0',5,208);
Insert into CUHELLUB.TIMESHEET (HEAD_COACH,COACH_ID,EVENT_ID) values ('1',10,464);
Insert into CUHELLUB.TIMESHEET (HEAD_COACH,COACH_ID,EVENT_ID) values ('1',15,424);
Insert into CUHELLUB.TIMESHEET (HEAD_COACH,COACH_ID,EVENT_ID) values ('0',6,378);
Insert into CUHELLUB.TIMESHEET (HEAD_COACH,COACH_ID,EVENT_ID) values ('1',1,58);
Insert into CUHELLUB.TIMESHEET (HEAD_COACH,COACH_ID,EVENT_ID) values ('0',1,376);
Insert into CUHELLUB.TIMESHEET (HEAD_COACH,COACH_ID,EVENT_ID) values ('1',11,35);
Insert into CUHELLUB.TIMESHEET (HEAD_COACH,COACH_ID,EVENT_ID) values ('1',8,207);
Insert into CUHELLUB.TIMESHEET (HEAD_COACH,COACH_ID,EVENT_ID) values ('1',14,116);
Insert into CUHELLUB.TIMESHEET (HEAD_COACH,COACH_ID,EVENT_ID) values ('0',8,321);
Insert into CUHELLUB.TIMESHEET (HEAD_COACH,COACH_ID,EVENT_ID) values ('1',4,490);
Insert into CUHELLUB.TIMESHEET (HEAD_COACH,COACH_ID,EVENT_ID) values ('0',6,221);
Insert into CUHELLUB.TIMESHEET (HEAD_COACH,COACH_ID,EVENT_ID) values ('0',11,231);
Insert into CUHELLUB.TIMESHEET (HEAD_COACH,COACH_ID,EVENT_ID) values ('1',15,64);
Insert into CUHELLUB.TIMESHEET (HEAD_COACH,COACH_ID,EVENT_ID) values ('1',12,8);
Insert into CUHELLUB.TIMESHEET (HEAD_COACH,COACH_ID,EVENT_ID) values ('0',11,243);
Insert into CUHELLUB.TIMESHEET (HEAD_COACH,COACH_ID,EVENT_ID) values ('0',15,366);
Insert into CUHELLUB.TIMESHEET (HEAD_COACH,COACH_ID,EVENT_ID) values ('0',9,217);
Insert into CUHELLUB.TIMESHEET (HEAD_COACH,COACH_ID,EVENT_ID) values ('1',11,347);
Insert into CUHELLUB.TIMESHEET (HEAD_COACH,COACH_ID,EVENT_ID) values ('0',4,206);
Insert into CUHELLUB.TIMESHEET (HEAD_COACH,COACH_ID,EVENT_ID) values ('1',8,452);
Insert into CUHELLUB.TIMESHEET (HEAD_COACH,COACH_ID,EVENT_ID) values ('0',11,348);
Insert into CUHELLUB.TIMESHEET (HEAD_COACH,COACH_ID,EVENT_ID) values ('1',11,83);
Insert into CUHELLUB.TIMESHEET (HEAD_COACH,COACH_ID,EVENT_ID) values ('1',10,310);
Insert into CUHELLUB.TIMESHEET (HEAD_COACH,COACH_ID,EVENT_ID) values ('0',2,271);
Insert into CUHELLUB.TIMESHEET (HEAD_COACH,COACH_ID,EVENT_ID) values ('1',6,168);
Insert into CUHELLUB.TIMESHEET (HEAD_COACH,COACH_ID,EVENT_ID) values ('1',2,58);
Insert into CUHELLUB.TIMESHEET (HEAD_COACH,COACH_ID,EVENT_ID) values ('1',15,437);
Insert into CUHELLUB.TIMESHEET (HEAD_COACH,COACH_ID,EVENT_ID) values ('1',15,372);
Insert into CUHELLUB.TIMESHEET (HEAD_COACH,COACH_ID,EVENT_ID) values ('0',10,20);
Insert into CUHELLUB.TIMESHEET (HEAD_COACH,COACH_ID,EVENT_ID) values ('0',2,207);
Insert into CUHELLUB.TIMESHEET (HEAD_COACH,COACH_ID,EVENT_ID) values ('1',15,89);
Insert into CUHELLUB.TIMESHEET (HEAD_COACH,COACH_ID,EVENT_ID) values ('0',11,384);
Insert into CUHELLUB.TIMESHEET (HEAD_COACH,COACH_ID,EVENT_ID) values ('1',1,159);
Insert into CUHELLUB.TIMESHEET (HEAD_COACH,COACH_ID,EVENT_ID) values ('0',6,308);
Insert into CUHELLUB.TIMESHEET (HEAD_COACH,COACH_ID,EVENT_ID) values ('1',5,55);
Insert into CUHELLUB.TIMESHEET (HEAD_COACH,COACH_ID,EVENT_ID) values ('1',6,116);
Insert into CUHELLUB.TIMESHEET (HEAD_COACH,COACH_ID,EVENT_ID) values ('0',13,448);
Insert into CUHELLUB.TIMESHEET (HEAD_COACH,COACH_ID,EVENT_ID) values ('1',9,74);
Insert into CUHELLUB.TIMESHEET (HEAD_COACH,COACH_ID,EVENT_ID) values ('1',9,238);
Insert into CUHELLUB.TIMESHEET (HEAD_COACH,COACH_ID,EVENT_ID) values ('1',15,440);
Insert into CUHELLUB.TIMESHEET (HEAD_COACH,COACH_ID,EVENT_ID) values ('0',1,493);
Insert into CUHELLUB.TIMESHEET (HEAD_COACH,COACH_ID,EVENT_ID) values ('1',15,155);
Insert into CUHELLUB.TIMESHEET (HEAD_COACH,COACH_ID,EVENT_ID) values ('1',6,91);
Insert into CUHELLUB.TIMESHEET (HEAD_COACH,COACH_ID,EVENT_ID) values ('1',8,271);
Insert into CUHELLUB.TIMESHEET (HEAD_COACH,COACH_ID,EVENT_ID) values ('1',3,221);
Insert into CUHELLUB.TIMESHEET (HEAD_COACH,COACH_ID,EVENT_ID) values ('1',3,10);
Insert into CUHELLUB.TIMESHEET (HEAD_COACH,COACH_ID,EVENT_ID) values ('0',6,373);
Insert into CUHELLUB.TIMESHEET (HEAD_COACH,COACH_ID,EVENT_ID) values ('0',13,209);
Insert into CUHELLUB.TIMESHEET (HEAD_COACH,COACH_ID,EVENT_ID) values ('0',11,477);
Insert into CUHELLUB.TIMESHEET (HEAD_COACH,COACH_ID,EVENT_ID) values ('0',1,32);
Insert into CUHELLUB.TIMESHEET (HEAD_COACH,COACH_ID,EVENT_ID) values ('0',12,261);
Insert into CUHELLUB.TIMESHEET (HEAD_COACH,COACH_ID,EVENT_ID) values ('0',8,137);
Insert into CUHELLUB.TIMESHEET (HEAD_COACH,COACH_ID,EVENT_ID) values ('1',11,376);
Insert into CUHELLUB.TIMESHEET (HEAD_COACH,COACH_ID,EVENT_ID) values ('0',2,475);
Insert into CUHELLUB.TIMESHEET (HEAD_COACH,COACH_ID,EVENT_ID) values ('1',3,394);
Insert into CUHELLUB.TIMESHEET (HEAD_COACH,COACH_ID,EVENT_ID) values ('1',9,167);
Insert into CUHELLUB.TIMESHEET (HEAD_COACH,COACH_ID,EVENT_ID) values ('1',15,267);
Insert into CUHELLUB.TIMESHEET (HEAD_COACH,COACH_ID,EVENT_ID) values ('1',3,154);
Insert into CUHELLUB.TIMESHEET (HEAD_COACH,COACH_ID,EVENT_ID) values ('0',8,488);
Insert into CUHELLUB.TIMESHEET (HEAD_COACH,COACH_ID,EVENT_ID) values ('1',13,378);
Insert into CUHELLUB.TIMESHEET (HEAD_COACH,COACH_ID,EVENT_ID) values ('1',15,422);
Insert into CUHELLUB.TIMESHEET (HEAD_COACH,COACH_ID,EVENT_ID) values ('0',2,295);
Insert into CUHELLUB.TIMESHEET (HEAD_COACH,COACH_ID,EVENT_ID) values ('0',4,179);
Insert into CUHELLUB.TIMESHEET (HEAD_COACH,COACH_ID,EVENT_ID) values ('0',9,335);
Insert into CUHELLUB.TIMESHEET (HEAD_COACH,COACH_ID,EVENT_ID) values ('0',14,121);
Insert into CUHELLUB.TIMESHEET (HEAD_COACH,COACH_ID,EVENT_ID) values ('0',15,11);
Insert into CUHELLUB.TIMESHEET (HEAD_COACH,COACH_ID,EVENT_ID) values ('0',1,154);
Insert into CUHELLUB.TIMESHEET (HEAD_COACH,COACH_ID,EVENT_ID) values ('0',6,432);
Insert into CUHELLUB.TIMESHEET (HEAD_COACH,COACH_ID,EVENT_ID) values ('0',8,43);
Insert into CUHELLUB.TIMESHEET (HEAD_COACH,COACH_ID,EVENT_ID) values ('0',12,494);
Insert into CUHELLUB.TIMESHEET (HEAD_COACH,COACH_ID,EVENT_ID) values ('0',9,352);
Insert into CUHELLUB.TIMESHEET (HEAD_COACH,COACH_ID,EVENT_ID) values ('1',13,32);
Insert into CUHELLUB.TIMESHEET (HEAD_COACH,COACH_ID,EVENT_ID) values ('1',11,303);
Insert into CUHELLUB.TIMESHEET (HEAD_COACH,COACH_ID,EVENT_ID) values ('1',11,117);
Insert into CUHELLUB.TIMESHEET (HEAD_COACH,COACH_ID,EVENT_ID) values ('1',13,75);
Insert into CUHELLUB.TIMESHEET (HEAD_COACH,COACH_ID,EVENT_ID) values ('0',5,303);
Insert into CUHELLUB.TIMESHEET (HEAD_COACH,COACH_ID,EVENT_ID) values ('1',3,141);
Insert into CUHELLUB.TIMESHEET (HEAD_COACH,COACH_ID,EVENT_ID) values ('0',6,381);
Insert into CUHELLUB.TIMESHEET (HEAD_COACH,COACH_ID,EVENT_ID) values ('0',9,378);
Insert into CUHELLUB.TIMESHEET (HEAD_COACH,COACH_ID,EVENT_ID) values ('0',15,220);
Insert into CUHELLUB.TIMESHEET (HEAD_COACH,COACH_ID,EVENT_ID) values ('1',3,262);
Insert into CUHELLUB.TIMESHEET (HEAD_COACH,COACH_ID,EVENT_ID) values ('0',8,23);
Insert into CUHELLUB.TIMESHEET (HEAD_COACH,COACH_ID,EVENT_ID) values ('0',5,217);
Insert into CUHELLUB.TIMESHEET (HEAD_COACH,COACH_ID,EVENT_ID) values ('1',13,456);
Insert into CUHELLUB.TIMESHEET (HEAD_COACH,COACH_ID,EVENT_ID) values ('0',4,62);
Insert into CUHELLUB.TIMESHEET (HEAD_COACH,COACH_ID,EVENT_ID) values ('0',15,441);
Insert into CUHELLUB.TIMESHEET (HEAD_COACH,COACH_ID,EVENT_ID) values ('1',15,171);
Insert into CUHELLUB.TIMESHEET (HEAD_COACH,COACH_ID,EVENT_ID) values ('1',4,451);
Insert into CUHELLUB.TIMESHEET (HEAD_COACH,COACH_ID,EVENT_ID) values ('0',9,128);
Insert into CUHELLUB.TIMESHEET (HEAD_COACH,COACH_ID,EVENT_ID) values ('0',5,144);
Insert into CUHELLUB.TIMESHEET (HEAD_COACH,COACH_ID,EVENT_ID) values ('1',11,294);
Insert into CUHELLUB.TIMESHEET (HEAD_COACH,COACH_ID,EVENT_ID) values ('1',12,164);
Insert into CUHELLUB.TIMESHEET (HEAD_COACH,COACH_ID,EVENT_ID) values ('1',11,5);
Insert into CUHELLUB.TIMESHEET (HEAD_COACH,COACH_ID,EVENT_ID) values ('1',7,319);
Insert into CUHELLUB.TIMESHEET (HEAD_COACH,COACH_ID,EVENT_ID) values ('1',12,189);
Insert into CUHELLUB.TIMESHEET (HEAD_COACH,COACH_ID,EVENT_ID) values ('1',8,177);
Insert into CUHELLUB.TIMESHEET (HEAD_COACH,COACH_ID,EVENT_ID) values ('1',12,50);
Insert into CUHELLUB.TIMESHEET (HEAD_COACH,COACH_ID,EVENT_ID) values ('1',15,28);
Insert into CUHELLUB.TIMESHEET (HEAD_COACH,COACH_ID,EVENT_ID) values ('0',14,402);
Insert into CUHELLUB.TIMESHEET (HEAD_COACH,COACH_ID,EVENT_ID) values ('0',10,297);
Insert into CUHELLUB.TIMESHEET (HEAD_COACH,COACH_ID,EVENT_ID) values ('1',12,455);
Insert into CUHELLUB.TIMESHEET (HEAD_COACH,COACH_ID,EVENT_ID) values ('0',15,128);
Insert into CUHELLUB.TIMESHEET (HEAD_COACH,COACH_ID,EVENT_ID) values ('1',3,103);
Insert into CUHELLUB.TIMESHEET (HEAD_COACH,COACH_ID,EVENT_ID) values ('1',3,58);
Insert into CUHELLUB.TIMESHEET (HEAD_COACH,COACH_ID,EVENT_ID) values ('1',1,185);
Insert into CUHELLUB.TIMESHEET (HEAD_COACH,COACH_ID,EVENT_ID) values ('1',3,281);
Insert into CUHELLUB.TIMESHEET (HEAD_COACH,COACH_ID,EVENT_ID) values ('1',1,180);
Insert into CUHELLUB.TIMESHEET (HEAD_COACH,COACH_ID,EVENT_ID) values ('0',8,431);
Insert into CUHELLUB.TIMESHEET (HEAD_COACH,COACH_ID,EVENT_ID) values ('0',6,395);
Insert into CUHELLUB.TIMESHEET (HEAD_COACH,COACH_ID,EVENT_ID) values ('0',11,162);
Insert into CUHELLUB.TIMESHEET (HEAD_COACH,COACH_ID,EVENT_ID) values ('1',9,337);
Insert into CUHELLUB.TIMESHEET (HEAD_COACH,COACH_ID,EVENT_ID) values ('1',11,42);
Insert into CUHELLUB.TIMESHEET (HEAD_COACH,COACH_ID,EVENT_ID) values ('1',14,16);
Insert into CUHELLUB.TIMESHEET (HEAD_COACH,COACH_ID,EVENT_ID) values ('0',6,227);
Insert into CUHELLUB.TIMESHEET (HEAD_COACH,COACH_ID,EVENT_ID) values ('0',14,363);
Insert into CUHELLUB.TIMESHEET (HEAD_COACH,COACH_ID,EVENT_ID) values ('1',9,96);
Insert into CUHELLUB.TIMESHEET (HEAD_COACH,COACH_ID,EVENT_ID) values ('1',12,80);
Insert into CUHELLUB.TIMESHEET (HEAD_COACH,COACH_ID,EVENT_ID) values ('1',5,63);
Insert into CUHELLUB.TIMESHEET (HEAD_COACH,COACH_ID,EVENT_ID) values ('1',8,66);
Insert into CUHELLUB.TIMESHEET (HEAD_COACH,COACH_ID,EVENT_ID) values ('0',2,290);
Insert into CUHELLUB.TIMESHEET (HEAD_COACH,COACH_ID,EVENT_ID) values ('0',6,64);
Insert into CUHELLUB.TIMESHEET (HEAD_COACH,COACH_ID,EVENT_ID) values ('1',15,488);
Insert into CUHELLUB.TIMESHEET (HEAD_COACH,COACH_ID,EVENT_ID) values ('0',14,328);
Insert into CUHELLUB.TIMESHEET (HEAD_COACH,COACH_ID,EVENT_ID) values ('1',10,285);
Insert into CUHELLUB.TIMESHEET (HEAD_COACH,COACH_ID,EVENT_ID) values ('1',14,91);
Insert into CUHELLUB.TIMESHEET (HEAD_COACH,COACH_ID,EVENT_ID) values ('1',5,401);
Insert into CUHELLUB.TIMESHEET (HEAD_COACH,COACH_ID,EVENT_ID) values ('0',4,292);
Insert into CUHELLUB.TIMESHEET (HEAD_COACH,COACH_ID,EVENT_ID) values ('0',12,108);
Insert into CUHELLUB.TIMESHEET (HEAD_COACH,COACH_ID,EVENT_ID) values ('1',7,382);
Insert into CUHELLUB.TIMESHEET (HEAD_COACH,COACH_ID,EVENT_ID) values ('0',11,273);
Insert into CUHELLUB.TIMESHEET (HEAD_COACH,COACH_ID,EVENT_ID) values ('0',4,372);
Insert into CUHELLUB.TIMESHEET (HEAD_COACH,COACH_ID,EVENT_ID) values ('1',15,485);
Insert into CUHELLUB.TIMESHEET (HEAD_COACH,COACH_ID,EVENT_ID) values ('1',3,314);
Insert into CUHELLUB.TIMESHEET (HEAD_COACH,COACH_ID,EVENT_ID) values ('1',5,84);
Insert into CUHELLUB.TIMESHEET (HEAD_COACH,COACH_ID,EVENT_ID) values ('0',5,433);
Insert into CUHELLUB.TIMESHEET (HEAD_COACH,COACH_ID,EVENT_ID) values ('0',11,467);
Insert into CUHELLUB.TIMESHEET (HEAD_COACH,COACH_ID,EVENT_ID) values ('0',11,430);
Insert into CUHELLUB.TIMESHEET (HEAD_COACH,COACH_ID,EVENT_ID) values ('0',1,65);
Insert into CUHELLUB.TIMESHEET (HEAD_COACH,COACH_ID,EVENT_ID) values ('0',14,47);
Insert into CUHELLUB.TIMESHEET (HEAD_COACH,COACH_ID,EVENT_ID) values ('1',5,359);
Insert into CUHELLUB.TIMESHEET (HEAD_COACH,COACH_ID,EVENT_ID) values ('1',6,399);
Insert into CUHELLUB.TIMESHEET (HEAD_COACH,COACH_ID,EVENT_ID) values ('1',14,125);
Insert into CUHELLUB.TIMESHEET (HEAD_COACH,COACH_ID,EVENT_ID) values ('1',7,184);
Insert into CUHELLUB.TIMESHEET (HEAD_COACH,COACH_ID,EVENT_ID) values ('0',4,242);
Insert into CUHELLUB.TIMESHEET (HEAD_COACH,COACH_ID,EVENT_ID) values ('1',1,311);
Insert into CUHELLUB.TIMESHEET (HEAD_COACH,COACH_ID,EVENT_ID) values ('0',3,250);
Insert into CUHELLUB.TIMESHEET (HEAD_COACH,COACH_ID,EVENT_ID) values ('1',15,220);
Insert into CUHELLUB.TIMESHEET (HEAD_COACH,COACH_ID,EVENT_ID) values ('0',4,451);
Insert into CUHELLUB.TIMESHEET (HEAD_COACH,COACH_ID,EVENT_ID) values ('0',14,258);
Insert into CUHELLUB.TIMESHEET (HEAD_COACH,COACH_ID,EVENT_ID) values ('1',14,105);
Insert into CUHELLUB.TIMESHEET (HEAD_COACH,COACH_ID,EVENT_ID) values ('0',2,190);
Insert into CUHELLUB.TIMESHEET (HEAD_COACH,COACH_ID,EVENT_ID) values ('1',5,110);
Insert into CUHELLUB.TIMESHEET (HEAD_COACH,COACH_ID,EVENT_ID) values ('1',15,300);
Insert into CUHELLUB.TIMESHEET (HEAD_COACH,COACH_ID,EVENT_ID) values ('0',13,234);
Insert into CUHELLUB.TIMESHEET (HEAD_COACH,COACH_ID,EVENT_ID) values ('0',3,301);
Insert into CUHELLUB.TIMESHEET (HEAD_COACH,COACH_ID,EVENT_ID) values ('0',3,328);
Insert into CUHELLUB.TIMESHEET (HEAD_COACH,COACH_ID,EVENT_ID) values ('0',9,282);
Insert into CUHELLUB.TIMESHEET (HEAD_COACH,COACH_ID,EVENT_ID) values ('1',12,58);
Insert into CUHELLUB.TIMESHEET (HEAD_COACH,COACH_ID,EVENT_ID) values ('1',7,23);
Insert into CUHELLUB.TIMESHEET (HEAD_COACH,COACH_ID,EVENT_ID) values ('0',1,360);
Insert into CUHELLUB.TIMESHEET (HEAD_COACH,COACH_ID,EVENT_ID) values ('0',5,67);
Insert into CUHELLUB.TIMESHEET (HEAD_COACH,COACH_ID,EVENT_ID) values ('1',8,42);
Insert into CUHELLUB.TIMESHEET (HEAD_COACH,COACH_ID,EVENT_ID) values ('1',7,161);
Insert into CUHELLUB.TIMESHEET (HEAD_COACH,COACH_ID,EVENT_ID) values ('0',12,225);
Insert into CUHELLUB.TIMESHEET (HEAD_COACH,COACH_ID,EVENT_ID) values ('1',5,275);
Insert into CUHELLUB.TIMESHEET (HEAD_COACH,COACH_ID,EVENT_ID) values ('1',1,490);
Insert into CUHELLUB.TIMESHEET (HEAD_COACH,COACH_ID,EVENT_ID) values ('0',8,18);
Insert into CUHELLUB.TIMESHEET (HEAD_COACH,COACH_ID,EVENT_ID) values ('1',15,209);
Insert into CUHELLUB.TIMESHEET (HEAD_COACH,COACH_ID,EVENT_ID) values ('1',11,489);
Insert into CUHELLUB.TIMESHEET (HEAD_COACH,COACH_ID,EVENT_ID) values ('1',1,247);
Insert into CUHELLUB.TIMESHEET (HEAD_COACH,COACH_ID,EVENT_ID) values ('1',2,335);
Insert into CUHELLUB.TIMESHEET (HEAD_COACH,COACH_ID,EVENT_ID) values ('0',13,103);
Insert into CUHELLUB.TIMESHEET (HEAD_COACH,COACH_ID,EVENT_ID) values ('0',3,218);
Insert into CUHELLUB.TIMESHEET (HEAD_COACH,COACH_ID,EVENT_ID) values ('1',2,33);
Insert into CUHELLUB.TIMESHEET (HEAD_COACH,COACH_ID,EVENT_ID) values ('0',10,440);
Insert into CUHELLUB.TIMESHEET (HEAD_COACH,COACH_ID,EVENT_ID) values ('0',2,348);
Insert into CUHELLUB.TIMESHEET (HEAD_COACH,COACH_ID,EVENT_ID) values ('1',5,386);
Insert into CUHELLUB.TIMESHEET (HEAD_COACH,COACH_ID,EVENT_ID) values ('0',12,289);
Insert into CUHELLUB.TIMESHEET (HEAD_COACH,COACH_ID,EVENT_ID) values ('1',4,117);
Insert into CUHELLUB.TIMESHEET (HEAD_COACH,COACH_ID,EVENT_ID) values ('1',10,445);
Insert into CUHELLUB.TIMESHEET (HEAD_COACH,COACH_ID,EVENT_ID) values ('0',15,399);
Insert into CUHELLUB.TIMESHEET (HEAD_COACH,COACH_ID,EVENT_ID) values ('1',8,470);
Insert into CUHELLUB.TIMESHEET (HEAD_COACH,COACH_ID,EVENT_ID) values ('1',10,426);
Insert into CUHELLUB.TIMESHEET (HEAD_COACH,COACH_ID,EVENT_ID) values ('0',6,493);
Insert into CUHELLUB.TIMESHEET (HEAD_COACH,COACH_ID,EVENT_ID) values ('1',4,377);
Insert into CUHELLUB.TIMESHEET (HEAD_COACH,COACH_ID,EVENT_ID) values ('0',15,68);
Insert into CUHELLUB.TIMESHEET (HEAD_COACH,COACH_ID,EVENT_ID) values ('0',14,481);
Insert into CUHELLUB.TIMESHEET (HEAD_COACH,COACH_ID,EVENT_ID) values ('1',1,63);
Insert into CUHELLUB.TIMESHEET (HEAD_COACH,COACH_ID,EVENT_ID) values ('1',1,431);
Insert into CUHELLUB.TIMESHEET (HEAD_COACH,COACH_ID,EVENT_ID) values ('0',7,323);
Insert into CUHELLUB.TIMESHEET (HEAD_COACH,COACH_ID,EVENT_ID) values ('0',5,139);
Insert into CUHELLUB.TIMESHEET (HEAD_COACH,COACH_ID,EVENT_ID) values ('0',6,174);
Insert into CUHELLUB.TIMESHEET (HEAD_COACH,COACH_ID,EVENT_ID) values ('1',6,294);
Insert into CUHELLUB.TIMESHEET (HEAD_COACH,COACH_ID,EVENT_ID) values ('0',5,269);
Insert into CUHELLUB.TIMESHEET (HEAD_COACH,COACH_ID,EVENT_ID) values ('0',1,487);
Insert into CUHELLUB.TIMESHEET (HEAD_COACH,COACH_ID,EVENT_ID) values ('1',8,435);
Insert into CUHELLUB.TIMESHEET (HEAD_COACH,COACH_ID,EVENT_ID) values ('1',4,355);
Insert into CUHELLUB.TIMESHEET (HEAD_COACH,COACH_ID,EVENT_ID) values ('0',15,260);
Insert into CUHELLUB.TIMESHEET (HEAD_COACH,COACH_ID,EVENT_ID) values ('1',9,328);
Insert into CUHELLUB.TIMESHEET (HEAD_COACH,COACH_ID,EVENT_ID) values ('1',10,344);
Insert into CUHELLUB.TIMESHEET (HEAD_COACH,COACH_ID,EVENT_ID) values ('1',9,194);
Insert into CUHELLUB.TIMESHEET (HEAD_COACH,COACH_ID,EVENT_ID) values ('1',12,36);
Insert into CUHELLUB.TIMESHEET (HEAD_COACH,COACH_ID,EVENT_ID) values ('0',2,238);
Insert into CUHELLUB.TIMESHEET (HEAD_COACH,COACH_ID,EVENT_ID) values ('1',11,433);
Insert into CUHELLUB.TIMESHEET (HEAD_COACH,COACH_ID,EVENT_ID) values ('0',7,174);
Insert into CUHELLUB.TIMESHEET (HEAD_COACH,COACH_ID,EVENT_ID) values ('0',10,260);
Insert into CUHELLUB.TIMESHEET (HEAD_COACH,COACH_ID,EVENT_ID) values ('1',10,462);
Insert into CUHELLUB.TIMESHEET (HEAD_COACH,COACH_ID,EVENT_ID) values ('0',7,179);
Insert into CUHELLUB.TIMESHEET (HEAD_COACH,COACH_ID,EVENT_ID) values ('1',4,102);
Insert into CUHELLUB.TIMESHEET (HEAD_COACH,COACH_ID,EVENT_ID) values ('1',8,206);
Insert into CUHELLUB.TIMESHEET (HEAD_COACH,COACH_ID,EVENT_ID) values ('1',7,157);
Insert into CUHELLUB.TIMESHEET (HEAD_COACH,COACH_ID,EVENT_ID) values ('0',3,317);
Insert into CUHELLUB.TIMESHEET (HEAD_COACH,COACH_ID,EVENT_ID) values ('0',10,184);
Insert into CUHELLUB.TIMESHEET (HEAD_COACH,COACH_ID,EVENT_ID) values ('1',1,424);
Insert into CUHELLUB.TIMESHEET (HEAD_COACH,COACH_ID,EVENT_ID) values ('0',4,427);
Insert into CUHELLUB.TIMESHEET (HEAD_COACH,COACH_ID,EVENT_ID) values ('0',6,242);
Insert into CUHELLUB.TIMESHEET (HEAD_COACH,COACH_ID,EVENT_ID) values ('1',14,153);
Insert into CUHELLUB.TIMESHEET (HEAD_COACH,COACH_ID,EVENT_ID) values ('0',13,290);
Insert into CUHELLUB.TIMESHEET (HEAD_COACH,COACH_ID,EVENT_ID) values ('1',10,376);
Insert into CUHELLUB.TIMESHEET (HEAD_COACH,COACH_ID,EVENT_ID) values ('1',1,242);
Insert into CUHELLUB.TIMESHEET (HEAD_COACH,COACH_ID,EVENT_ID) values ('1',15,327);
Insert into CUHELLUB.TIMESHEET (HEAD_COACH,COACH_ID,EVENT_ID) values ('1',4,103);
Insert into CUHELLUB.TIMESHEET (HEAD_COACH,COACH_ID,EVENT_ID) values ('0',13,473);
Insert into CUHELLUB.TIMESHEET (HEAD_COACH,COACH_ID,EVENT_ID) values ('1',13,433);
Insert into CUHELLUB.TIMESHEET (HEAD_COACH,COACH_ID,EVENT_ID) values ('0',1,67);
Insert into CUHELLUB.TIMESHEET (HEAD_COACH,COACH_ID,EVENT_ID) values ('0',13,172);
Insert into CUHELLUB.TIMESHEET (HEAD_COACH,COACH_ID,EVENT_ID) values ('0',7,434);
Insert into CUHELLUB.TIMESHEET (HEAD_COACH,COACH_ID,EVENT_ID) values ('0',4,479);
Insert into CUHELLUB.TIMESHEET (HEAD_COACH,COACH_ID,EVENT_ID) values ('1',5,496);
Insert into CUHELLUB.TIMESHEET (HEAD_COACH,COACH_ID,EVENT_ID) values ('0',15,470);
Insert into CUHELLUB.TIMESHEET (HEAD_COACH,COACH_ID,EVENT_ID) values ('0',6,160);
Insert into CUHELLUB.TIMESHEET (HEAD_COACH,COACH_ID,EVENT_ID) values ('1',14,413);
Insert into CUHELLUB.TIMESHEET (HEAD_COACH,COACH_ID,EVENT_ID) values ('1',9,253);
Insert into CUHELLUB.TIMESHEET (HEAD_COACH,COACH_ID,EVENT_ID) values ('0',5,162);
Insert into CUHELLUB.TIMESHEET (HEAD_COACH,COACH_ID,EVENT_ID) values ('0',15,399);
Insert into CUHELLUB.TIMESHEET (HEAD_COACH,COACH_ID,EVENT_ID) values ('0',15,132);
Insert into CUHELLUB.TIMESHEET (HEAD_COACH,COACH_ID,EVENT_ID) values ('0',4,378);
Insert into CUHELLUB.TIMESHEET (HEAD_COACH,COACH_ID,EVENT_ID) values ('0',2,268);
Insert into CUHELLUB.TIMESHEET (HEAD_COACH,COACH_ID,EVENT_ID) values ('0',7,400);
Insert into CUHELLUB.TIMESHEET (HEAD_COACH,COACH_ID,EVENT_ID) values ('1',10,143);
Insert into CUHELLUB.TIMESHEET (HEAD_COACH,COACH_ID,EVENT_ID) values ('0',3,172);
Insert into CUHELLUB.TIMESHEET (HEAD_COACH,COACH_ID,EVENT_ID) values ('0',9,159);
Insert into CUHELLUB.TIMESHEET (HEAD_COACH,COACH_ID,EVENT_ID) values ('0',6,373);
Insert into CUHELLUB.TIMESHEET (HEAD_COACH,COACH_ID,EVENT_ID) values ('1',3,35);
Insert into CUHELLUB.TIMESHEET (HEAD_COACH,COACH_ID,EVENT_ID) values ('0',6,167);
Insert into CUHELLUB.TIMESHEET (HEAD_COACH,COACH_ID,EVENT_ID) values ('1',2,451);
Insert into CUHELLUB.TIMESHEET (HEAD_COACH,COACH_ID,EVENT_ID) values ('0',10,44);
Insert into CUHELLUB.TIMESHEET (HEAD_COACH,COACH_ID,EVENT_ID) values ('1',15,283);
Insert into CUHELLUB.TIMESHEET (HEAD_COACH,COACH_ID,EVENT_ID) values ('1',2,481);
Insert into CUHELLUB.TIMESHEET (HEAD_COACH,COACH_ID,EVENT_ID) values ('0',15,265);
Insert into CUHELLUB.TIMESHEET (HEAD_COACH,COACH_ID,EVENT_ID) values ('0',14,201);
Insert into CUHELLUB.TIMESHEET (HEAD_COACH,COACH_ID,EVENT_ID) values ('0',12,73);
Insert into CUHELLUB.TIMESHEET (HEAD_COACH,COACH_ID,EVENT_ID) values ('1',11,259);
Insert into CUHELLUB.TIMESHEET (HEAD_COACH,COACH_ID,EVENT_ID) values ('1',1,330);
Insert into CUHELLUB.TIMESHEET (HEAD_COACH,COACH_ID,EVENT_ID) values ('1',4,1);
Insert into CUHELLUB.TIMESHEET (HEAD_COACH,COACH_ID,EVENT_ID) values ('1',4,452);
Insert into CUHELLUB.TIMESHEET (HEAD_COACH,COACH_ID,EVENT_ID) values ('0',5,484);
Insert into CUHELLUB.TIMESHEET (HEAD_COACH,COACH_ID,EVENT_ID) values ('0',6,75);
Insert into CUHELLUB.TIMESHEET (HEAD_COACH,COACH_ID,EVENT_ID) values ('1',14,235);
Insert into CUHELLUB.TIMESHEET (HEAD_COACH,COACH_ID,EVENT_ID) values ('1',10,241);
Insert into CUHELLUB.TIMESHEET (HEAD_COACH,COACH_ID,EVENT_ID) values ('1',6,216);
Insert into CUHELLUB.TIMESHEET (HEAD_COACH,COACH_ID,EVENT_ID) values ('1',14,201);
Insert into CUHELLUB.TIMESHEET (HEAD_COACH,COACH_ID,EVENT_ID) values ('0',7,167);
Insert into CUHELLUB.TIMESHEET (HEAD_COACH,COACH_ID,EVENT_ID) values ('1',11,120);
Insert into CUHELLUB.TIMESHEET (HEAD_COACH,COACH_ID,EVENT_ID) values ('1',4,158);
Insert into CUHELLUB.TIMESHEET (HEAD_COACH,COACH_ID,EVENT_ID) values ('1',9,416);
Insert into CUHELLUB.TIMESHEET (HEAD_COACH,COACH_ID,EVENT_ID) values ('0',3,341);
Insert into CUHELLUB.TIMESHEET (HEAD_COACH,COACH_ID,EVENT_ID) values ('1',11,79);
Insert into CUHELLUB.TIMESHEET (HEAD_COACH,COACH_ID,EVENT_ID) values ('1',12,111);
Insert into CUHELLUB.TIMESHEET (HEAD_COACH,COACH_ID,EVENT_ID) values ('0',7,371);
Insert into CUHELLUB.TIMESHEET (HEAD_COACH,COACH_ID,EVENT_ID) values ('0',6,112);
Insert into CUHELLUB.TIMESHEET (HEAD_COACH,COACH_ID,EVENT_ID) values ('0',12,442);
Insert into CUHELLUB.TIMESHEET (HEAD_COACH,COACH_ID,EVENT_ID) values ('1',11,128);
Insert into CUHELLUB.TIMESHEET (HEAD_COACH,COACH_ID,EVENT_ID) values ('0',4,382);
Insert into CUHELLUB.TIMESHEET (HEAD_COACH,COACH_ID,EVENT_ID) values ('0',13,354);
Insert into CUHELLUB.TIMESHEET (HEAD_COACH,COACH_ID,EVENT_ID) values ('1',5,235);
Insert into CUHELLUB.TIMESHEET (HEAD_COACH,COACH_ID,EVENT_ID) values ('0',7,310);
Insert into CUHELLUB.TIMESHEET (HEAD_COACH,COACH_ID,EVENT_ID) values ('1',3,87);
Insert into CUHELLUB.TIMESHEET (HEAD_COACH,COACH_ID,EVENT_ID) values ('0',1,250);
Insert into CUHELLUB.TIMESHEET (HEAD_COACH,COACH_ID,EVENT_ID) values ('0',14,55);
Insert into CUHELLUB.TIMESHEET (HEAD_COACH,COACH_ID,EVENT_ID) values ('0',8,26);
Insert into CUHELLUB.TIMESHEET (HEAD_COACH,COACH_ID,EVENT_ID) values ('1',2,62);
Insert into CUHELLUB.TIMESHEET (HEAD_COACH,COACH_ID,EVENT_ID) values ('1',15,157);
Insert into CUHELLUB.TIMESHEET (HEAD_COACH,COACH_ID,EVENT_ID) values ('0',3,289);
Insert into CUHELLUB.TIMESHEET (HEAD_COACH,COACH_ID,EVENT_ID) values ('1',15,229);
Insert into CUHELLUB.TIMESHEET (HEAD_COACH,COACH_ID,EVENT_ID) values ('1',1,416);
Insert into CUHELLUB.TIMESHEET (HEAD_COACH,COACH_ID,EVENT_ID) values ('1',1,244);
Insert into CUHELLUB.TIMESHEET (HEAD_COACH,COACH_ID,EVENT_ID) values ('0',15,236);
Insert into CUHELLUB.TIMESHEET (HEAD_COACH,COACH_ID,EVENT_ID) values ('1',7,447);
Insert into CUHELLUB.TIMESHEET (HEAD_COACH,COACH_ID,EVENT_ID) values ('1',12,207);
Insert into CUHELLUB.TIMESHEET (HEAD_COACH,COACH_ID,EVENT_ID) values ('0',2,78);
Insert into CUHELLUB.TIMESHEET (HEAD_COACH,COACH_ID,EVENT_ID) values ('0',5,427);
Insert into CUHELLUB.TIMESHEET (HEAD_COACH,COACH_ID,EVENT_ID) values ('1',15,28);
Insert into CUHELLUB.TIMESHEET (HEAD_COACH,COACH_ID,EVENT_ID) values ('0',1,307);
Insert into CUHELLUB.TIMESHEET (HEAD_COACH,COACH_ID,EVENT_ID) values ('0',10,338);
Insert into CUHELLUB.TIMESHEET (HEAD_COACH,COACH_ID,EVENT_ID) values ('0',14,275);
Insert into CUHELLUB.TIMESHEET (HEAD_COACH,COACH_ID,EVENT_ID) values ('1',1,477);
Insert into CUHELLUB.TIMESHEET (HEAD_COACH,COACH_ID,EVENT_ID) values ('1',6,326);
Insert into CUHELLUB.TIMESHEET (HEAD_COACH,COACH_ID,EVENT_ID) values ('0',7,80);
Insert into CUHELLUB.TIMESHEET (HEAD_COACH,COACH_ID,EVENT_ID) values ('0',9,2);
Insert into CUHELLUB.TIMESHEET (HEAD_COACH,COACH_ID,EVENT_ID) values ('0',7,248);
Insert into CUHELLUB.TIMESHEET (HEAD_COACH,COACH_ID,EVENT_ID) values ('1',11,118);
Insert into CUHELLUB.TIMESHEET (HEAD_COACH,COACH_ID,EVENT_ID) values ('0',6,283);
Insert into CUHELLUB.TIMESHEET (HEAD_COACH,COACH_ID,EVENT_ID) values ('1',15,293);
Insert into CUHELLUB.TIMESHEET (HEAD_COACH,COACH_ID,EVENT_ID) values ('0',15,371);
Insert into CUHELLUB.TIMESHEET (HEAD_COACH,COACH_ID,EVENT_ID) values ('1',10,196);
Insert into CUHELLUB.TIMESHEET (HEAD_COACH,COACH_ID,EVENT_ID) values ('1',5,113);
Insert into CUHELLUB.TIMESHEET (HEAD_COACH,COACH_ID,EVENT_ID) values ('0',14,411);
Insert into CUHELLUB.TIMESHEET (HEAD_COACH,COACH_ID,EVENT_ID) values ('0',2,485);
Insert into CUHELLUB.TIMESHEET (HEAD_COACH,COACH_ID,EVENT_ID) values ('1',14,462);
Insert into CUHELLUB.TIMESHEET (HEAD_COACH,COACH_ID,EVENT_ID) values ('0',4,57);
Insert into CUHELLUB.TIMESHEET (HEAD_COACH,COACH_ID,EVENT_ID) values ('0',15,103);
Insert into CUHELLUB.TIMESHEET (HEAD_COACH,COACH_ID,EVENT_ID) values ('0',12,265);
Insert into CUHELLUB.TIMESHEET (HEAD_COACH,COACH_ID,EVENT_ID) values ('1',14,338);
Insert into CUHELLUB.TIMESHEET (HEAD_COACH,COACH_ID,EVENT_ID) values ('0',1,100);
Insert into CUHELLUB.TIMESHEET (HEAD_COACH,COACH_ID,EVENT_ID) values ('1',1,124);
Insert into CUHELLUB.TIMESHEET (HEAD_COACH,COACH_ID,EVENT_ID) values ('0',14,354);
Insert into CUHELLUB.TIMESHEET (HEAD_COACH,COACH_ID,EVENT_ID) values ('0',5,268);
Insert into CUHELLUB.TIMESHEET (HEAD_COACH,COACH_ID,EVENT_ID) values ('1',10,5);
Insert into CUHELLUB.TIMESHEET (HEAD_COACH,COACH_ID,EVENT_ID) values ('1',15,421);
Insert into CUHELLUB.TIMESHEET (HEAD_COACH,COACH_ID,EVENT_ID) values ('0',4,121);
Insert into CUHELLUB.TIMESHEET (HEAD_COACH,COACH_ID,EVENT_ID) values ('0',2,38);
Insert into CUHELLUB.TIMESHEET (HEAD_COACH,COACH_ID,EVENT_ID) values ('1',7,12);
Insert into CUHELLUB.TIMESHEET (HEAD_COACH,COACH_ID,EVENT_ID) values ('1',6,300);
Insert into CUHELLUB.TIMESHEET (HEAD_COACH,COACH_ID,EVENT_ID) values ('0',3,190);
Insert into CUHELLUB.TIMESHEET (HEAD_COACH,COACH_ID,EVENT_ID) values ('1',5,239);
Insert into CUHELLUB.TIMESHEET (HEAD_COACH,COACH_ID,EVENT_ID) values ('1',9,106);
Insert into CUHELLUB.TIMESHEET (HEAD_COACH,COACH_ID,EVENT_ID) values ('0',4,371);
Insert into CUHELLUB.TIMESHEET (HEAD_COACH,COACH_ID,EVENT_ID) values ('0',5,16);
Insert into CUHELLUB.TIMESHEET (HEAD_COACH,COACH_ID,EVENT_ID) values ('1',11,325);
Insert into CUHELLUB.TIMESHEET (HEAD_COACH,COACH_ID,EVENT_ID) values ('0',5,65);
Insert into CUHELLUB.TIMESHEET (HEAD_COACH,COACH_ID,EVENT_ID) values ('1',12,349);
Insert into CUHELLUB.TIMESHEET (HEAD_COACH,COACH_ID,EVENT_ID) values ('1',15,401);
Insert into CUHELLUB.TIMESHEET (HEAD_COACH,COACH_ID,EVENT_ID) values ('1',8,68);
Insert into CUHELLUB.TIMESHEET (HEAD_COACH,COACH_ID,EVENT_ID) values ('1',8,61);
Insert into CUHELLUB.TIMESHEET (HEAD_COACH,COACH_ID,EVENT_ID) values ('0',9,365);
Insert into CUHELLUB.TIMESHEET (HEAD_COACH,COACH_ID,EVENT_ID) values ('1',14,482);
Insert into CUHELLUB.TIMESHEET (HEAD_COACH,COACH_ID,EVENT_ID) values ('0',8,299);
Insert into CUHELLUB.TIMESHEET (HEAD_COACH,COACH_ID,EVENT_ID) values ('1',5,302);
Insert into CUHELLUB.TIMESHEET (HEAD_COACH,COACH_ID,EVENT_ID) values ('1',14,327);
Insert into CUHELLUB.TIMESHEET (HEAD_COACH,COACH_ID,EVENT_ID) values ('0',12,361);
Insert into CUHELLUB.TIMESHEET (HEAD_COACH,COACH_ID,EVENT_ID) values ('1',5,238);
Insert into CUHELLUB.TIMESHEET (HEAD_COACH,COACH_ID,EVENT_ID) values ('0',2,190);
Insert into CUHELLUB.TIMESHEET (HEAD_COACH,COACH_ID,EVENT_ID) values ('1',8,168);
Insert into CUHELLUB.TIMESHEET (HEAD_COACH,COACH_ID,EVENT_ID) values ('0',7,25);
Insert into CUHELLUB.TIMESHEET (HEAD_COACH,COACH_ID,EVENT_ID) values ('0',5,287);
Insert into CUHELLUB.TIMESHEET (HEAD_COACH,COACH_ID,EVENT_ID) values ('0',13,497);
Insert into CUHELLUB.TIMESHEET (HEAD_COACH,COACH_ID,EVENT_ID) values ('1',14,381);
Insert into CUHELLUB.TIMESHEET (HEAD_COACH,COACH_ID,EVENT_ID) values ('1',4,318);
Insert into CUHELLUB.TIMESHEET (HEAD_COACH,COACH_ID,EVENT_ID) values ('0',15,397);
Insert into CUHELLUB.TIMESHEET (HEAD_COACH,COACH_ID,EVENT_ID) values ('0',15,46);
Insert into CUHELLUB.TIMESHEET (HEAD_COACH,COACH_ID,EVENT_ID) values ('0',10,492);
Insert into CUHELLUB.TIMESHEET (HEAD_COACH,COACH_ID,EVENT_ID) values ('1',6,362);
Insert into CUHELLUB.TIMESHEET (HEAD_COACH,COACH_ID,EVENT_ID) values ('0',5,459);
Insert into CUHELLUB.TIMESHEET (HEAD_COACH,COACH_ID,EVENT_ID) values ('1',10,100);
Insert into CUHELLUB.TIMESHEET (HEAD_COACH,COACH_ID,EVENT_ID) values ('0',7,123);
Insert into CUHELLUB.TIMESHEET (HEAD_COACH,COACH_ID,EVENT_ID) values ('0',12,239);
Insert into CUHELLUB.TIMESHEET (HEAD_COACH,COACH_ID,EVENT_ID) values ('0',13,235);
Insert into CUHELLUB.TIMESHEET (HEAD_COACH,COACH_ID,EVENT_ID) values ('0',12,326);
Insert into CUHELLUB.TIMESHEET (HEAD_COACH,COACH_ID,EVENT_ID) values ('1',9,56);
Insert into CUHELLUB.TIMESHEET (HEAD_COACH,COACH_ID,EVENT_ID) values ('1',9,354);
Insert into CUHELLUB.TIMESHEET (HEAD_COACH,COACH_ID,EVENT_ID) values ('1',3,336);
Insert into CUHELLUB.TIMESHEET (HEAD_COACH,COACH_ID,EVENT_ID) values ('1',11,123);
Insert into CUHELLUB.TIMESHEET (HEAD_COACH,COACH_ID,EVENT_ID) values ('0',11,131);
Insert into CUHELLUB.TIMESHEET (HEAD_COACH,COACH_ID,EVENT_ID) values ('0',2,299);
Insert into CUHELLUB.TIMESHEET (HEAD_COACH,COACH_ID,EVENT_ID) values ('1',2,23);
Insert into CUHELLUB.TIMESHEET (HEAD_COACH,COACH_ID,EVENT_ID) values ('0',1,362);
Insert into CUHELLUB.TIMESHEET (HEAD_COACH,COACH_ID,EVENT_ID) values ('1',3,334);
Insert into CUHELLUB.TIMESHEET (HEAD_COACH,COACH_ID,EVENT_ID) values ('1',4,458);
Insert into CUHELLUB.TIMESHEET (HEAD_COACH,COACH_ID,EVENT_ID) values ('0',11,323);
Insert into CUHELLUB.TIMESHEET (HEAD_COACH,COACH_ID,EVENT_ID) values ('1',15,5);
Insert into CUHELLUB.TIMESHEET (HEAD_COACH,COACH_ID,EVENT_ID) values ('0',3,211);
Insert into CUHELLUB.TIMESHEET (HEAD_COACH,COACH_ID,EVENT_ID) values ('0',8,389);
Insert into CUHELLUB.TIMESHEET (HEAD_COACH,COACH_ID,EVENT_ID) values ('0',9,229);
Insert into CUHELLUB.TIMESHEET (HEAD_COACH,COACH_ID,EVENT_ID) values ('0',4,127);
Insert into CUHELLUB.TIMESHEET (HEAD_COACH,COACH_ID,EVENT_ID) values ('1',8,219);
Insert into CUHELLUB.TIMESHEET (HEAD_COACH,COACH_ID,EVENT_ID) values ('1',15,1);
Insert into CUHELLUB.TIMESHEET (HEAD_COACH,COACH_ID,EVENT_ID) values ('0',9,54);
Insert into CUHELLUB.TIMESHEET (HEAD_COACH,COACH_ID,EVENT_ID) values ('1',13,98);
Insert into CUHELLUB.TIMESHEET (HEAD_COACH,COACH_ID,EVENT_ID) values ('0',10,28);
Insert into CUHELLUB.TIMESHEET (HEAD_COACH,COACH_ID,EVENT_ID) values ('1',7,407);
Insert into CUHELLUB.TIMESHEET (HEAD_COACH,COACH_ID,EVENT_ID) values ('1',2,294);
Insert into CUHELLUB.TIMESHEET (HEAD_COACH,COACH_ID,EVENT_ID) values ('1',5,332);
Insert into CUHELLUB.TIMESHEET (HEAD_COACH,COACH_ID,EVENT_ID) values ('0',7,11);
Insert into CUHELLUB.TIMESHEET (HEAD_COACH,COACH_ID,EVENT_ID) values ('0',11,107);
Insert into CUHELLUB.TIMESHEET (HEAD_COACH,COACH_ID,EVENT_ID) values ('0',14,206);
Insert into CUHELLUB.TIMESHEET (HEAD_COACH,COACH_ID,EVENT_ID) values ('1',10,290);
Insert into CUHELLUB.TIMESHEET (HEAD_COACH,COACH_ID,EVENT_ID) values ('0',11,231);
Insert into CUHELLUB.TIMESHEET (HEAD_COACH,COACH_ID,EVENT_ID) values ('1',11,41);
Insert into CUHELLUB.TIMESHEET (HEAD_COACH,COACH_ID,EVENT_ID) values ('1',8,474);
Insert into CUHELLUB.TIMESHEET (HEAD_COACH,COACH_ID,EVENT_ID) values ('1',13,323);
Insert into CUHELLUB.TIMESHEET (HEAD_COACH,COACH_ID,EVENT_ID) values ('0',11,355);
Insert into CUHELLUB.TIMESHEET (HEAD_COACH,COACH_ID,EVENT_ID) values ('1',1,390);
Insert into CUHELLUB.TIMESHEET (HEAD_COACH,COACH_ID,EVENT_ID) values ('0',12,485);
Insert into CUHELLUB.TIMESHEET (HEAD_COACH,COACH_ID,EVENT_ID) values ('0',8,144);
Insert into CUHELLUB.TIMESHEET (HEAD_COACH,COACH_ID,EVENT_ID) values ('1',4,479);
Insert into CUHELLUB.TIMESHEET (HEAD_COACH,COACH_ID,EVENT_ID) values ('0',15,492);
Insert into CUHELLUB.TIMESHEET (HEAD_COACH,COACH_ID,EVENT_ID) values ('1',7,334);
Insert into CUHELLUB.TIMESHEET (HEAD_COACH,COACH_ID,EVENT_ID) values ('1',10,397);
Insert into CUHELLUB.TIMESHEET (HEAD_COACH,COACH_ID,EVENT_ID) values ('0',15,115);
Insert into CUHELLUB.TIMESHEET (HEAD_COACH,COACH_ID,EVENT_ID) values ('0',3,439);
Insert into CUHELLUB.TIMESHEET (HEAD_COACH,COACH_ID,EVENT_ID) values ('0',12,70);
Insert into CUHELLUB.TIMESHEET (HEAD_COACH,COACH_ID,EVENT_ID) values ('0',5,291);
Insert into CUHELLUB.TIMESHEET (HEAD_COACH,COACH_ID,EVENT_ID) values ('0',15,194);
Insert into CUHELLUB.TIMESHEET (HEAD_COACH,COACH_ID,EVENT_ID) values ('0',14,243);
Insert into CUHELLUB.TIMESHEET (HEAD_COACH,COACH_ID,EVENT_ID) values ('0',4,336);
Insert into CUHELLUB.TIMESHEET (HEAD_COACH,COACH_ID,EVENT_ID) values ('1',11,167);
Insert into CUHELLUB.TIMESHEET (HEAD_COACH,COACH_ID,EVENT_ID) values ('1',7,375);
Insert into CUHELLUB.TIMESHEET (HEAD_COACH,COACH_ID,EVENT_ID) values ('0',15,88);
Insert into CUHELLUB.TIMESHEET (HEAD_COACH,COACH_ID,EVENT_ID) values ('0',9,456);
Insert into CUHELLUB.TIMESHEET (HEAD_COACH,COACH_ID,EVENT_ID) values ('1',9,27);
Insert into CUHELLUB.TIMESHEET (HEAD_COACH,COACH_ID,EVENT_ID) values ('0',1,411);
Insert into CUHELLUB.TIMESHEET (HEAD_COACH,COACH_ID,EVENT_ID) values ('1',9,53);
Insert into CUHELLUB.TIMESHEET (HEAD_COACH,COACH_ID,EVENT_ID) values ('0',12,307);
Insert into CUHELLUB.TIMESHEET (HEAD_COACH,COACH_ID,EVENT_ID) values ('0',5,302);
Insert into CUHELLUB.TIMESHEET (HEAD_COACH,COACH_ID,EVENT_ID) values ('1',12,66);
Insert into CUHELLUB.TIMESHEET (HEAD_COACH,COACH_ID,EVENT_ID) values ('0',5,381);
Insert into CUHELLUB.TIMESHEET (HEAD_COACH,COACH_ID,EVENT_ID) values ('0',9,437);
Insert into CUHELLUB.TIMESHEET (HEAD_COACH,COACH_ID,EVENT_ID) values ('0',5,309);
Insert into CUHELLUB.TIMESHEET (HEAD_COACH,COACH_ID,EVENT_ID) values ('0',8,371);
Insert into CUHELLUB.TIMESHEET (HEAD_COACH,COACH_ID,EVENT_ID) values ('0',11,362);
Insert into CUHELLUB.TIMESHEET (HEAD_COACH,COACH_ID,EVENT_ID) values ('1',1,122);
Insert into CUHELLUB.TIMESHEET (HEAD_COACH,COACH_ID,EVENT_ID) values ('1',15,476);
Insert into CUHELLUB.TIMESHEET (HEAD_COACH,COACH_ID,EVENT_ID) values ('1',11,92);
Insert into CUHELLUB.TIMESHEET (HEAD_COACH,COACH_ID,EVENT_ID) values ('1',6,126);
Insert into CUHELLUB.TIMESHEET (HEAD_COACH,COACH_ID,EVENT_ID) values ('0',14,37);
Insert into CUHELLUB.TIMESHEET (HEAD_COACH,COACH_ID,EVENT_ID) values ('1',12,500);
Insert into CUHELLUB.TIMESHEET (HEAD_COACH,COACH_ID,EVENT_ID) values ('0',8,53);
Insert into CUHELLUB.TIMESHEET (HEAD_COACH,COACH_ID,EVENT_ID) values ('0',11,251);
Insert into CUHELLUB.TIMESHEET (HEAD_COACH,COACH_ID,EVENT_ID) values ('0',3,18);
Insert into CUHELLUB.TIMESHEET (HEAD_COACH,COACH_ID,EVENT_ID) values ('1',5,198);
Insert into CUHELLUB.TIMESHEET (HEAD_COACH,COACH_ID,EVENT_ID) values ('0',9,427);
Insert into CUHELLUB.TIMESHEET (HEAD_COACH,COACH_ID,EVENT_ID) values ('0',7,56);
Insert into CUHELLUB.TIMESHEET (HEAD_COACH,COACH_ID,EVENT_ID) values ('0',7,179);
Insert into CUHELLUB.TIMESHEET (HEAD_COACH,COACH_ID,EVENT_ID) values ('0',9,359);
Insert into CUHELLUB.TIMESHEET (HEAD_COACH,COACH_ID,EVENT_ID) values ('1',3,359);
Insert into CUHELLUB.TIMESHEET (HEAD_COACH,COACH_ID,EVENT_ID) values ('1',3,133);
Insert into CUHELLUB.TIMESHEET (HEAD_COACH,COACH_ID,EVENT_ID) values ('1',7,175);
Insert into CUHELLUB.TIMESHEET (HEAD_COACH,COACH_ID,EVENT_ID) values ('1',5,144);
Insert into CUHELLUB.TIMESHEET (HEAD_COACH,COACH_ID,EVENT_ID) values ('0',10,68);
Insert into CUHELLUB.TIMESHEET (HEAD_COACH,COACH_ID,EVENT_ID) values ('0',6,401);
Insert into CUHELLUB.TIMESHEET (HEAD_COACH,COACH_ID,EVENT_ID) values ('0',11,79);
Insert into CUHELLUB.TIMESHEET (HEAD_COACH,COACH_ID,EVENT_ID) values ('0',1,328);
Insert into CUHELLUB.TIMESHEET (HEAD_COACH,COACH_ID,EVENT_ID) values ('1',9,415);
Insert into CUHELLUB.TIMESHEET (HEAD_COACH,COACH_ID,EVENT_ID) values ('0',5,12);
Insert into CUHELLUB.TIMESHEET (HEAD_COACH,COACH_ID,EVENT_ID) values ('1',7,30);
Insert into CUHELLUB.TIMESHEET (HEAD_COACH,COACH_ID,EVENT_ID) values ('1',4,278);
Insert into CUHELLUB.TIMESHEET (HEAD_COACH,COACH_ID,EVENT_ID) values ('1',15,381);
Insert into CUHELLUB.TIMESHEET (HEAD_COACH,COACH_ID,EVENT_ID) values ('1',10,7);
Insert into CUHELLUB.TIMESHEET (HEAD_COACH,COACH_ID,EVENT_ID) values ('1',1,311);
Insert into CUHELLUB.TIMESHEET (HEAD_COACH,COACH_ID,EVENT_ID) values ('0',14,67);
Insert into CUHELLUB.TIMESHEET (HEAD_COACH,COACH_ID,EVENT_ID) values ('0',15,145);
Insert into CUHELLUB.TIMESHEET (HEAD_COACH,COACH_ID,EVENT_ID) values ('1',13,486);
Insert into CUHELLUB.TIMESHEET (HEAD_COACH,COACH_ID,EVENT_ID) values ('1',8,250);
Insert into CUHELLUB.TIMESHEET (HEAD_COACH,COACH_ID,EVENT_ID) values ('0',11,159);
Insert into CUHELLUB.TIMESHEET (HEAD_COACH,COACH_ID,EVENT_ID) values ('0',1,213);
Insert into CUHELLUB.TIMESHEET (HEAD_COACH,COACH_ID,EVENT_ID) values ('1',9,117);
Insert into CUHELLUB.TIMESHEET (HEAD_COACH,COACH_ID,EVENT_ID) values ('1',10,452);
Insert into CUHELLUB.TIMESHEET (HEAD_COACH,COACH_ID,EVENT_ID) values ('0',3,148);
Insert into CUHELLUB.TIMESHEET (HEAD_COACH,COACH_ID,EVENT_ID) values ('1',7,75);
Insert into CUHELLUB.TIMESHEET (HEAD_COACH,COACH_ID,EVENT_ID) values ('1',8,130);
Insert into CUHELLUB.TIMESHEET (HEAD_COACH,COACH_ID,EVENT_ID) values ('1',12,147);
Insert into CUHELLUB.TIMESHEET (HEAD_COACH,COACH_ID,EVENT_ID) values ('1',11,115);
Insert into CUHELLUB.TIMESHEET (HEAD_COACH,COACH_ID,EVENT_ID) values ('0',5,66);
Insert into CUHELLUB.TIMESHEET (HEAD_COACH,COACH_ID,EVENT_ID) values ('0',3,500);
Insert into CUHELLUB.TIMESHEET (HEAD_COACH,COACH_ID,EVENT_ID) values ('0',1,69);
Insert into CUHELLUB.TIMESHEET (HEAD_COACH,COACH_ID,EVENT_ID) values ('0',9,296);
Insert into CUHELLUB.TIMESHEET (HEAD_COACH,COACH_ID,EVENT_ID) values ('0',15,404);
Insert into CUHELLUB.TIMESHEET (HEAD_COACH,COACH_ID,EVENT_ID) values ('0',7,402);
Insert into CUHELLUB.TIMESHEET (HEAD_COACH,COACH_ID,EVENT_ID) values ('0',12,115);
Insert into CUHELLUB.TIMESHEET (HEAD_COACH,COACH_ID,EVENT_ID) values ('0',11,403);
Insert into CUHELLUB.TIMESHEET (HEAD_COACH,COACH_ID,EVENT_ID) values ('0',3,205);
Insert into CUHELLUB.TIMESHEET (HEAD_COACH,COACH_ID,EVENT_ID) values ('0',6,136);
Insert into CUHELLUB.TIMESHEET (HEAD_COACH,COACH_ID,EVENT_ID) values ('1',10,37);
Insert into CUHELLUB.TIMESHEET (HEAD_COACH,COACH_ID,EVENT_ID) values ('0',11,95);
Insert into CUHELLUB.TIMESHEET (HEAD_COACH,COACH_ID,EVENT_ID) values ('1',5,262);
Insert into CUHELLUB.TIMESHEET (HEAD_COACH,COACH_ID,EVENT_ID) values ('1',8,66);
Insert into CUHELLUB.TIMESHEET (HEAD_COACH,COACH_ID,EVENT_ID) values ('1',3,361);
Insert into CUHELLUB.TIMESHEET (HEAD_COACH,COACH_ID,EVENT_ID) values ('0',4,485);
Insert into CUHELLUB.TIMESHEET (HEAD_COACH,COACH_ID,EVENT_ID) values ('0',11,178);
Insert into CUHELLUB.TIMESHEET (HEAD_COACH,COACH_ID,EVENT_ID) values ('1',15,218);
Insert into CUHELLUB.TIMESHEET (HEAD_COACH,COACH_ID,EVENT_ID) values ('1',7,365);
Insert into CUHELLUB.TIMESHEET (HEAD_COACH,COACH_ID,EVENT_ID) values ('1',5,62);
Insert into CUHELLUB.TIMESHEET (HEAD_COACH,COACH_ID,EVENT_ID) values ('1',11,364);
Insert into CUHELLUB.TIMESHEET (HEAD_COACH,COACH_ID,EVENT_ID) values ('0',7,35);
Insert into CUHELLUB.TIMESHEET (HEAD_COACH,COACH_ID,EVENT_ID) values ('0',8,383);
Insert into CUHELLUB.TIMESHEET (HEAD_COACH,COACH_ID,EVENT_ID) values ('0',14,393);
Insert into CUHELLUB.TIMESHEET (HEAD_COACH,COACH_ID,EVENT_ID) values ('1',9,84);
Insert into CUHELLUB.TIMESHEET (HEAD_COACH,COACH_ID,EVENT_ID) values ('0',5,409);
Insert into CUHELLUB.TIMESHEET (HEAD_COACH,COACH_ID,EVENT_ID) values ('1',3,283);
Insert into CUHELLUB.TIMESHEET (HEAD_COACH,COACH_ID,EVENT_ID) values ('1',8,161);
Insert into CUHELLUB.TIMESHEET (HEAD_COACH,COACH_ID,EVENT_ID) values ('1',10,374);
Insert into CUHELLUB.TIMESHEET (HEAD_COACH,COACH_ID,EVENT_ID) values ('1',15,51);
Insert into CUHELLUB.TIMESHEET (HEAD_COACH,COACH_ID,EVENT_ID) values ('0',10,209);
Insert into CUHELLUB.TIMESHEET (HEAD_COACH,COACH_ID,EVENT_ID) values ('0',9,291);
Insert into CUHELLUB.TIMESHEET (HEAD_COACH,COACH_ID,EVENT_ID) values ('1',14,176);
Insert into CUHELLUB.TIMESHEET (HEAD_COACH,COACH_ID,EVENT_ID) values ('1',5,245);
Insert into CUHELLUB.TIMESHEET (HEAD_COACH,COACH_ID,EVENT_ID) values ('1',9,328);
Insert into CUHELLUB.TIMESHEET (HEAD_COACH,COACH_ID,EVENT_ID) values ('1',4,272);
Insert into CUHELLUB.TIMESHEET (HEAD_COACH,COACH_ID,EVENT_ID) values ('1',6,409);
Insert into CUHELLUB.TIMESHEET (HEAD_COACH,COACH_ID,EVENT_ID) values ('1',13,63);
Insert into CUHELLUB.TIMESHEET (HEAD_COACH,COACH_ID,EVENT_ID) values ('0',4,35);
Insert into CUHELLUB.TIMESHEET (HEAD_COACH,COACH_ID,EVENT_ID) values ('1',8,115);
Insert into CUHELLUB.TIMESHEET (HEAD_COACH,COACH_ID,EVENT_ID) values ('1',13,239);
Insert into CUHELLUB.TIMESHEET (HEAD_COACH,COACH_ID,EVENT_ID) values ('1',4,347);
Insert into CUHELLUB.TIMESHEET (HEAD_COACH,COACH_ID,EVENT_ID) values ('0',10,22);
Insert into CUHELLUB.TIMESHEET (HEAD_COACH,COACH_ID,EVENT_ID) values ('1',3,450);
Insert into CUHELLUB.TIMESHEET (HEAD_COACH,COACH_ID,EVENT_ID) values ('1',1,172);
Insert into CUHELLUB.TIMESHEET (HEAD_COACH,COACH_ID,EVENT_ID) values ('0',11,57);
Insert into CUHELLUB.TIMESHEET (HEAD_COACH,COACH_ID,EVENT_ID) values ('0',8,419);
Insert into CUHELLUB.TIMESHEET (HEAD_COACH,COACH_ID,EVENT_ID) values ('0',1,310);
Insert into CUHELLUB.TIMESHEET (HEAD_COACH,COACH_ID,EVENT_ID) values ('0',4,481);
Insert into CUHELLUB.TIMESHEET (HEAD_COACH,COACH_ID,EVENT_ID) values ('1',7,162);
Insert into CUHELLUB.TIMESHEET (HEAD_COACH,COACH_ID,EVENT_ID) values ('0',2,192);
Insert into CUHELLUB.TIMESHEET (HEAD_COACH,COACH_ID,EVENT_ID) values ('0',5,60);
Insert into CUHELLUB.TIMESHEET (HEAD_COACH,COACH_ID,EVENT_ID) values ('0',15,440);
Insert into CUHELLUB.TIMESHEET (HEAD_COACH,COACH_ID,EVENT_ID) values ('1',10,164);
Insert into CUHELLUB.TIMESHEET (HEAD_COACH,COACH_ID,EVENT_ID) values ('0',6,221);
Insert into CUHELLUB.TIMESHEET (HEAD_COACH,COACH_ID,EVENT_ID) values ('1',11,296);
Insert into CUHELLUB.TIMESHEET (HEAD_COACH,COACH_ID,EVENT_ID) values ('0',2,435);
Insert into CUHELLUB.TIMESHEET (HEAD_COACH,COACH_ID,EVENT_ID) values ('1',15,178);
Insert into CUHELLUB.TIMESHEET (HEAD_COACH,COACH_ID,EVENT_ID) values ('1',12,287);
Insert into CUHELLUB.TIMESHEET (HEAD_COACH,COACH_ID,EVENT_ID) values ('0',4,468);
Insert into CUHELLUB.TIMESHEET (HEAD_COACH,COACH_ID,EVENT_ID) values ('0',11,113);
Insert into CUHELLUB.TIMESHEET (HEAD_COACH,COACH_ID,EVENT_ID) values ('1',5,422);
Insert into CUHELLUB.TIMESHEET (HEAD_COACH,COACH_ID,EVENT_ID) values ('0',14,283);
Insert into CUHELLUB.TIMESHEET (HEAD_COACH,COACH_ID,EVENT_ID) values ('1',7,135);
Insert into CUHELLUB.TIMESHEET (HEAD_COACH,COACH_ID,EVENT_ID) values ('1',13,260);
Insert into CUHELLUB.TIMESHEET (HEAD_COACH,COACH_ID,EVENT_ID) values ('0',14,423);
Insert into CUHELLUB.TIMESHEET (HEAD_COACH,COACH_ID,EVENT_ID) values ('0',11,184);
Insert into CUHELLUB.TIMESHEET (HEAD_COACH,COACH_ID,EVENT_ID) values ('1',5,174);
Insert into CUHELLUB.TIMESHEET (HEAD_COACH,COACH_ID,EVENT_ID) values ('0',9,184);
Insert into CUHELLUB.TIMESHEET (HEAD_COACH,COACH_ID,EVENT_ID) values ('0',4,47);
Insert into CUHELLUB.TIMESHEET (HEAD_COACH,COACH_ID,EVENT_ID) values ('1',14,65);
Insert into CUHELLUB.TIMESHEET (HEAD_COACH,COACH_ID,EVENT_ID) values ('1',2,414);
Insert into CUHELLUB.TIMESHEET (HEAD_COACH,COACH_ID,EVENT_ID) values ('1',6,324);
Insert into CUHELLUB.TIMESHEET (HEAD_COACH,COACH_ID,EVENT_ID) values ('1',15,376);
Insert into CUHELLUB.TIMESHEET (HEAD_COACH,COACH_ID,EVENT_ID) values ('1',5,113);
Insert into CUHELLUB.TIMESHEET (HEAD_COACH,COACH_ID,EVENT_ID) values ('1',4,258);
Insert into CUHELLUB.TIMESHEET (HEAD_COACH,COACH_ID,EVENT_ID) values ('1',8,313);
Insert into CUHELLUB.TIMESHEET (HEAD_COACH,COACH_ID,EVENT_ID) values ('0',1,243);
Insert into CUHELLUB.TIMESHEET (HEAD_COACH,COACH_ID,EVENT_ID) values ('1',8,314);
Insert into CUHELLUB.TIMESHEET (HEAD_COACH,COACH_ID,EVENT_ID) values ('0',14,368);
Insert into CUHELLUB.TIMESHEET (HEAD_COACH,COACH_ID,EVENT_ID) values ('0',14,411);
Insert into CUHELLUB.TIMESHEET (HEAD_COACH,COACH_ID,EVENT_ID) values ('1',4,55);
Insert into CUHELLUB.TIMESHEET (HEAD_COACH,COACH_ID,EVENT_ID) values ('1',2,115);
Insert into CUHELLUB.TIMESHEET (HEAD_COACH,COACH_ID,EVENT_ID) values ('0',12,163);
Insert into CUHELLUB.TIMESHEET (HEAD_COACH,COACH_ID,EVENT_ID) values ('0',14,257);
Insert into CUHELLUB.TIMESHEET (HEAD_COACH,COACH_ID,EVENT_ID) values ('1',10,51);
Insert into CUHELLUB.TIMESHEET (HEAD_COACH,COACH_ID,EVENT_ID) values ('1',8,238);
Insert into CUHELLUB.TIMESHEET (HEAD_COACH,COACH_ID,EVENT_ID) values ('0',5,51);
Insert into CUHELLUB.TIMESHEET (HEAD_COACH,COACH_ID,EVENT_ID) values ('0',8,160);
Insert into CUHELLUB.TIMESHEET (HEAD_COACH,COACH_ID,EVENT_ID) values ('0',6,107);
Insert into CUHELLUB.TIMESHEET (HEAD_COACH,COACH_ID,EVENT_ID) values ('0',9,138);
Insert into CUHELLUB.TIMESHEET (HEAD_COACH,COACH_ID,EVENT_ID) values ('1',2,192);
Insert into CUHELLUB.TIMESHEET (HEAD_COACH,COACH_ID,EVENT_ID) values ('1',7,384);
Insert into CUHELLUB.TIMESHEET (HEAD_COACH,COACH_ID,EVENT_ID) values ('0',6,347);
Insert into CUHELLUB.TIMESHEET (HEAD_COACH,COACH_ID,EVENT_ID) values ('1',1,410);
Insert into CUHELLUB.TIMESHEET (HEAD_COACH,COACH_ID,EVENT_ID) values ('0',2,83);
Insert into CUHELLUB.TIMESHEET (HEAD_COACH,COACH_ID,EVENT_ID) values ('0',7,104);
Insert into CUHELLUB.TIMESHEET (HEAD_COACH,COACH_ID,EVENT_ID) values ('0',9,98);
Insert into CUHELLUB.TIMESHEET (HEAD_COACH,COACH_ID,EVENT_ID) values ('0',14,308);
Insert into CUHELLUB.TIMESHEET (HEAD_COACH,COACH_ID,EVENT_ID) values ('0',12,450);
Insert into CUHELLUB.TIMESHEET (HEAD_COACH,COACH_ID,EVENT_ID) values ('1',1,80);
Insert into CUHELLUB.TIMESHEET (HEAD_COACH,COACH_ID,EVENT_ID) values ('0',5,480);
Insert into CUHELLUB.TIMESHEET (HEAD_COACH,COACH_ID,EVENT_ID) values ('1',10,271);
Insert into CUHELLUB.TIMESHEET (HEAD_COACH,COACH_ID,EVENT_ID) values ('0',11,67);
Insert into CUHELLUB.TIMESHEET (HEAD_COACH,COACH_ID,EVENT_ID) values ('0',6,482);
Insert into CUHELLUB.TIMESHEET (HEAD_COACH,COACH_ID,EVENT_ID) values ('0',10,239);
Insert into CUHELLUB.TIMESHEET (HEAD_COACH,COACH_ID,EVENT_ID) values ('1',6,201);
Insert into CUHELLUB.TIMESHEET (HEAD_COACH,COACH_ID,EVENT_ID) values ('0',1,169);
Insert into CUHELLUB.TIMESHEET (HEAD_COACH,COACH_ID,EVENT_ID) values ('1',4,408);
Insert into CUHELLUB.TIMESHEET (HEAD_COACH,COACH_ID,EVENT_ID) values ('0',9,190);
Insert into CUHELLUB.TIMESHEET (HEAD_COACH,COACH_ID,EVENT_ID) values ('1',9,18);
Insert into CUHELLUB.TIMESHEET (HEAD_COACH,COACH_ID,EVENT_ID) values ('0',6,213);
Insert into CUHELLUB.TIMESHEET (HEAD_COACH,COACH_ID,EVENT_ID) values ('1',12,123);
Insert into CUHELLUB.TIMESHEET (HEAD_COACH,COACH_ID,EVENT_ID) values ('1',14,198);
Insert into CUHELLUB.TIMESHEET (HEAD_COACH,COACH_ID,EVENT_ID) values ('0',5,147);
Insert into CUHELLUB.TIMESHEET (HEAD_COACH,COACH_ID,EVENT_ID) values ('1',7,170);
Insert into CUHELLUB.TIMESHEET (HEAD_COACH,COACH_ID,EVENT_ID) values ('1',10,236);
Insert into CUHELLUB.TIMESHEET (HEAD_COACH,COACH_ID,EVENT_ID) values ('1',13,185);
Insert into CUHELLUB.TIMESHEET (HEAD_COACH,COACH_ID,EVENT_ID) values ('1',4,243);
Insert into CUHELLUB.TIMESHEET (HEAD_COACH,COACH_ID,EVENT_ID) values ('0',8,53);
Insert into CUHELLUB.TIMESHEET (HEAD_COACH,COACH_ID,EVENT_ID) values ('0',6,483);
Insert into CUHELLUB.TIMESHEET (HEAD_COACH,COACH_ID,EVENT_ID) values ('1',10,299);
Insert into CUHELLUB.TIMESHEET (HEAD_COACH,COACH_ID,EVENT_ID) values ('1',13,87);
Insert into CUHELLUB.TIMESHEET (HEAD_COACH,COACH_ID,EVENT_ID) values ('1',13,361);
Insert into CUHELLUB.TIMESHEET (HEAD_COACH,COACH_ID,EVENT_ID) values ('0',15,43);
Insert into CUHELLUB.TIMESHEET (HEAD_COACH,COACH_ID,EVENT_ID) values ('0',11,339);
Insert into CUHELLUB.TIMESHEET (HEAD_COACH,COACH_ID,EVENT_ID) values ('1',5,176);
Insert into CUHELLUB.TIMESHEET (HEAD_COACH,COACH_ID,EVENT_ID) values ('1',13,359);
Insert into CUHELLUB.TIMESHEET (HEAD_COACH,COACH_ID,EVENT_ID) values ('1',5,431);
Insert into CUHELLUB.TIMESHEET (HEAD_COACH,COACH_ID,EVENT_ID) values ('1',6,62);
Insert into CUHELLUB.TIMESHEET (HEAD_COACH,COACH_ID,EVENT_ID) values ('1',15,369);
Insert into CUHELLUB.TIMESHEET (HEAD_COACH,COACH_ID,EVENT_ID) values ('1',4,97);
Insert into CUHELLUB.TIMESHEET (HEAD_COACH,COACH_ID,EVENT_ID) values ('0',11,78);
Insert into CUHELLUB.TIMESHEET (HEAD_COACH,COACH_ID,EVENT_ID) values ('0',12,326);
Insert into CUHELLUB.TIMESHEET (HEAD_COACH,COACH_ID,EVENT_ID) values ('0',10,370);
Insert into CUHELLUB.TIMESHEET (HEAD_COACH,COACH_ID,EVENT_ID) values ('0',5,409);
Insert into CUHELLUB.TIMESHEET (HEAD_COACH,COACH_ID,EVENT_ID) values ('0',8,410);
Insert into CUHELLUB.TIMESHEET (HEAD_COACH,COACH_ID,EVENT_ID) values ('0',13,398);
Insert into CUHELLUB.TIMESHEET (HEAD_COACH,COACH_ID,EVENT_ID) values ('1',10,359);
Insert into CUHELLUB.TIMESHEET (HEAD_COACH,COACH_ID,EVENT_ID) values ('0',1,371);
Insert into CUHELLUB.TIMESHEET (HEAD_COACH,COACH_ID,EVENT_ID) values ('0',13,247);
Insert into CUHELLUB.TIMESHEET (HEAD_COACH,COACH_ID,EVENT_ID) values ('1',1,276);
Insert into CUHELLUB.TIMESHEET (HEAD_COACH,COACH_ID,EVENT_ID) values ('0',3,334);
Insert into CUHELLUB.TIMESHEET (HEAD_COACH,COACH_ID,EVENT_ID) values ('0',6,21);
Insert into CUHELLUB.TIMESHEET (HEAD_COACH,COACH_ID,EVENT_ID) values ('0',10,178);
Insert into CUHELLUB.TIMESHEET (HEAD_COACH,COACH_ID,EVENT_ID) values ('0',14,164);
Insert into CUHELLUB.TIMESHEET (HEAD_COACH,COACH_ID,EVENT_ID) values ('0',10,113);
Insert into CUHELLUB.TIMESHEET (HEAD_COACH,COACH_ID,EVENT_ID) values ('1',15,392);
Insert into CUHELLUB.TIMESHEET (HEAD_COACH,COACH_ID,EVENT_ID) values ('0',7,391);
Insert into CUHELLUB.TIMESHEET (HEAD_COACH,COACH_ID,EVENT_ID) values ('0',6,58);
Insert into CUHELLUB.TIMESHEET (HEAD_COACH,COACH_ID,EVENT_ID) values ('0',7,72);
Insert into CUHELLUB.TIMESHEET (HEAD_COACH,COACH_ID,EVENT_ID) values ('1',4,362);
Insert into CUHELLUB.TIMESHEET (HEAD_COACH,COACH_ID,EVENT_ID) values ('0',9,23);
Insert into CUHELLUB.TIMESHEET (HEAD_COACH,COACH_ID,EVENT_ID) values ('0',7,490);
Insert into CUHELLUB.TIMESHEET (HEAD_COACH,COACH_ID,EVENT_ID) values ('0',13,367);
Insert into CUHELLUB.TIMESHEET (HEAD_COACH,COACH_ID,EVENT_ID) values ('1',2,398);
Insert into CUHELLUB.TIMESHEET (HEAD_COACH,COACH_ID,EVENT_ID) values ('0',14,397);
Insert into CUHELLUB.TIMESHEET (HEAD_COACH,COACH_ID,EVENT_ID) values ('1',7,85);
Insert into CUHELLUB.TIMESHEET (HEAD_COACH,COACH_ID,EVENT_ID) values ('1',6,79);
Insert into CUHELLUB.TIMESHEET (HEAD_COACH,COACH_ID,EVENT_ID) values ('0',12,361);
Insert into CUHELLUB.TIMESHEET (HEAD_COACH,COACH_ID,EVENT_ID) values ('1',13,157);
Insert into CUHELLUB.TIMESHEET (HEAD_COACH,COACH_ID,EVENT_ID) values ('0',14,424);
Insert into CUHELLUB.TIMESHEET (HEAD_COACH,COACH_ID,EVENT_ID) values ('0',9,451);
Insert into CUHELLUB.TIMESHEET (HEAD_COACH,COACH_ID,EVENT_ID) values ('0',13,342);
Insert into CUHELLUB.TIMESHEET (HEAD_COACH,COACH_ID,EVENT_ID) values ('0',9,462);
Insert into CUHELLUB.TIMESHEET (HEAD_COACH,COACH_ID,EVENT_ID) values ('0',10,251);
Insert into CUHELLUB.TIMESHEET (HEAD_COACH,COACH_ID,EVENT_ID) values ('1',1,304);
Insert into CUHELLUB.TIMESHEET (HEAD_COACH,COACH_ID,EVENT_ID) values ('1',13,123);
Insert into CUHELLUB.TIMESHEET (HEAD_COACH,COACH_ID,EVENT_ID) values ('1',11,207);
Insert into CUHELLUB.TIMESHEET (HEAD_COACH,COACH_ID,EVENT_ID) values ('1',13,115);
Insert into CUHELLUB.TIMESHEET (HEAD_COACH,COACH_ID,EVENT_ID) values ('1',12,214);
Insert into CUHELLUB.TIMESHEET (HEAD_COACH,COACH_ID,EVENT_ID) values ('1',5,417);
Insert into CUHELLUB.TIMESHEET (HEAD_COACH,COACH_ID,EVENT_ID) values ('0',14,357);
Insert into CUHELLUB.TIMESHEET (HEAD_COACH,COACH_ID,EVENT_ID) values ('1',10,11);
Insert into CUHELLUB.TIMESHEET (HEAD_COACH,COACH_ID,EVENT_ID) values ('1',1,47);
Insert into CUHELLUB.TIMESHEET (HEAD_COACH,COACH_ID,EVENT_ID) values ('0',3,339);
Insert into CUHELLUB.TIMESHEET (HEAD_COACH,COACH_ID,EVENT_ID) values ('1',10,413);
Insert into CUHELLUB.TIMESHEET (HEAD_COACH,COACH_ID,EVENT_ID) values ('0',15,428);
Insert into CUHELLUB.TIMESHEET (HEAD_COACH,COACH_ID,EVENT_ID) values ('0',10,126);
Insert into CUHELLUB.TIMESHEET (HEAD_COACH,COACH_ID,EVENT_ID) values ('0',1,98);
Insert into CUHELLUB.TIMESHEET (HEAD_COACH,COACH_ID,EVENT_ID) values ('1',12,373);
Insert into CUHELLUB.TIMESHEET (HEAD_COACH,COACH_ID,EVENT_ID) values ('1',11,349);
Insert into CUHELLUB.TIMESHEET (HEAD_COACH,COACH_ID,EVENT_ID) values ('1',15,252);
Insert into CUHELLUB.TIMESHEET (HEAD_COACH,COACH_ID,EVENT_ID) values ('0',2,329);
Insert into CUHELLUB.TIMESHEET (HEAD_COACH,COACH_ID,EVENT_ID) values ('1',5,106);
Insert into CUHELLUB.TIMESHEET (HEAD_COACH,COACH_ID,EVENT_ID) values ('0',13,379);
Insert into CUHELLUB.TIMESHEET (HEAD_COACH,COACH_ID,EVENT_ID) values ('0',12,18);
Insert into CUHELLUB.TIMESHEET (HEAD_COACH,COACH_ID,EVENT_ID) values ('1',6,102);
Insert into CUHELLUB.TIMESHEET (HEAD_COACH,COACH_ID,EVENT_ID) values ('0',13,228);
Insert into CUHELLUB.TIMESHEET (HEAD_COACH,COACH_ID,EVENT_ID) values ('1',6,280);
Insert into CUHELLUB.TIMESHEET (HEAD_COACH,COACH_ID,EVENT_ID) values ('0',12,198);
Insert into CUHELLUB.TIMESHEET (HEAD_COACH,COACH_ID,EVENT_ID) values ('1',9,210);
Insert into CUHELLUB.TIMESHEET (HEAD_COACH,COACH_ID,EVENT_ID) values ('0',15,344);
Insert into CUHELLUB.TIMESHEET (HEAD_COACH,COACH_ID,EVENT_ID) values ('0',4,427);
Insert into CUHELLUB.TIMESHEET (HEAD_COACH,COACH_ID,EVENT_ID) values ('1',5,65);
Insert into CUHELLUB.TIMESHEET (HEAD_COACH,COACH_ID,EVENT_ID) values ('1',11,269);
Insert into CUHELLUB.TIMESHEET (HEAD_COACH,COACH_ID,EVENT_ID) values ('1',12,239);
Insert into CUHELLUB.TIMESHEET (HEAD_COACH,COACH_ID,EVENT_ID) values ('1',5,301);
Insert into CUHELLUB.TIMESHEET (HEAD_COACH,COACH_ID,EVENT_ID) values ('0',1,41);
Insert into CUHELLUB.TIMESHEET (HEAD_COACH,COACH_ID,EVENT_ID) values ('1',13,61);
Insert into CUHELLUB.TIMESHEET (HEAD_COACH,COACH_ID,EVENT_ID) values ('0',6,500);
Insert into CUHELLUB.TIMESHEET (HEAD_COACH,COACH_ID,EVENT_ID) values ('0',2,11);
Insert into CUHELLUB.TIMESHEET (HEAD_COACH,COACH_ID,EVENT_ID) values ('0',6,124);
Insert into CUHELLUB.TIMESHEET (HEAD_COACH,COACH_ID,EVENT_ID) values ('1',15,276);
Insert into CUHELLUB.TIMESHEET (HEAD_COACH,COACH_ID,EVENT_ID) values ('1',6,110);
Insert into CUHELLUB.TIMESHEET (HEAD_COACH,COACH_ID,EVENT_ID) values ('0',9,484);
Insert into CUHELLUB.TIMESHEET (HEAD_COACH,COACH_ID,EVENT_ID) values ('0',8,94);
Insert into CUHELLUB.TIMESHEET (HEAD_COACH,COACH_ID,EVENT_ID) values ('1',7,2);
Insert into CUHELLUB.TIMESHEET (HEAD_COACH,COACH_ID,EVENT_ID) values ('0',13,176);
Insert into CUHELLUB.TIMESHEET (HEAD_COACH,COACH_ID,EVENT_ID) values ('1',14,493);
Insert into CUHELLUB.TIMESHEET (HEAD_COACH,COACH_ID,EVENT_ID) values ('0',6,312);
Insert into CUHELLUB.TIMESHEET (HEAD_COACH,COACH_ID,EVENT_ID) values ('0',3,322);
Insert into CUHELLUB.TIMESHEET (HEAD_COACH,COACH_ID,EVENT_ID) values ('0',15,452);
Insert into CUHELLUB.TIMESHEET (HEAD_COACH,COACH_ID,EVENT_ID) values ('0',5,73);
Insert into CUHELLUB.TIMESHEET (HEAD_COACH,COACH_ID,EVENT_ID) values ('0',10,344);
Insert into CUHELLUB.TIMESHEET (HEAD_COACH,COACH_ID,EVENT_ID) values ('0',7,491);
Insert into CUHELLUB.TIMESHEET (HEAD_COACH,COACH_ID,EVENT_ID) values ('0',4,67);
Insert into CUHELLUB.TIMESHEET (HEAD_COACH,COACH_ID,EVENT_ID) values ('0',2,303);
Insert into CUHELLUB.TIMESHEET (HEAD_COACH,COACH_ID,EVENT_ID) values ('0',10,239);
Insert into CUHELLUB.TIMESHEET (HEAD_COACH,COACH_ID,EVENT_ID) values ('0',5,102);
Insert into CUHELLUB.TIMESHEET (HEAD_COACH,COACH_ID,EVENT_ID) values ('0',10,407);
Insert into CUHELLUB.TIMESHEET (HEAD_COACH,COACH_ID,EVENT_ID) values ('0',2,21);
Insert into CUHELLUB.TIMESHEET (HEAD_COACH,COACH_ID,EVENT_ID) values ('0',15,448);
Insert into CUHELLUB.TIMESHEET (HEAD_COACH,COACH_ID,EVENT_ID) values ('1',10,469);
Insert into CUHELLUB.TIMESHEET (HEAD_COACH,COACH_ID,EVENT_ID) values ('0',3,266);
Insert into CUHELLUB.TIMESHEET (HEAD_COACH,COACH_ID,EVENT_ID) values ('1',11,305);
Insert into CUHELLUB.TIMESHEET (HEAD_COACH,COACH_ID,EVENT_ID) values ('0',10,474);
Insert into CUHELLUB.TIMESHEET (HEAD_COACH,COACH_ID,EVENT_ID) values ('0',12,84);
Insert into CUHELLUB.TIMESHEET (HEAD_COACH,COACH_ID,EVENT_ID) values ('0',6,467);
Insert into CUHELLUB.TIMESHEET (HEAD_COACH,COACH_ID,EVENT_ID) values ('0',1,385);
Insert into CUHELLUB.TIMESHEET (HEAD_COACH,COACH_ID,EVENT_ID) values ('1',9,275);
Insert into CUHELLUB.TIMESHEET (HEAD_COACH,COACH_ID,EVENT_ID) values ('0',14,209);
Insert into CUHELLUB.TIMESHEET (HEAD_COACH,COACH_ID,EVENT_ID) values ('0',6,383);
Insert into CUHELLUB.TIMESHEET (HEAD_COACH,COACH_ID,EVENT_ID) values ('0',13,302);
Insert into CUHELLUB.TIMESHEET (HEAD_COACH,COACH_ID,EVENT_ID) values ('1',6,373);
Insert into CUHELLUB.TIMESHEET (HEAD_COACH,COACH_ID,EVENT_ID) values ('1',10,209);
Insert into CUHELLUB.TIMESHEET (HEAD_COACH,COACH_ID,EVENT_ID) values ('0',2,171);
Insert into CUHELLUB.TIMESHEET (HEAD_COACH,COACH_ID,EVENT_ID) values ('0',8,22);
Insert into CUHELLUB.TIMESHEET (HEAD_COACH,COACH_ID,EVENT_ID) values ('0',6,101);
Insert into CUHELLUB.TIMESHEET (HEAD_COACH,COACH_ID,EVENT_ID) values ('0',6,251);
Insert into CUHELLUB.TIMESHEET (HEAD_COACH,COACH_ID,EVENT_ID) values ('1',1,192);
Insert into CUHELLUB.TIMESHEET (HEAD_COACH,COACH_ID,EVENT_ID) values ('1',13,247);
Insert into CUHELLUB.TIMESHEET (HEAD_COACH,COACH_ID,EVENT_ID) values ('0',15,192);
Insert into CUHELLUB.TIMESHEET (HEAD_COACH,COACH_ID,EVENT_ID) values ('0',5,269);
Insert into CUHELLUB.TIMESHEET (HEAD_COACH,COACH_ID,EVENT_ID) values ('0',14,39);
Insert into CUHELLUB.TIMESHEET (HEAD_COACH,COACH_ID,EVENT_ID) values ('0',13,97);
Insert into CUHELLUB.TIMESHEET (HEAD_COACH,COACH_ID,EVENT_ID) values ('0',4,257);
Insert into CUHELLUB.TIMESHEET (HEAD_COACH,COACH_ID,EVENT_ID) values ('1',7,163);
Insert into CUHELLUB.TIMESHEET (HEAD_COACH,COACH_ID,EVENT_ID) values ('1',9,73);
Insert into CUHELLUB.TIMESHEET (HEAD_COACH,COACH_ID,EVENT_ID) values ('0',8,408);
Insert into CUHELLUB.TIMESHEET (HEAD_COACH,COACH_ID,EVENT_ID) values ('0',3,415);
Insert into CUHELLUB.TIMESHEET (HEAD_COACH,COACH_ID,EVENT_ID) values ('1',11,435);
Insert into CUHELLUB.TIMESHEET (HEAD_COACH,COACH_ID,EVENT_ID) values ('0',15,254);
Insert into CUHELLUB.TIMESHEET (HEAD_COACH,COACH_ID,EVENT_ID) values ('0',13,90);
Insert into CUHELLUB.TIMESHEET (HEAD_COACH,COACH_ID,EVENT_ID) values ('1',5,25);
Insert into CUHELLUB.TIMESHEET (HEAD_COACH,COACH_ID,EVENT_ID) values ('0',1,499);
Insert into CUHELLUB.TIMESHEET (HEAD_COACH,COACH_ID,EVENT_ID) values ('1',12,458);
Insert into CUHELLUB.TIMESHEET (HEAD_COACH,COACH_ID,EVENT_ID) values ('1',5,407);
Insert into CUHELLUB.TIMESHEET (HEAD_COACH,COACH_ID,EVENT_ID) values ('0',8,196);
Insert into CUHELLUB.TIMESHEET (HEAD_COACH,COACH_ID,EVENT_ID) values ('0',12,338);
Insert into CUHELLUB.TIMESHEET (HEAD_COACH,COACH_ID,EVENT_ID) values ('0',7,256);
Insert into CUHELLUB.TIMESHEET (HEAD_COACH,COACH_ID,EVENT_ID) values ('0',2,270);
Insert into CUHELLUB.TIMESHEET (HEAD_COACH,COACH_ID,EVENT_ID) values ('0',15,222);
Insert into CUHELLUB.TIMESHEET (HEAD_COACH,COACH_ID,EVENT_ID) values ('1',15,382);
Insert into CUHELLUB.TIMESHEET (HEAD_COACH,COACH_ID,EVENT_ID) values ('0',12,479);
Insert into CUHELLUB.TIMESHEET (HEAD_COACH,COACH_ID,EVENT_ID) values ('1',10,210);
Insert into CUHELLUB.TIMESHEET (HEAD_COACH,COACH_ID,EVENT_ID) values ('1',13,443);
Insert into CUHELLUB.TIMESHEET (HEAD_COACH,COACH_ID,EVENT_ID) values ('0',11,281);
Insert into CUHELLUB.TIMESHEET (HEAD_COACH,COACH_ID,EVENT_ID) values ('0',1,325);
Insert into CUHELLUB.TIMESHEET (HEAD_COACH,COACH_ID,EVENT_ID) values ('0',13,475);
Insert into CUHELLUB.TIMESHEET (HEAD_COACH,COACH_ID,EVENT_ID) values ('0',1,419);
Insert into CUHELLUB.TIMESHEET (HEAD_COACH,COACH_ID,EVENT_ID) values ('1',6,89);
Insert into CUHELLUB.TIMESHEET (HEAD_COACH,COACH_ID,EVENT_ID) values ('1',13,473);
Insert into CUHELLUB.TIMESHEET (HEAD_COACH,COACH_ID,EVENT_ID) values ('1',4,458);
Insert into CUHELLUB.TIMESHEET (HEAD_COACH,COACH_ID,EVENT_ID) values ('0',1,389);
Insert into CUHELLUB.TIMESHEET (HEAD_COACH,COACH_ID,EVENT_ID) values ('0',12,275);
Insert into CUHELLUB.TIMESHEET (HEAD_COACH,COACH_ID,EVENT_ID) values ('1',1,361);
Insert into CUHELLUB.TIMESHEET (HEAD_COACH,COACH_ID,EVENT_ID) values ('1',15,27);
Insert into CUHELLUB.TIMESHEET (HEAD_COACH,COACH_ID,EVENT_ID) values ('1',1,184);
Insert into CUHELLUB.TIMESHEET (HEAD_COACH,COACH_ID,EVENT_ID) values ('0',2,382);
Insert into CUHELLUB.TIMESHEET (HEAD_COACH,COACH_ID,EVENT_ID) values ('1',2,441);
Insert into CUHELLUB.TIMESHEET (HEAD_COACH,COACH_ID,EVENT_ID) values ('0',14,222);
Insert into CUHELLUB.TIMESHEET (HEAD_COACH,COACH_ID,EVENT_ID) values ('1',3,44);
Insert into CUHELLUB.TIMESHEET (HEAD_COACH,COACH_ID,EVENT_ID) values ('0',6,163);
Insert into CUHELLUB.TIMESHEET (HEAD_COACH,COACH_ID,EVENT_ID) values ('1',13,488);
Insert into CUHELLUB.TIMESHEET (HEAD_COACH,COACH_ID,EVENT_ID) values ('0',9,80);
Insert into CUHELLUB.TIMESHEET (HEAD_COACH,COACH_ID,EVENT_ID) values ('1',5,473);
Insert into CUHELLUB.TIMESHEET (HEAD_COACH,COACH_ID,EVENT_ID) values ('0',2,220);
Insert into CUHELLUB.TIMESHEET (HEAD_COACH,COACH_ID,EVENT_ID) values ('1',10,438);
Insert into CUHELLUB.TIMESHEET (HEAD_COACH,COACH_ID,EVENT_ID) values ('1',1,200);
Insert into CUHELLUB.TIMESHEET (HEAD_COACH,COACH_ID,EVENT_ID) values ('0',15,435);
Insert into CUHELLUB.TIMESHEET (HEAD_COACH,COACH_ID,EVENT_ID) values ('0',15,11);
Insert into CUHELLUB.TIMESHEET (HEAD_COACH,COACH_ID,EVENT_ID) values ('1',11,354);
Insert into CUHELLUB.TIMESHEET (HEAD_COACH,COACH_ID,EVENT_ID) values ('0',7,272);
Insert into CUHELLUB.TIMESHEET (HEAD_COACH,COACH_ID,EVENT_ID) values ('1',1,303);
Insert into CUHELLUB.TIMESHEET (HEAD_COACH,COACH_ID,EVENT_ID) values ('1',10,426);
Insert into CUHELLUB.TIMESHEET (HEAD_COACH,COACH_ID,EVENT_ID) values ('1',4,341);
Insert into CUHELLUB.TIMESHEET (HEAD_COACH,COACH_ID,EVENT_ID) values ('0',4,125);
Insert into CUHELLUB.TIMESHEET (HEAD_COACH,COACH_ID,EVENT_ID) values ('0',14,67);
Insert into CUHELLUB.TIMESHEET (HEAD_COACH,COACH_ID,EVENT_ID) values ('0',7,78);
Insert into CUHELLUB.TIMESHEET (HEAD_COACH,COACH_ID,EVENT_ID) values ('1',3,229);
Insert into CUHELLUB.TIMESHEET (HEAD_COACH,COACH_ID,EVENT_ID) values ('1',4,2);
Insert into CUHELLUB.TIMESHEET (HEAD_COACH,COACH_ID,EVENT_ID) values ('0',11,365);
Insert into CUHELLUB.TIMESHEET (HEAD_COACH,COACH_ID,EVENT_ID) values ('1',11,487);
Insert into CUHELLUB.TIMESHEET (HEAD_COACH,COACH_ID,EVENT_ID) values ('0',12,96);
Insert into CUHELLUB.TIMESHEET (HEAD_COACH,COACH_ID,EVENT_ID) values ('0',14,419);
Insert into CUHELLUB.TIMESHEET (HEAD_COACH,COACH_ID,EVENT_ID) values ('1',14,44);
Insert into CUHELLUB.TIMESHEET (HEAD_COACH,COACH_ID,EVENT_ID) values ('1',7,54);
Insert into CUHELLUB.TIMESHEET (HEAD_COACH,COACH_ID,EVENT_ID) values ('1',8,184);
Insert into CUHELLUB.TIMESHEET (HEAD_COACH,COACH_ID,EVENT_ID) values ('0',10,185);
Insert into CUHELLUB.TIMESHEET (HEAD_COACH,COACH_ID,EVENT_ID) values ('1',5,170);
Insert into CUHELLUB.TIMESHEET (HEAD_COACH,COACH_ID,EVENT_ID) values ('1',12,88);
Insert into CUHELLUB.TIMESHEET (HEAD_COACH,COACH_ID,EVENT_ID) values ('1',7,219);
Insert into CUHELLUB.TIMESHEET (HEAD_COACH,COACH_ID,EVENT_ID) values ('0',7,300);
