<?xml version = '1.0' encoding = 'UTF-8'?>
<relationalModel class="oracle.dbtools.crest.model.design.relational.RelationalDesign" name="Relational_1" id="A9C21EA9-AF03-3AAD-E1EB-019E62D24690" mainViewID="E165EB2B-36F9-F7E6-DC2F-819A8855AF73">
<createdBy>Halaska</createdBy>
<createdTime>2013-09-12 14:07:21 UTC</createdTime>
<ownerDesignName>semestralka_nova3</ownerDesignName>
<shouldBeOpen>true</shouldBeOpen>
<selectedRDBMSSite>32076570-2523-435C-2E92-BF29817DFF70</selectedRDBMSSite>
</relationalModel>