<?xml version = '1.0' encoding = 'UTF-8'?>
<FKArc class="oracle.dbtools.crest.model.design.relational.FKArc" id="64D13DD0-E6FC-11C3-C2EC-B25A29FAECA0" directorySegmentName="seg_0" name="lod_nebo_bus">
<createdBy>Halaska</createdBy>
<createdTime>2013-09-12 14:07:55 UTC</createdTime>
<ownerDesignName>semestralka_nova3</ownerDesignName>
<mandatory>true</mandatory>
<table>95D65A99-242E-A30E-51BF-784413616468</table>
<fkeys>
<fkeyID>5C2A118A-DA46-4C3C-5FA7-527270DEC5D2</fkeyID>
<fkeyID>0DCBE4ED-A191-81C1-623D-B6F8429F5A96</fkeyID>
</fkeys>
</FKArc>