<?xml version = '1.0' encoding = 'UTF-8'?>
<Relation class="oracle.dbtools.crest.model.design.logical.Relation" name="plavi_se_na_cem" id="0470AA3D-0F3B-0859-63DA-5E370D2ED597" directorySegmentName="seg_0">
<createdBy>Halaska</createdBy>
<createdTime>2013-09-11 12:15:13 UTC</createdTime>
<comment> na soukrome plavbe s pruvodcem s pruvodcem je nasazena lod</comment>
<commentInRDBMS> na soukrome plavbe s pruvodcem s pruvodcem je nasazena lod</commentInRDBMS>
<ownerDesignName>plavebni-spolecnost</ownerDesignName>
<shouldEngineer>false</shouldEngineer>
<engineerTo>
<item key="A9C21EA9-AF03-3AAD-E1EB-019E62D24690" value="false"/>
</engineerTo>
<identifying>true</identifying>
<nameOnTarget>plavi_se_na_cem</nameOnTarget>
<optionalSource>true</optionalSource>
<optionalTarget>false</optionalTarget>
<sourceCardinality>1</sourceCardinality>
<sourceEntity>455AD214-9C14-2A06-3D04-FCCCA8CE9B7B</sourceEntity>
<targetCardinalityString>*</targetCardinalityString>
<targetEntity>C948D06C-3205-1699-B373-D7B23DC214B3</targetEntity>
<transferable>true</transferable>
</Relation>