<?xml version = '1.0' encoding = 'UTF-8'?>
<Relation class="oracle.dbtools.crest.model.design.logical.Relation" name="rezervuje_se_co" id="19A48ECD-4644-CB5C-5D26-DF36A42E2AA9" directorySegmentName="seg_0">
<createdBy>halaska</createdBy>
<createdTime>2011-11-11 16:58:04 UTC</createdTime>
<comment>Zakaznik si rezervoval Lod na cely dany den (od 7.00 do 22.00)</comment>
<commentInRDBMS>Zakaznik si rezervoval Lod na cely dany den (od 7.00 do 22.00)</commentInRDBMS>
<generatorID>8782F8B8-F1F0-2C4D-3830-A172B32AADB8</generatorID>
<ownerDesignName>plavebni-spolecnost</ownerDesignName>
<shouldEngineer>false</shouldEngineer>
<engineerTo>
<item key="A9C21EA9-AF03-3AAD-E1EB-019E62D24690" value="false"/>
</engineerTo>
<identifying>true</identifying>
<nameOnTarget>rezervuje_se_co</nameOnTarget>
<optionalSource>true</optionalSource>
<optionalTarget>false</optionalTarget>
<sourceCardinality>1</sourceCardinality>
<sourceEntity>455AD214-9C14-2A06-3D04-FCCCA8CE9B7B</sourceEntity>
<targetCardinalityString>*</targetCardinalityString>
<targetEntity>1F5CD318-2F0B-BA7C-967F-93FCBF87669D</targetEntity>
<transferable>true</transferable>
</Relation>