<?xml version = '1.0' encoding = 'UTF-8'?>
<Relation class="oracle.dbtools.crest.model.design.logical.Relation" name="je_pokryt_lodi" id="1E7EEE1A-C1EF-A720-7AD9-B04F414CC874" directorySegmentName="seg_0">
<createdBy>Halaska</createdBy>
<createdTime>2013-09-11 12:42:02 UTC</createdTime>
<comment>Na spoj na lince je v dany den pouzita lod</comment>
<commentInRDBMS>Na spoj na lince je v dany den pouzita lod</commentInRDBMS>
<ownerDesignName>plavebni-spolecnost</ownerDesignName>
<shouldEngineer>false</shouldEngineer>
<engineerTo>
<item key="A9C21EA9-AF03-3AAD-E1EB-019E62D24690" value="false"/>
</engineerTo>
<arc>2E871395-8FBC-FD25-C394-BB73E07D4525</arc>
<identifying>false</identifying>
<nameOnTarget>je_pokryt_lodi</nameOnTarget>
<optionalSource>true</optionalSource>
<optionalTarget>true</optionalTarget>
<sourceCardinality>1</sourceCardinality>
<sourceEntity>455AD214-9C14-2A06-3D04-FCCCA8CE9B7B</sourceEntity>
<targetCardinalityString>*</targetCardinalityString>
<targetEntity>BFD3142E-D1A2-636D-C7FD-964BFFCB9C0D</targetEntity>
<transferable>true</transferable>
</Relation>