<?xml version = '1.0' encoding = 'UTF-8'?>
<Relation class="oracle.dbtools.crest.model.design.logical.Relation" name="ma_depo" id="34470DA9-3308-B98A-237A-26D665FB84E9" directorySegmentName="seg_0">
<createdBy>Halaska</createdBy>
<createdTime>2012-12-02 18:50:26 UTC</createdTime>
<ownerDesignName>plavebni-spolecnost</ownerDesignName>
<shouldEngineer>false</shouldEngineer>
<engineerTo>
<item key="A9C21EA9-AF03-3AAD-E1EB-019E62D24690" value="false"/>
</engineerTo>
<identifying>false</identifying>
<nameOnTarget>ma_depo</nameOnTarget>
<optionalSource>true</optionalSource>
<optionalTarget>false</optionalTarget>
<sourceCardinality>1</sourceCardinality>
<sourceEntity>0FD080FD-13CB-D31C-79FE-20BC5E824421</sourceEntity>
<targetCardinalityString>*</targetCardinalityString>
<targetEntity>6C0BDF12-A372-D51F-B6C3-AC9DC2466B92</targetEntity>
<transferable>true</transferable>
</Relation>