<?xml version = '1.0' encoding = 'UTF-8'?>
<Relation class="oracle.dbtools.crest.model.design.logical.Relation" name="patri_namornikovi" id="4991A521-5EC7-2A72-1034-6D74378C6515" directorySegmentName="seg_0">
<createdBy>Halaska</createdBy>
<createdTime>2013-01-03 11:01:43 UTC</createdTime>
<ownerDesignName>plavebni-spolecnost</ownerDesignName>
<shouldEngineer>false</shouldEngineer>
<engineerTo>
<item key="A9C21EA9-AF03-3AAD-E1EB-019E62D24690" value="false"/>
</engineerTo>
<identifying>true</identifying>
<nameOnTarget>patri_namornikovi</nameOnTarget>
<optionalSource>true</optionalSource>
<optionalTarget>false</optionalTarget>
<sourceCardinality>1</sourceCardinality>
<sourceEntity>575A7BF2-B972-A0FE-2F98-2F220B98D41A</sourceEntity>
<targetCardinalityString>*</targetCardinalityString>
<targetEntity>624E323D-2076-4082-C947-43D10FDE191A</targetEntity>
<transferable>true</transferable>
</Relation>