<?xml version = '1.0' encoding = 'UTF-8'?>
<Relation class="oracle.dbtools.crest.model.design.logical.Relation" name="je_na_lince" id="50C7BF11-3271-98C7-FEF9-0A9B18AE9379" directorySegmentName="seg_0">
<createdBy>halaska</createdBy>
<createdTime>2011-11-11 16:58:04 UTC</createdTime>
<generatorID>600499C6-581C-EBF9-1A57-DCDCA76C5BBF</generatorID>
<ownerDesignName>plavebni-spolecnost</ownerDesignName>
<shouldEngineer>false</shouldEngineer>
<engineerTo>
<item key="A9C21EA9-AF03-3AAD-E1EB-019E62D24690" value="false"/>
</engineerTo>
<identifying>true</identifying>
<nameOnTarget>je_na_lince</nameOnTarget>
<optionalSource>true</optionalSource>
<optionalTarget>false</optionalTarget>
<sourceCardinality>1</sourceCardinality>
<sourceEntity>6E1F3F20-BADA-F1A1-9117-1ACB2EC6AF6F</sourceEntity>
<targetCardinalityString>*</targetCardinalityString>
<targetEntity>CE8A9D78-8A2C-B74F-B372-29F3B1B3A29A</targetEntity>
<transferable>true</transferable>
</Relation>