<?xml version = '1.0' encoding = 'UTF-8'?>
<Relation class="oracle.dbtools.crest.model.design.logical.Relation" name="plavi_se_kdo" id="724ABF60-0850-47CB-10E7-6CF1347AFF74" directorySegmentName="seg_0">
<createdBy>Halaska</createdBy>
<createdTime>2013-09-11 16:46:58 UTC</createdTime>
<comment>na soukrome plavne s pruvodcem se plavi zakaznik</comment>
<commentInRDBMS>na soukrome plavne s pruvodcem se plavi zakaznik</commentInRDBMS>
<ownerDesignName>plavebni-spolecnost</ownerDesignName>
<shouldEngineer>false</shouldEngineer>
<engineerTo>
<item key="A9C21EA9-AF03-3AAD-E1EB-019E62D24690" value="false"/>
</engineerTo>
<identifying>true</identifying>
<nameOnTarget>plavi_se_kdo</nameOnTarget>
<optionalSource>true</optionalSource>
<optionalTarget>false</optionalTarget>
<sourceCardinality>1</sourceCardinality>
<sourceEntity>12DAF211-F818-FF96-59E7-1065469931B4</sourceEntity>
<targetCardinalityString>*</targetCardinalityString>
<targetEntity>C948D06C-3205-1699-B373-D7B23DC214B3</targetEntity>
<transferable>true</transferable>
</Relation>