<?xml version = '1.0' encoding = 'UTF-8'?>
<Relation class="oracle.dbtools.crest.model.design.logical.Relation" name="je_pokryt_kym" id="A7EFB017-8A1C-869F-B816-5BB3BE00ADEF" directorySegmentName="seg_0">
<createdBy>Halaska</createdBy>
<createdTime>2013-09-11 12:43:21 UTC</createdTime>
<comment>Spoj na plavebni lince je v dany den pokryt namornikem</comment>
<commentInRDBMS>Spoj na lince je v dany den pokryt namornikem</commentInRDBMS>
<ownerDesignName>plavebni-spolecnost</ownerDesignName>
<shouldEngineer>false</shouldEngineer>
<engineerTo>
<item key="A9C21EA9-AF03-3AAD-E1EB-019E62D24690" value="false"/>
</engineerTo>
<arc>0B2710BE-04CE-B214-2115-3C6FCAD79083</arc>
<dominantRole>624E323D-2076-4082-C947-43D10FDE191A</dominantRole>
<identifying>false</identifying>
<nameOnTarget>je_pokryt_kym</nameOnTarget>
<optionalSource>true</optionalSource>
<optionalTarget>true</optionalTarget>
<sourceCardinality>1</sourceCardinality>
<sourceEntity>624E323D-2076-4082-C947-43D10FDE191A</sourceEntity>
<targetCardinalityString>1</targetCardinalityString>
<targetEntity>BFD3142E-D1A2-636D-C7FD-964BFFCB9C0D</targetEntity>
<transferable>true</transferable>
</Relation>