<?xml version = '1.0' encoding = 'UTF-8'?>
<Relation class="oracle.dbtools.crest.model.design.logical.Relation" name="je_pokryt_spoj" id="AB859FF3-CEAC-D13A-CBAC-62D48D4DF1FF" directorySegmentName="seg_0">
<createdBy>Halaska</createdBy>
<createdTime>2013-09-11 12:45:20 UTC</createdTime>
<ownerDesignName>plavebni-spolecnost</ownerDesignName>
<shouldEngineer>false</shouldEngineer>
<engineerTo>
<item key="A9C21EA9-AF03-3AAD-E1EB-019E62D24690" value="false"/>
</engineerTo>
<identifying>true</identifying>
<nameOnTarget>je_pokryt_spoj</nameOnTarget>
<optionalSource>true</optionalSource>
<optionalTarget>false</optionalTarget>
<sourceCardinality>1</sourceCardinality>
<sourceEntity>CE8A9D78-8A2C-B74F-B372-29F3B1B3A29A</sourceEntity>
<targetCardinalityString>*</targetCardinalityString>
<targetEntity>BFD3142E-D1A2-636D-C7FD-964BFFCB9C0D</targetEntity>
<transferable>true</transferable>
</Relation>