<?xml version = '1.0' encoding = 'UTF-8'?>
<Relation class="oracle.dbtools.crest.model.design.logical.Relation" name="rezervuje_si_kdo" id="AE5E4CDC-5B4D-A157-3C9B-7A2C5C9F88D2" directorySegmentName="seg_0">
<createdBy>Halaska</createdBy>
<createdTime>2013-09-11 16:48:03 UTC</createdTime>
<comment>Rezervaci lodi na dany den (od 07.00 do 22.00) provedl zakaznik</comment>
<commentInRDBMS>Rezervaci lodi na dany den (od 07.00 do 22.00) provedl zakaznik</commentInRDBMS>
<ownerDesignName>plavebni-spolecnost</ownerDesignName>
<shouldEngineer>false</shouldEngineer>
<engineerTo>
<item key="A9C21EA9-AF03-3AAD-E1EB-019E62D24690" value="false"/>
</engineerTo>
<identifying>true</identifying>
<nameOnTarget>rezervuje_si_kdo</nameOnTarget>
<optionalSource>true</optionalSource>
<optionalTarget>false</optionalTarget>
<sourceCardinality>1</sourceCardinality>
<sourceEntity>12DAF211-F818-FF96-59E7-1065469931B4</sourceEntity>
<targetCardinalityString>*</targetCardinalityString>
<targetEntity>1F5CD318-2F0B-BA7C-967F-93FCBF87669D</targetEntity>
<transferable>true</transferable>
</Relation>