<?xml version = '1.0' encoding = 'UTF-8'?>
<Relation class="oracle.dbtools.crest.model.design.logical.Relation" name="je_pokryt_busem" id="AF2188EF-6654-5127-7CB2-BABBDA5D482E" directorySegmentName="seg_0">
<createdBy>Halaska</createdBy>
<createdTime>2013-09-11 12:42:41 UTC</createdTime>
<comment>Na spoj na lince je v dany den pouzit autobus</comment>
<commentInRDBMS>Na spoj na lince je v dany den pouzit autobus</commentInRDBMS>
<ownerDesignName>plavebni-spolecnost</ownerDesignName>
<shouldEngineer>false</shouldEngineer>
<engineerTo>
<item key="A9C21EA9-AF03-3AAD-E1EB-019E62D24690" value="false"/>
</engineerTo>
<arc>2E871395-8FBC-FD25-C394-BB73E07D4525</arc>
<identifying>false</identifying>
<nameOnTarget>je_pokryt_busem</nameOnTarget>
<optionalSource>true</optionalSource>
<optionalTarget>true</optionalTarget>
<sourceCardinality>1</sourceCardinality>
<sourceEntity>6C0BDF12-A372-D51F-B6C3-AC9DC2466B92</sourceEntity>
<targetCardinalityString>*</targetCardinalityString>
<targetEntity>BFD3142E-D1A2-636D-C7FD-964BFFCB9C0D</targetEntity>
<transferable>true</transferable>
</Relation>