<?xml version = '1.0' encoding = 'UTF-8'?>
<Relation class="oracle.dbtools.crest.model.design.logical.Relation" name="kotvi_kde" id="D1B00DC0-9D56-C001-6B58-77CE3BCF18B0" directorySegmentName="seg_0">
<createdBy>Halaska</createdBy>
<createdTime>2012-12-02 18:57:58 UTC</createdTime>
<ownerDesignName>plavebni-spolecnost</ownerDesignName>
<engineerTo>
<item key="A9C21EA9-AF03-3AAD-E1EB-019E62D24690" value="true"/>
</engineerTo>
<identifying>false</identifying>
<nameOnSource>kotvi_kde</nameOnSource>
<optionalSource>true</optionalSource>
<optionalTarget>true</optionalTarget>
<sourceCardinality>*</sourceCardinality>
<sourceEntity>455AD214-9C14-2A06-3D04-FCCCA8CE9B7B</sourceEntity>
<targetCardinalityString>1</targetCardinalityString>
<targetEntity>794D90C1-E93C-CC03-5EB5-38F334C34FF5</targetEntity>
<transferable>true</transferable>
</Relation>