<?xml version = '1.0' encoding = 'UTF-8'?>
<Relation class="oracle.dbtools.crest.model.design.logical.Relation" name="plavi_se_s_kym" id="E2651FCB-A68D-75A7-5ABA-ED9CEFC04AED" directorySegmentName="seg_0">
<createdBy>Halaska</createdBy>
<createdTime>2013-09-11 12:14:17 UTC</createdTime>
<comment>Na soukrome plavbe s pruvodcem provazi namornik</comment>
<commentInRDBMS>Na soukrome plavbe s pruvodcem provazi namornik</commentInRDBMS>
<ownerDesignName>plavebni-spolecnost</ownerDesignName>
<shouldEngineer>false</shouldEngineer>
<engineerTo>
<item key="A9C21EA9-AF03-3AAD-E1EB-019E62D24690" value="false"/>
</engineerTo>
<arc>0B2710BE-04CE-B214-2115-3C6FCAD79083</arc>
<dominantRole>624E323D-2076-4082-C947-43D10FDE191A</dominantRole>
<identifying>true</identifying>
<nameOnTarget>plavi_se_s_kym</nameOnTarget>
<optionalSource>true</optionalSource>
<optionalTarget>false</optionalTarget>
<sourceCardinality>1</sourceCardinality>
<sourceEntity>624E323D-2076-4082-C947-43D10FDE191A</sourceEntity>
<targetCardinalityString>1</targetCardinalityString>
<targetEntity>C948D06C-3205-1699-B373-D7B23DC214B3</targetEntity>
<transferable>true</transferable>
</Relation>