<?xml version = '1.0' encoding = 'UTF-8'?>
<InheritanceRelation class="oracle.dbtools.crest.model.design.logical.InheritanceRelation" name="depo_is_a_zazemi" id="CC8D8405-CA15-CCA0-7E7C-04E50CACAC73" directorySegmentName="seg_0">
<createdBy>Halaska</createdBy>
<createdTime>2012-12-02 18:30:10 UTC</createdTime>
<ownerDesignName>semestralka_lodni_spolecnost</ownerDesignName>
<engineerTo>
<item key="A9C21EA9-AF03-3AAD-E1EB-019E62D24690" value="true"/>
</engineerTo>
<identifying>false</identifying>
<nameOnSource>Super Type</nameOnSource>
<nameOnTarget>Sub Type</nameOnTarget>
<optionalSource>true</optionalSource>
<optionalTarget>true</optionalTarget>
<sourceEntity>A8406EB5-89CB-FBFF-2FAD-50A8623AACE8</sourceEntity>
<targetEntity>0FD080FD-13CB-D31C-79FE-20BC5E824421</targetEntity>
<transferable>true</transferable>
</InheritanceRelation>