<?xml version = '1.0' encoding = 'UTF-8'?>
<InheritanceRelation class="oracle.dbtools.crest.model.design.logical.InheritanceRelation" name="pristaviste_is_a_zazemi" id="D32E2AC1-4843-F998-B69C-9754697A9FB7" directorySegmentName="seg_0">
<createdBy>Halaska</createdBy>
<createdTime>2012-12-02 18:33:40 UTC</createdTime>
<ownerDesignName>semestralka_lodni_spolecnost</ownerDesignName>
<engineerTo>
<item key="A9C21EA9-AF03-3AAD-E1EB-019E62D24690" value="true"/>
</engineerTo>
<identifying>false</identifying>
<nameOnSource>Super Type</nameOnSource>
<nameOnTarget>Sub Type</nameOnTarget>
<optionalSource>true</optionalSource>
<optionalTarget>true</optionalTarget>
<sourceEntity>A8406EB5-89CB-FBFF-2FAD-50A8623AACE8</sourceEntity>
<targetEntity>794D90C1-E93C-CC03-5EB5-38F334C34FF5</targetEntity>
<transferable>true</transferable>
</InheritanceRelation>