<?xml version = '1.0' encoding = 'UTF-8'?>
<Arc class="oracle.dbtools.crest.model.design.logical.Arc" id="0B2710BE-04CE-B214-2115-3C6FCAD79083" directorySegmentName="seg_0" name="plavba_nebo_spoj">
<createdBy>Halaska</createdBy>
<createdTime>2013-09-11 12:46:34 UTC</createdTime>
<ownerDesignName>semestralka_nova3</ownerDesignName>
<engineerTo>
<item key="A9C21EA9-AF03-3AAD-E1EB-019E62D24690" value="true"/>
</engineerTo>
<entity>624E323D-2076-4082-C947-43D10FDE191A</entity>
<relations>
<relationID>E2651FCB-A68D-75A7-5ABA-ED9CEFC04AED</relationID>
<relationID>A7EFB017-8A1C-869F-B816-5BB3BE00ADEF</relationID>
</relations>
</Arc>