<?xml version = '1.0' encoding = 'UTF-8'?>
<Arc class="oracle.dbtools.crest.model.design.logical.Arc" id="2E871395-8FBC-FD25-C394-BB73E07D4525" directorySegmentName="seg_0" name="bus nebo lod">
<createdBy>Halaska</createdBy>
<createdTime>2013-09-12 13:35:52 UTC</createdTime>
<comment>Spoj na lince je pokryt busem nebo lodi</comment>
<ownerDesignName>semestralka_nova3</ownerDesignName>
<engineerTo>
<item key="A9C21EA9-AF03-3AAD-E1EB-019E62D24690" value="true"/>
</engineerTo>
<entity>BFD3142E-D1A2-636D-C7FD-964BFFCB9C0D</entity>
<relations>
<relationID>AF2188EF-6654-5127-7CB2-BABBDA5D482E</relationID>
<relationID>1E7EEE1A-C1EF-A720-7AD9-B04F414CC874</relationID>
</relations>
</Arc>