<?xml version = '1.0' encoding = 'UTF-8'?>
<Diagram class="oracle.dbtools.crest.swingui.relational.DPVRelationalSubView" name="From_LM_Logical - SubView_1" id="825E1175-A8E7-353D-08F8-230077410A04">
<createdBy>Halaska</createdBy>
<createdTime>2013-09-12 14:07:55 UTC</createdTime>
<autoRoute>false</autoRoute>
<boxInbox>true</boxInbox>
<showLegend>false</showLegend>
<showLabels>false</showLabels>
<showGrid>false</showGrid>
<diagramColor>-1</diagramColor>
<display>false</display>
<generatorId>9294FD9E-C7A9-DC95-A210-D931FEE674BF</generatorId>
<notation>1</notation>
<objectViews>
<OView class="oracle.dbtools.crest.swingui.relational.TVTable" oid="8819C04D-3147-22D2-7AF3-E7C8954487E1" otype="Table" vid="EC4BC3F1-55CF-C4E2-36CD-F366CEF0F1EC">
<bounds x="985" y="24" width="188" height="232"/>
<generatorID>55A43B77-C8E8-44B9-CB91-B06BBDB10195</generatorID>
</OView>
</objectViews>
</Diagram>