<?xml version = '1.0' encoding = 'UTF-8'?>
<Diagram class="oracle.dbtools.crest.swingui.relational.DPVRelational" name="Relational_1" id="E165EB2B-36F9-F7E6-DC2F-819A8855AF73">
<createdBy>Halaska</createdBy>
<createdTime>2013-09-12 14:07:21 UTC</createdTime>
<autoRoute>false</autoRoute>
<boxInbox>true</boxInbox>
<showLegend>false</showLegend>
<showLabels>true</showLabels>
<showGrid>true</showGrid>
<diagramColor>-1</diagramColor>
<display>false</display>
<notation>1</notation>
<objectViews>
<OView class="oracle.dbtools.crest.swingui.relational.TVTable" oid="40026B72-10FB-FC2B-C0E6-9BD97AB68841" otype="Table" vid="A25A2B75-3B5D-035B-ECDF-0DA39E9C010E">
<bounds x="1410" y="390" width="181" height="90"/>
</OView>
<OView class="oracle.dbtools.crest.swingui.relational.TVTable" oid="61DCCC9F-BEB8-53A0-1E07-F106C424B9F3" otype="Table" vid="1F537E25-084E-8F61-0C81-E92AAD069180">
<bounds x="10" y="60" width="213" height="120"/>
</OView>
<OView class="oracle.dbtools.crest.swingui.relational.TVTable" oid="6ABED08C-9A1D-E892-DCCD-1F0B17E91B78" otype="Table" vid="35305C04-C627-78A4-DC3E-B8056A79E510">
<bounds x="410" y="40" width="253" height="90"/>
</OView>
<OView class="oracle.dbtools.crest.swingui.relational.TVTable" oid="6DF2A162-D3D9-5C4E-B443-CEDB0AE3BA12" otype="Table" vid="D3784C01-4D71-82CC-6A11-6EEF89ADCE44">
<bounds x="870" y="40" width="215" height="149"/>
</OView>
<OView class="oracle.dbtools.crest.swingui.relational.TVTable" oid="81FB1AF2-83C3-3F37-E1AB-8CB5D29C638B" otype="Table" vid="57446CE0-09A7-B6A6-5449-8B6DFEF4A9F1">
<bounds x="10" y="210" width="200" height="134"/>
</OView>
<OView class="oracle.dbtools.crest.swingui.relational.TVTable" oid="8819C04D-3147-22D2-7AF3-E7C8954487E1" otype="Table" vid="58CFB0A6-2077-24D0-F09B-5CEA0A7B28D1">
<bounds x="1320" y="40" width="270" height="135"/>
</OView>
<OView class="oracle.dbtools.crest.swingui.relational.TVTable" oid="95D65A99-242E-A30E-51BF-784413616468" otype="Table" vid="A5DB25FE-D32B-4FF4-5D23-63E1CE347186">
<bounds x="570" y="280" width="234" height="179"/>
</OView>
<OView class="oracle.dbtools.crest.swingui.relational.TVTable" oid="C1807DAD-468F-7099-88FB-C462E1D82E79" otype="Table" vid="F41BBF27-8A46-3C83-EF7D-C192685037C4">
<bounds x="240" y="430" width="217" height="90"/>
</OView>
<OView class="oracle.dbtools.crest.swingui.relational.TVTable" oid="D149BCEA-060C-118B-6179-2ECA5C2D13BD" otype="Table" vid="C7ED5D43-FFB6-9650-8E3D-A8DC73170AE7">
<bounds x="1070" y="210" width="291" height="149"/>
</OView>
<OView class="oracle.dbtools.crest.swingui.relational.TVTable" oid="F4C4FFC6-94FD-D22E-5795-F91B48EB52BD" otype="Table" vid="762FC160-2146-252A-D8CB-19DBC8BEDCC2">
<bounds x="1020" y="390" width="268" height="90"/>
</OView>
<OView class="oracle.dbtools.crest.swingui.relational.TVTable" oid="FB6E7E39-06D2-FD44-1F96-3F02255C0F99" otype="Table" vid="5F3442BA-356C-9D6C-32DF-258F945A14D7">
<bounds x="270" y="200" width="267" height="134"/>
</OView>
</objectViews>
<connectors>
<Connector class="oracle.dbtools.crest.swingui.relational.TVFKRelation" oid="08E9D4E5-D5E5-5963-3174-10EB4ECE20A0" otype="FKIndexAssociation" vid_source="F41BBF27-8A46-3C83-EF7D-C192685037C4" vid_target="A5DB25FE-D32B-4FF4-5D23-63E1CE347186">
<lineWidth>1</lineWidth>
<centerLabel class="oracle.dbtools.crest.model.design.Label">
<site>1</site>
<labelBounds x="-39" y="-11" width="76" height="20"/>
<fonts>
<FontObject class="oracle.dbtools.crest.model.design.FontObjectWr">
<foType>Text</foType>
<colorRGB>-16777216</colorRGB>
</FontObject>
</fonts>
</centerLabel>
<points>
<point x="448" y="430"/>
<point x="448" y="410"/>
<point x="570" y="410"/>
</points>
</Connector>
<Connector class="oracle.dbtools.crest.swingui.relational.TVFKRelation" oid="0DCBE4ED-A191-81C1-623D-B6F8429F5A96" otype="FKIndexAssociation" vid_source="D3784C01-4D71-82CC-6A11-6EEF89ADCE44" vid_target="A5DB25FE-D32B-4FF4-5D23-63E1CE347186">
<lineWidth>1</lineWidth>
<centerLabel class="oracle.dbtools.crest.model.design.Label">
<site>1</site>
<labelBounds x="-39" y="-11" width="76" height="20"/>
<fonts>
<FontObject class="oracle.dbtools.crest.model.design.FontObjectWr">
<foType>Text</foType>
<colorRGB>-16777216</colorRGB>
</FontObject>
</fonts>
</centerLabel>
<points>
<point x="870" y="180"/>
<point x="750" y="180"/>
<point x="750" y="280"/>
</points>
</Connector>
<Connector class="oracle.dbtools.crest.swingui.relational.TVFKRelation" oid="20D550C6-1622-6447-555E-446522BB0E3D" otype="FKIndexAssociation" vid_source="F41BBF27-8A46-3C83-EF7D-C192685037C4" vid_target="5F3442BA-356C-9D6C-32DF-258F945A14D7">
<lineWidth>1</lineWidth>
<centerLabel class="oracle.dbtools.crest.model.design.Label">
<site>1</site>
<labelBounds x="-42" y="-11" width="83" height="20"/>
<fonts>
<FontObject class="oracle.dbtools.crest.model.design.FontObjectWr">
<foType>Text</foType>
<colorRGB>-16777216</colorRGB>
</FontObject>
</fonts>
</centerLabel>
<points>
<point x="363" y="430"/>
<point x="363" y="334"/>
</points>
</Connector>
<Connector class="oracle.dbtools.crest.swingui.relational.TVFKRelation" oid="34BD3801-B7B9-61BD-4E1D-A4C82F1DB885" otype="FKIndexAssociation" vid_source="1F537E25-084E-8F61-0C81-E92AAD069180" vid_target="5F3442BA-356C-9D6C-32DF-258F945A14D7">
<lineWidth>1</lineWidth>
<centerLabel class="oracle.dbtools.crest.model.design.Label">
<site>1</site>
<labelBounds x="-36" y="-11" width="71" height="20"/>
<fonts>
<FontObject class="oracle.dbtools.crest.model.design.FontObjectWr">
<foType>Text</foType>
<colorRGB>-16777216</colorRGB>
</FontObject>
</fonts>
</centerLabel>
<points>
<point x="223" y="150"/>
<point x="370" y="150"/>
<point x="370" y="200"/>
</points>
</Connector>
<Connector class="oracle.dbtools.crest.swingui.relational.TVFKRelation" oid="37BBEBD7-B70E-1CAC-D96D-3FDDF678E325" otype="FKIndexAssociation" vid_source="A25A2B75-3B5D-035B-ECDF-0DA39E9C010E" vid_target="762FC160-2146-252A-D8CB-19DBC8BEDCC2">
<lineWidth>1</lineWidth>
<centerLabel class="oracle.dbtools.crest.model.design.Label">
<site>1</site>
<labelBounds x="-34" y="-11" width="67" height="20"/>
<fonts>
<FontObject class="oracle.dbtools.crest.model.design.FontObjectWr">
<foType>Text</foType>
<colorRGB>-16777216</colorRGB>
</FontObject>
</fonts>
</centerLabel>
<points>
<point x="1470" y="390"/>
<point x="1288" y="410"/>
</points>
</Connector>
<Connector class="oracle.dbtools.crest.swingui.relational.TVFKRelation" oid="57C6C786-C1F2-749D-1E01-F6E6C48DFF73" otype="FKIndexAssociation" vid_source="58CFB0A6-2077-24D0-F09B-5CEA0A7B28D1" vid_target="C7ED5D43-FFB6-9650-8E3D-A8DC73170AE7">
<lineWidth>1</lineWidth>
<centerLabel class="oracle.dbtools.crest.model.design.Label">
<site>1</site>
<labelBounds x="-28" y="-11" width="55" height="20"/>
<fonts>
<FontObject class="oracle.dbtools.crest.model.design.FontObjectWr">
<foType>Text</foType>
<colorRGB>-16777216</colorRGB>
</FontObject>
</fonts>
</centerLabel>
<points>
<point x="1430" y="175"/>
<point x="1430" y="220"/>
<point x="1361" y="220"/>
</points>
</Connector>
<Connector class="oracle.dbtools.crest.swingui.relational.TVFKRelation" oid="5C2A118A-DA46-4C3C-5FA7-527270DEC5D2" otype="FKIndexAssociation" vid_source="C7ED5D43-FFB6-9650-8E3D-A8DC73170AE7" vid_target="A5DB25FE-D32B-4FF4-5D23-63E1CE347186">
<lineWidth>1</lineWidth>
<centerLabel class="oracle.dbtools.crest.model.design.Label">
<site>1</site>
<labelBounds x="-45" y="-11" width="89" height="20"/>
<fonts>
<FontObject class="oracle.dbtools.crest.model.design.FontObjectWr">
<foType>Text</foType>
<colorRGB>-16777216</colorRGB>
</FontObject>
</fonts>
</centerLabel>
<points>
<point x="1070" y="224"/>
<point x="804" y="319"/>
</points>
</Connector>
<Connector class="oracle.dbtools.crest.swingui.relational.TVFKRelation" oid="729162FE-85D7-1E02-2D46-A1C4DFD1E240" otype="FKIndexAssociation" vid_source="D3784C01-4D71-82CC-6A11-6EEF89ADCE44" vid_target="35305C04-C627-78A4-DC3E-B8056A79E510">
<lineWidth>1</lineWidth>
<centerLabel class="oracle.dbtools.crest.model.design.Label">
<site>1</site>
<labelBounds x="-44" y="-11" width="87" height="20"/>
<fonts>
<FontObject class="oracle.dbtools.crest.model.design.FontObjectWr">
<foType>Text</foType>
<colorRGB>-16777216</colorRGB>
</FontObject>
</fonts>
</centerLabel>
<points>
<point x="910" y="40"/>
<point x="910" y="10"/>
<point x="590" y="10"/>
<point x="590" y="20"/>
<point x="590" y="40"/>
</points>
</Connector>
<Connector class="oracle.dbtools.crest.swingui.relational.TVFKRelation" oid="7B99A4C2-0695-1C66-D983-087038AD68A5" otype="FKIndexAssociation" vid_source="1F537E25-084E-8F61-0C81-E92AAD069180" vid_target="35305C04-C627-78A4-DC3E-B8056A79E510">
<lineWidth>1</lineWidth>
<centerLabel class="oracle.dbtools.crest.model.design.Label">
<site>1</site>
<labelBounds x="-45" y="-11" width="88" height="20"/>
<fonts>
<FontObject class="oracle.dbtools.crest.model.design.FontObjectWr">
<foType>Text</foType>
<colorRGB>-16777216</colorRGB>
</FontObject>
</fonts>
</centerLabel>
<points>
<point x="80" y="60"/>
<point x="80" y="10"/>
<point x="450" y="10"/>
<point x="450" y="40"/>
</points>
</Connector>
<Connector class="oracle.dbtools.crest.swingui.relational.TVFKRelation" oid="9A110F1D-3A79-BEE5-7553-34B8D31EFD1F" otype="FKIndexAssociation" vid_source="762FC160-2146-252A-D8CB-19DBC8BEDCC2" vid_target="A5DB25FE-D32B-4FF4-5D23-63E1CE347186">
<lineWidth>1</lineWidth>
<centerLabel class="oracle.dbtools.crest.model.design.Label">
<site>1</site>
<labelBounds x="-39" y="-11" width="77" height="20"/>
<fonts>
<FontObject class="oracle.dbtools.crest.model.design.FontObjectWr">
<foType>Text</foType>
<colorRGB>-16777216</colorRGB>
</FontObject>
</fonts>
</centerLabel>
<points>
<point x="1020" y="390"/>
<point x="804" y="424"/>
</points>
</Connector>
<Connector class="oracle.dbtools.crest.swingui.relational.TVFKRelation" oid="C1FD2005-A1F4-1026-2610-58DD92DBBF88" otype="FKIndexAssociation" vid_source="D3784C01-4D71-82CC-6A11-6EEF89ADCE44" vid_target="5F3442BA-356C-9D6C-32DF-258F945A14D7">
<lineWidth>1</lineWidth>
<centerLabel class="oracle.dbtools.crest.model.design.Label">
<site>1</site>
<labelBounds x="-48" y="-11" width="94" height="20"/>
<fonts>
<FontObject class="oracle.dbtools.crest.model.design.FontObjectWr">
<foType>Text</foType>
<colorRGB>-16777216</colorRGB>
</FontObject>
</fonts>
</centerLabel>
<points>
<point x="870" y="148"/>
<point x="495" y="148"/>
<point x="495" y="200"/>
</points>
</Connector>
<Connector class="oracle.dbtools.crest.swingui.relational.TVFKRelation" oid="E91EACB9-52B4-4202-A337-2783D09BEC75" otype="FKIndexAssociation" vid_source="57446CE0-09A7-B6A6-5449-8B6DFEF4A9F1" vid_target="F41BBF27-8A46-3C83-EF7D-C192685037C4">
<lineWidth>1</lineWidth>
<centerLabel class="oracle.dbtools.crest.model.design.Label">
<site>1</site>
<labelBounds x="-48" y="-11" width="94" height="20"/>
<fonts>
<FontObject class="oracle.dbtools.crest.model.design.FontObjectWr">
<foType>Text</foType>
<colorRGB>-16777216</colorRGB>
</FontObject>
</fonts>
</centerLabel>
<points>
<point x="150" y="344"/>
<point x="150" y="450"/>
<point x="240" y="450"/>
</points>
</Connector>
<Connector class="oracle.dbtools.crest.swingui.relational.TVFKRelation" oid="F04BE3BB-29AD-39F1-4050-88134CBB4372" otype="FKIndexAssociation" vid_source="58CFB0A6-2077-24D0-F09B-5CEA0A7B28D1" vid_target="D3784C01-4D71-82CC-6A11-6EEF89ADCE44">
<lineWidth>1</lineWidth>
<centerLabel class="oracle.dbtools.crest.model.design.Label">
<site>1</site>
<labelBounds x="-27" y="-11" width="53" height="20"/>
<fonts>
<FontObject class="oracle.dbtools.crest.model.design.FontObjectWr">
<foType>Text</foType>
<colorRGB>-16777216</colorRGB>
</FontObject>
</fonts>
</centerLabel>
<points>
<point x="1490" y="40"/>
<point x="1490" y="10"/>
<point x="1000" y="10"/>
<point x="1000" y="40"/>
</points>
</Connector>
</connectors>
<arcs>
<Arc class="oracle.dbtools.crest.swingui.relational.TVFKArc" oid="64D13DD0-E6FC-11C3-C2EC-B25A29FAECA0" otype="FKArc" vid="9480E499-A3C0-820A-734C-A75B70F0F560">
<bounds x="550" y="260" width="274" height="219"/>
</Arc>
</arcs>
</Diagram>