<?xml version = '1.0' encoding = 'UTF-8'?>
<Entity class="oracle.dbtools.crest.model.design.logical.Entity" id="0FD080FD-13CB-D31C-79FE-20BC5E824421" directorySegmentName="seg_0" name="depo">
<createdBy>Halaska</createdBy>
<createdTime>2012-12-02 18:28:31 UTC</createdTime>
<comment>Depo, ve kterem parkuji autobusy v dobe mezi jednotlivymi nasazenimi a kde se provadi jejich udrzba</comment>
<commentInRDBMS>Depo, ve kterem parkuji autobusy v dobe mezi jednotlivymi nasazenimi a kde se provadi jejich udrzba</commentInRDBMS>
<ownerDesignName>plavebni-spolecnost</ownerDesignName>
<engineerTo>
<item key="A9C21EA9-AF03-3AAD-E1EB-019E62D24690" value="true"/>
</engineerTo>
<pkName>depo PK</pkName>
<adequatelyNormalized>NO</adequatelyNormalized>
<expectedVolumes>0</expectedVolumes>
<fwdEngineeringStrategyName>Single Table</fwdEngineeringStrategyName>
<growthPercent>0</growthPercent>
<growthType>Year</growthType>
<hierarchicalParent>A8406EB5-89CB-FBFF-2FAD-50A8623AACE8</hierarchicalParent>
<maxVolumes>9999999</maxVolumes>
<minVolumes>0</minVolumes>
<normalForm>Third</normalForm>
<fonts>
<FontObject class="oracle.dbtools.crest.model.design.FontObjectWr">
<foType>Title</foType>
<fontStyle>1</fontStyle>
<colorRGB>-16776961</colorRGB>
</FontObject>
<FontObject class="oracle.dbtools.crest.model.design.FontObjectWr">
<foType>Attribute</foType>
<colorRGB>-16777216</colorRGB>
</FontObject>
<FontObject class="oracle.dbtools.crest.model.design.FontObjectWr">
<foType>Datatype</foType>
<colorRGB>-16744448</colorRGB>
</FontObject>
<FontObject class="oracle.dbtools.crest.model.design.FontObjectWr">
<foType>PK Element</foType>
<colorRGB>-16776961</colorRGB>
</FontObject>
<FontObject class="oracle.dbtools.crest.model.design.FontObjectWr">
<foType>FK Element</foType>
<colorRGB>-16777216</colorRGB>
</FontObject>
<FontObject class="oracle.dbtools.crest.model.design.FontObjectWr">
<foType>UK Element</foType>
<colorRGB>-16776961</colorRGB>
</FontObject>
<FontObject class="oracle.dbtools.crest.model.design.FontObjectWr">
<foType>Not Null</foType>
<colorRGB>-65536</colorRGB>
</FontObject>
<FontObject class="oracle.dbtools.crest.model.design.FontObjectWr">
<foType>Key</foType>
<colorRGB>-16777216</colorRGB>
</FontObject>
</fonts>
<attributes>
<Attribute class="oracle.dbtools.crest.model.design.logical.Attribute" name="pocet_stani" id="652C571D-1F5E-2F3B-A070-0ECC6622C4E0">
<createdBy>Halaska</createdBy>
<createdTime>2012-12-02 18:28:52 UTC</createdTime>
<ownerDesignName>plavebni-spolecnost</ownerDesignName>
<engineerTo>
<item key="A9C21EA9-AF03-3AAD-E1EB-019E62D24690" value="true"/>
</engineerTo>
<nullsAllowed>true</nullsAllowed>
<useDomainConstraints>false</useDomainConstraints>
<use>1</use>
<logicalDatatype>LOGDT011</logicalDatatype>
<comment>kapacita depa v poctu stani</comment>
<commentInRDBMS>kapacita depa v poctu stani</commentInRDBMS>
</Attribute>
<Attribute class="oracle.dbtools.crest.model.design.logical.Attribute" name="uroven_moznych_oprav" id="132AD320-A5A9-50EF-9F31-67C29A599522">
<createdBy>Halaska</createdBy>
<createdTime>2012-12-02 18:29:03 UTC</createdTime>
<ownerDesignName>plavebni-spolecnost</ownerDesignName>
<engineerTo>
<item key="A9C21EA9-AF03-3AAD-E1EB-019E62D24690" value="true"/>
</engineerTo>
<constraintName>mozne_typy_oprav</constraintName>
<nullsAllowed>true</nullsAllowed>
<useDomainConstraints>false</useDomainConstraints>
<use>1</use>
<logicalDatatype>LOGDT011</logicalDatatype>
<listOfValues>
<valueDef value="1" description="cisteni"/>
<valueDef value="2" description="tankovani"/>
<valueDef value="3" description="bezna udrzba"/>
<valueDef value="4" description="vymena dilu vcetne oleje"/>
<valueDef value="5" description="stredni oprava"/>
<valueDef value="6" description="generalka"/>
</listOfValues>
<comment>maximalni uroven moznych oprav, ktere se v depu mohou provadet. Mozne hodnoty jsou 1 (cisteni), 2 (tankovani)), 3(bezna udrzba), 4 (vymena dilu vcetne vymeny oleje), 5 (stredni oprava), 6(generalka).&lt;br/&gt;Vyznam - dany typ a vsechny nizsi</comment>
<commentInRDBMS>maximalni uroven moznych oprav, ktere se v depu mohou provadet. Mozne hodnoty jsou 1 (cisteni), 2 (tankovani)), 3(bezna udrzba), 4 (vymena dilu vcetne vymeny oleje), 5 (stredni oprava), 6(generalka).&lt;br/&gt;Vyznam - dany typ a vsechny nizsi</commentInRDBMS>
</Attribute>
</attributes>
</Entity>