<?xml version = '1.0' encoding = 'UTF-8'?>
<Entity class="oracle.dbtools.crest.model.design.logical.Entity" id="12DAF211-F818-FF96-59E7-1065469931B4" directorySegmentName="seg_0" name="ZAKAZNIK">
<createdBy>halaska</createdBy>
<createdTime>2011-11-11 16:58:04 UTC</createdTime>
<comment>Registrovani zakaznici si mohou rezervovat na cely den lod a objednat si plavbu s pruvodcem na interval v danem dnu. </comment>
<commentInRDBMS>Registrovani zakaznici si mohou rezervovat na cely den lod a objednat si plavbu s pruvodcem na interval v danem dnu. </commentInRDBMS>
<generatorID>D33C636E-7CDE-0722-5FCA-8AFC5E18C07E</generatorID>
<ownerDesignName>plavebni-spolecnost</ownerDesignName>
<shouldEngineer>false</shouldEngineer>
<engineerTo>
<item key="A9C21EA9-AF03-3AAD-E1EB-019E62D24690" value="false"/>
</engineerTo>
<pkName>ZAKAZNIK_PK</pkName>
<adequatelyNormalized>NO</adequatelyNormalized>
<expectedVolumes>0</expectedVolumes>
<fwdEngineeringStrategyName>Single Table</fwdEngineeringStrategyName>
<growthPercent>0</growthPercent>
<growthType>Year</growthType>
<maxVolumes>9999999</maxVolumes>
<minVolumes>0</minVolumes>
<normalForm>Third</normalForm>
<fonts>
<FontObject class="oracle.dbtools.crest.model.design.FontObjectWr">
<foType>Title</foType>
<fontStyle>1</fontStyle>
<colorRGB>-16776961</colorRGB>
</FontObject>
<FontObject class="oracle.dbtools.crest.model.design.FontObjectWr">
<foType>Attribute</foType>
<colorRGB>-16777216</colorRGB>
</FontObject>
<FontObject class="oracle.dbtools.crest.model.design.FontObjectWr">
<foType>Datatype</foType>
<colorRGB>-16744448</colorRGB>
</FontObject>
<FontObject class="oracle.dbtools.crest.model.design.FontObjectWr">
<foType>PK Element</foType>
<colorRGB>-16776961</colorRGB>
</FontObject>
<FontObject class="oracle.dbtools.crest.model.design.FontObjectWr">
<foType>FK Element</foType>
<colorRGB>-16777216</colorRGB>
</FontObject>
<FontObject class="oracle.dbtools.crest.model.design.FontObjectWr">
<foType>UK Element</foType>
<colorRGB>-16776961</colorRGB>
</FontObject>
<FontObject class="oracle.dbtools.crest.model.design.FontObjectWr">
<foType>Not Null</foType>
<colorRGB>-65536</colorRGB>
</FontObject>
<FontObject class="oracle.dbtools.crest.model.design.FontObjectWr">
<foType>Key</foType>
<colorRGB>-16777216</colorRGB>
</FontObject>
</fonts>
<attributes>
<Attribute class="oracle.dbtools.crest.model.design.logical.Attribute" name="ZID" id="3AC52280-34B6-C508-8A69-EA1FE3D8DB38">
<createdBy>halaska</createdBy>
<createdTime>2011-11-11 16:58:04 UTC</createdTime>
<generatorID>B36212DB-2285-30AC-103B-AE9E6A746F71</generatorID>
<ownerDesignName>plavebni-spolecnost</ownerDesignName>
<shouldEngineer>false</shouldEngineer>
<engineerTo>
<item key="A9C21EA9-AF03-3AAD-E1EB-019E62D24690" value="false"/>
</engineerTo>
<useDomainConstraints>false</useDomainConstraints>
<use>1</use>
<logicalDatatype>LOGDT019</logicalDatatype>
<dataTypePrecision>10</dataTypePrecision>
<dataTypeScale>0</dataTypeScale>
<comment>identifikator zakaznika</comment>
</Attribute>
<Attribute class="oracle.dbtools.crest.model.design.logical.Attribute" name="PRIJMENI" id="29F7CDF6-5286-C5E2-EF21-E701CF61237F">
<createdBy>halaska</createdBy>
<createdTime>2011-11-11 16:58:04 UTC</createdTime>
<generatorID>B10476C3-D3B9-2400-D56D-42459E0DF821</generatorID>
<ownerDesignName>plavebni-spolecnost</ownerDesignName>
<shouldEngineer>false</shouldEngineer>
<engineerTo>
<item key="A9C21EA9-AF03-3AAD-E1EB-019E62D24690" value="false"/>
</engineerTo>
<nullsAllowed>true</nullsAllowed>
<useDomainConstraints>false</useDomainConstraints>
<use>1</use>
<logicalDatatype>LOGDT024</logicalDatatype>
<dataTypeSize>20 BYTE</dataTypeSize>
<comment>prijmeni zakaznika</comment>
</Attribute>
<Attribute class="oracle.dbtools.crest.model.design.logical.Attribute" name="JMENOZ" id="9E8917C8-D2C8-EF1C-B2A9-1B05C79BB7D8">
<createdBy>halaska</createdBy>
<createdTime>2011-11-11 16:58:04 UTC</createdTime>
<generatorID>911007AB-9147-03B7-EF94-402237413B2E</generatorID>
<ownerDesignName>plavebni-spolecnost</ownerDesignName>
<shouldEngineer>false</shouldEngineer>
<engineerTo>
<item key="A9C21EA9-AF03-3AAD-E1EB-019E62D24690" value="false"/>
</engineerTo>
<nullsAllowed>true</nullsAllowed>
<useDomainConstraints>false</useDomainConstraints>
<use>1</use>
<logicalDatatype>LOGDT024</logicalDatatype>
<dataTypeSize>20 BYTE</dataTypeSize>
<comment>jmeno zakaznika</comment>
</Attribute>
<Attribute class="oracle.dbtools.crest.model.design.logical.Attribute" name="ADRESA" id="39A85493-28C1-C46A-00FD-4F58E32B9620">
<createdBy>halaska</createdBy>
<createdTime>2011-11-11 16:58:04 UTC</createdTime>
<generatorID>0E060DE4-C18E-6AC0-2F85-E7B541A718DB</generatorID>
<ownerDesignName>plavebni-spolecnost</ownerDesignName>
<shouldEngineer>false</shouldEngineer>
<engineerTo>
<item key="A9C21EA9-AF03-3AAD-E1EB-019E62D24690" value="false"/>
</engineerTo>
<nullsAllowed>true</nullsAllowed>
<useDomainConstraints>false</useDomainConstraints>
<use>1</use>
<logicalDatatype>LOGDT024</logicalDatatype>
<dataTypeSize>20 BYTE</dataTypeSize>
<comment>adresa zakaznika</comment>
</Attribute>
<Attribute class="oracle.dbtools.crest.model.design.logical.Attribute" name="CREDITLIMIT" id="9FFCCAF9-FFD2-ED34-BD92-ADA9ACC2BBDF">
<createdBy>halaska</createdBy>
<createdTime>2011-11-11 16:58:04 UTC</createdTime>
<generatorID>AA9429B0-9201-F622-EF51-656C0732BD97</generatorID>
<ownerDesignName>plavebni-spolecnost</ownerDesignName>
<shouldEngineer>false</shouldEngineer>
<engineerTo>
<item key="A9C21EA9-AF03-3AAD-E1EB-019E62D24690" value="false"/>
</engineerTo>
<nullsAllowed>true</nullsAllowed>
<useDomainConstraints>false</useDomainConstraints>
<use>1</use>
<logicalDatatype>LOGDT019</logicalDatatype>
<comment>kredit zakaznika</comment>
</Attribute>
</attributes>
<identifiers>
<identifier class="oracle.dbtools.crest.model.design.logical.CandidateKey" id="31D0AF8E-350F-3B20-D569-B6F73FA79D55" name="ZAKAZNIK_PK">
<createdBy>halaska</createdBy>
<createdTime>2011-11-11 16:58:04 UTC</createdTime>
<generatorID>3211B906-D724-CBB9-D8B0-FDC965A548B3</generatorID>
<ownerDesignName>plavebni-spolecnost</ownerDesignName>
<shouldEngineer>false</shouldEngineer>
<engineerTo>
<item key="A9C21EA9-AF03-3AAD-E1EB-019E62D24690" value="false"/>
</engineerTo>
<pk>true</pk>
<usedAttributes>
<attributeRef>3AC52280-34B6-C508-8A69-EA1FE3D8DB38</attributeRef>
</usedAttributes>
</identifier>
</identifiers>
</Entity>