<?xml version = '1.0' encoding = 'UTF-8'?>
<Entity class="oracle.dbtools.crest.model.design.logical.Entity" id="1F5CD318-2F0B-BA7C-967F-93FCBF87669D" directorySegmentName="seg_0" name="REZERVACE">
<createdBy>halaska</createdBy>
<createdTime>2011-11-11 16:58:04 UTC</createdTime>
<comment>Kniha rezervaci lodi zakaznikum</comment>
<commentInRDBMS>Kniha rezervaci lodi zakaznikum</commentInRDBMS>
<generatorID>88007A76-EBDC-4C9F-3184-520C7E089FFA</generatorID>
<ownerDesignName>plavebni-spolecnost</ownerDesignName>
<shouldEngineer>false</shouldEngineer>
<engineerTo>
<item key="A9C21EA9-AF03-3AAD-E1EB-019E62D24690" value="false"/>
</engineerTo>
<pkName>REZERVACE2_PK</pkName>
<adequatelyNormalized>NO</adequatelyNormalized>
<expectedVolumes>0</expectedVolumes>
<fwdEngineeringStrategyName>Single Table</fwdEngineeringStrategyName>
<growthPercent>0</growthPercent>
<growthType>Year</growthType>
<maxVolumes>9999999</maxVolumes>
<minVolumes>0</minVolumes>
<normalForm>Third</normalForm>
<fonts>
<FontObject class="oracle.dbtools.crest.model.design.FontObjectWr">
<foType>Title</foType>
<fontStyle>1</fontStyle>
<colorRGB>-16776961</colorRGB>
</FontObject>
<FontObject class="oracle.dbtools.crest.model.design.FontObjectWr">
<foType>Attribute</foType>
<colorRGB>-16777216</colorRGB>
</FontObject>
<FontObject class="oracle.dbtools.crest.model.design.FontObjectWr">
<foType>Datatype</foType>
<colorRGB>-16744448</colorRGB>
</FontObject>
<FontObject class="oracle.dbtools.crest.model.design.FontObjectWr">
<foType>PK Element</foType>
<colorRGB>-16776961</colorRGB>
</FontObject>
<FontObject class="oracle.dbtools.crest.model.design.FontObjectWr">
<foType>FK Element</foType>
<colorRGB>-16777216</colorRGB>
</FontObject>
<FontObject class="oracle.dbtools.crest.model.design.FontObjectWr">
<foType>UK Element</foType>
<colorRGB>-16776961</colorRGB>
</FontObject>
<FontObject class="oracle.dbtools.crest.model.design.FontObjectWr">
<foType>Not Null</foType>
<colorRGB>-65536</colorRGB>
</FontObject>
<FontObject class="oracle.dbtools.crest.model.design.FontObjectWr">
<foType>Key</foType>
<colorRGB>-16777216</colorRGB>
</FontObject>
</fonts>
<attributes>
<Attribute class="oracle.dbtools.crest.model.design.logical.Attribute" name="DATUM_RES" id="EB3C0E5A-9AEF-8271-CBB7-B7CCE6C172BD">
<createdBy>halaska</createdBy>
<createdTime>2011-11-11 16:58:04 UTC</createdTime>
<generatorID>45FD45C7-C260-868C-3374-09EEF61895D0</generatorID>
<ownerDesignName>plavebni-spolecnost</ownerDesignName>
<shouldEngineer>false</shouldEngineer>
<engineerTo>
<item key="A9C21EA9-AF03-3AAD-E1EB-019E62D24690" value="false"/>
</engineerTo>
<useDomainConstraints>false</useDomainConstraints>
<use>1</use>
<logicalDatatype>LOGDT007</logicalDatatype>
<comment>datum, na kdy je lod rezervovana. Lod se vyzvedava rano v 7 hod. a odevzdava nejpozdeji ve 22 hod.</comment>
<commentInRDBMS>datum, na kdy je lod rezervovana. Lod se vyzvedava rano v 7 hod. a odevzdava nejpozdeji ve 22 hod.</commentInRDBMS>
</Attribute>
<Attribute class="oracle.dbtools.crest.model.design.logical.Attribute" name="LODID" id="394C0AB5-A307-FC55-D157-E1778A32EB4E">
<createdBy>halaska</createdBy>
<createdTime>2011-11-11 16:58:04 UTC</createdTime>
<generatorID>19A48ECD-4644-CB5C-5D26-DF36A42E2AA9</generatorID>
<ownerDesignName>plavebni-spolecnost</ownerDesignName>
<shouldEngineer>false</shouldEngineer>
<engineerTo>
<item key="A9C21EA9-AF03-3AAD-E1EB-019E62D24690" value="false"/>
</engineerTo>
<referedAttribute>DE8A0637-EE47-5C7C-33F3-B8586D6E739A</referedAttribute>
<useDomainConstraints>false</useDomainConstraints>
<use>1</use>
<logicalDatatype>LOGDT019</logicalDatatype>
<dataTypePrecision>10</dataTypePrecision>
<dataTypeScale>0</dataTypeScale>
<comment>odkaz na lod, ktera je rezervovana</comment>
<commentInRDBMS>odkaz na lod, ktera je rezervovana</commentInRDBMS>
<propertyMap>
<property name="refers.attribute" value="DE8A0637-EE47-5C7C-33F3-B8586D6E739A"/>
</propertyMap>
</Attribute>
<Attribute class="oracle.dbtools.crest.model.design.logical.Attribute" name="ZID" id="309A802A-C88B-C14F-7B42-3021BB3CE15C">
<createdBy>Halaska</createdBy>
<createdTime>2013-09-11 16:48:03 UTC</createdTime>
<generatorID>AE5E4CDC-5B4D-A157-3C9B-7A2C5C9F88D2</generatorID>
<ownerDesignName>plavebni-spolecnost</ownerDesignName>
<shouldEngineer>false</shouldEngineer>
<engineerTo>
<item key="A9C21EA9-AF03-3AAD-E1EB-019E62D24690" value="false"/>
</engineerTo>
<referedAttribute>3AC52280-34B6-C508-8A69-EA1FE3D8DB38</referedAttribute>
<useDomainConstraints>false</useDomainConstraints>
<use>1</use>
<logicalDatatype>LOGDT019</logicalDatatype>
<dataTypePrecision>10</dataTypePrecision>
<dataTypeScale>0</dataTypeScale>
<comment>identifikator zakaznika</comment>
</Attribute>
</attributes>
<identifiers>
<identifier class="oracle.dbtools.crest.model.design.logical.CandidateKey" id="861D4802-4EB7-6023-47D3-27C9FAA9F28D" name="REZERVACE2_PK">
<createdBy>halaska</createdBy>
<createdTime>2011-11-11 16:58:04 UTC</createdTime>
<generatorID>CAA13C24-937C-99C6-5E41-A9C7D4B3E46F</generatorID>
<ownerDesignName>plavebni-spolecnost</ownerDesignName>
<shouldEngineer>false</shouldEngineer>
<engineerTo>
<item key="A9C21EA9-AF03-3AAD-E1EB-019E62D24690" value="false"/>
</engineerTo>
<pk>true</pk>
<usedAttributes>
<attributeRef>394C0AB5-A307-FC55-D157-E1778A32EB4E</attributeRef>
<attributeRef>EB3C0E5A-9AEF-8271-CBB7-B7CCE6C172BD</attributeRef>
<attributeRef>309A802A-C88B-C14F-7B42-3021BB3CE15C</attributeRef>
</usedAttributes>
</identifier>
</identifiers>
</Entity>