<?xml version = '1.0' encoding = 'UTF-8'?>
<Entity class="oracle.dbtools.crest.model.design.logical.Entity" id="455AD214-9C14-2A06-3D04-FCCCA8CE9B7B" directorySegmentName="seg_0" name="LOD">
<createdBy>halaska</createdBy>
<createdTime>2011-11-11 16:58:04 UTC</createdTime>
<comment>registrovana Lod. Muze byt rezervovana zakaznikovi na cely den, muze nasazena na plavbu s pruvodcem a muze byt nasazena na previdelny spoj, ktery spolecnost provozuje</comment>
<commentInRDBMS>registrovana Lod. Muze byt rezervovana zakaznikovi na cely den, muze nasazena na plavbu s pruvodcem a muze byt nasazena na previdelny spoj, ktery spolecnost provozuje</commentInRDBMS>
<generatorID>ACC588BB-FAD2-AB36-57E5-83CA7A5BDDFF</generatorID>
<ownerDesignName>plavebni-spolecnost</ownerDesignName>
<engineerTo>
<item key="A9C21EA9-AF03-3AAD-E1EB-019E62D24690" value="true"/>
</engineerTo>
<pkName>LOD_PK</pkName>
<adequatelyNormalized>NO</adequatelyNormalized>
<expectedVolumes>0</expectedVolumes>
<fwdEngineeringStrategyName>Single Table</fwdEngineeringStrategyName>
<growthPercent>0</growthPercent>
<growthType>Year</growthType>
<maxVolumes>9999999</maxVolumes>
<minVolumes>0</minVolumes>
<normalForm>Third</normalForm>
<fonts>
<FontObject class="oracle.dbtools.crest.model.design.FontObjectWr">
<foType>Title</foType>
<fontStyle>1</fontStyle>
<colorRGB>-16776961</colorRGB>
</FontObject>
<FontObject class="oracle.dbtools.crest.model.design.FontObjectWr">
<foType>Attribute</foType>
<colorRGB>-16777216</colorRGB>
</FontObject>
<FontObject class="oracle.dbtools.crest.model.design.FontObjectWr">
<foType>Datatype</foType>
<colorRGB>-16744448</colorRGB>
</FontObject>
<FontObject class="oracle.dbtools.crest.model.design.FontObjectWr">
<foType>PK Element</foType>
<colorRGB>-16776961</colorRGB>
</FontObject>
<FontObject class="oracle.dbtools.crest.model.design.FontObjectWr">
<foType>FK Element</foType>
<colorRGB>-16777216</colorRGB>
</FontObject>
<FontObject class="oracle.dbtools.crest.model.design.FontObjectWr">
<foType>UK Element</foType>
<colorRGB>-16776961</colorRGB>
</FontObject>
<FontObject class="oracle.dbtools.crest.model.design.FontObjectWr">
<foType>Not Null</foType>
<colorRGB>-65536</colorRGB>
</FontObject>
<FontObject class="oracle.dbtools.crest.model.design.FontObjectWr">
<foType>Key</foType>
<colorRGB>-16777216</colorRGB>
</FontObject>
</fonts>
<attributes>
<Attribute class="oracle.dbtools.crest.model.design.logical.Attribute" name="LODID" id="DE8A0637-EE47-5C7C-33F3-B8586D6E739A">
<createdBy>halaska</createdBy>
<createdTime>2011-11-11 16:58:04 UTC</createdTime>
<generatorID>67293E6D-D226-0F8F-4405-B0CF45154593</generatorID>
<ownerDesignName>plavebni-spolecnost</ownerDesignName>
<engineerTo>
<item key="A9C21EA9-AF03-3AAD-E1EB-019E62D24690" value="true"/>
</engineerTo>
<useDomainConstraints>false</useDomainConstraints>
<use>1</use>
<logicalDatatype>LOGDT019</logicalDatatype>
<dataTypePrecision>10</dataTypePrecision>
<dataTypeScale>0</dataTypeScale>
<comment>identifikator lod, pod ktery je lod evidovana</comment>
<commentInRDBMS>identifikator lod, pod ktery je lod evidovana</commentInRDBMS>
</Attribute>
<Attribute class="oracle.dbtools.crest.model.design.logical.Attribute" name="JMENOL" id="63785B72-488C-F6EC-4BF4-39B76E49CBFC">
<createdBy>halaska</createdBy>
<createdTime>2011-11-11 16:58:04 UTC</createdTime>
<generatorID>8BBC82DF-8F21-3022-5437-F79DF143FFEA</generatorID>
<ownerDesignName>plavebni-spolecnost</ownerDesignName>
<engineerTo>
<item key="A9C21EA9-AF03-3AAD-E1EB-019E62D24690" value="true"/>
</engineerTo>
<useDomainConstraints>false</useDomainConstraints>
<use>1</use>
<logicalDatatype>LOGDT024</logicalDatatype>
<dataTypeSize>20 BYTE</dataTypeSize>
<comment>jmeno lodi</comment>
<commentInRDBMS>jmeno lodi</commentInRDBMS>
</Attribute>
<Attribute class="oracle.dbtools.crest.model.design.logical.Attribute" name="LTYP" id="1074FBF4-47AB-A7F2-CD5D-0D60912E752E">
<createdBy>halaska</createdBy>
<createdTime>2011-11-11 16:58:04 UTC</createdTime>
<generatorID>94874F4F-3CE2-EACB-2496-E210A88000AD</generatorID>
<ownerDesignName>plavebni-spolecnost</ownerDesignName>
<engineerTo>
<item key="A9C21EA9-AF03-3AAD-E1EB-019E62D24690" value="true"/>
</engineerTo>
<nullsAllowed>true</nullsAllowed>
<useDomainConstraints>false</useDomainConstraints>
<use>1</use>
<logicalDatatype>LOGDT024</logicalDatatype>
<dataTypeSize>20</dataTypeSize>
<comment>typ lodi</comment>
</Attribute>
<Attribute class="oracle.dbtools.crest.model.design.logical.Attribute" name="BARVA" id="5203E4EC-B0E1-6FDF-BDBD-37783A188682">
<createdBy>halaska</createdBy>
<createdTime>2011-11-11 16:58:04 UTC</createdTime>
<generatorID>3F10F775-2E37-C6C0-0596-8DFBFA5AD71D</generatorID>
<ownerDesignName>plavebni-spolecnost</ownerDesignName>
<engineerTo>
<item key="A9C21EA9-AF03-3AAD-E1EB-019E62D24690" value="true"/>
</engineerTo>
<nullsAllowed>true</nullsAllowed>
<useDomainConstraints>false</useDomainConstraints>
<use>1</use>
<logicalDatatype>LOGDT024</logicalDatatype>
<dataTypeSize>20 BYTE</dataTypeSize>
<comment>barva lodi</comment>
<commentInRDBMS>barva lodi</commentInRDBMS>
</Attribute>
<Attribute class="oracle.dbtools.crest.model.design.logical.Attribute" name="POCET_MIST" id="72820951-78A8-E5E3-E26C-68274F59F89E">
<createdBy>halaska</createdBy>
<createdTime>2011-11-11 16:58:04 UTC</createdTime>
<generatorID>8FC93E6D-A562-62B0-73CC-219B795781B0</generatorID>
<ownerDesignName>plavebni-spolecnost</ownerDesignName>
<engineerTo>
<item key="A9C21EA9-AF03-3AAD-E1EB-019E62D24690" value="true"/>
</engineerTo>
<nullsAllowed>true</nullsAllowed>
<useDomainConstraints>false</useDomainConstraints>
<use>1</use>
<logicalDatatype>LOGDT019</logicalDatatype>
<commentInRDBMS>kapacita lodi</commentInRDBMS>
</Attribute>
<Attribute class="oracle.dbtools.crest.model.design.logical.Attribute" name="id_zazemi" id="E44222BB-6CFC-2B97-8D3A-1332C21FDA75">
<createdBy>Halaska</createdBy>
<createdTime>2012-12-02 20:06:20 UTC</createdTime>
<generatorID>D1B00DC0-9D56-C001-6B58-77CE3BCF18B0</generatorID>
<ownerDesignName>plavebni-spolecnost</ownerDesignName>
<engineerTo>
<item key="A9C21EA9-AF03-3AAD-E1EB-019E62D24690" value="true"/>
</engineerTo>
<nullsAllowed>true</nullsAllowed>
<referedAttribute>A6709193-2F49-2224-CB6A-7E252A79D096</referedAttribute>
<synonym>KOTVI_KDE</synonym>
<useDomainConstraints>false</useDomainConstraints>
<use>1</use>
<logicalDatatype>LOGDT019</logicalDatatype>
<dataTypePrecision>10</dataTypePrecision>
<dataTypeScale>0</dataTypeScale>
<comment>ve kterem pristavisti lod kotvi</comment>
<commentInRDBMS>ve kterem pristavisti lod kotvi</commentInRDBMS>
</Attribute>
</attributes>
<identifiers>
<identifier class="oracle.dbtools.crest.model.design.logical.CandidateKey" id="49201158-C165-B06A-376F-1EDA508D3719" name="LOD_PK">
<createdBy>halaska</createdBy>
<createdTime>2011-11-11 16:58:04 UTC</createdTime>
<generatorID>2F97727A-5714-3B7D-97D3-39CBF435B18D</generatorID>
<ownerDesignName>plavebni-spolecnost</ownerDesignName>
<engineerTo>
<item key="A9C21EA9-AF03-3AAD-E1EB-019E62D24690" value="true"/>
</engineerTo>
<pk>true</pk>
<usedAttributes>
<attributeRef>DE8A0637-EE47-5C7C-33F3-B8586D6E739A</attributeRef>
</usedAttributes>
</identifier>
<identifier class="oracle.dbtools.crest.model.design.logical.CandidateKey" id="0F0B7679-C1CF-FC3E-2497-E763D800A259" name="LOD_UK">
<createdBy>halaska</createdBy>
<createdTime>2011-11-11 16:58:04 UTC</createdTime>
<generatorID>77D6B071-2F60-0A17-C533-A7B68A6AD8C9</generatorID>
<ownerDesignName>plavebni-spolecnost</ownerDesignName>
<engineerTo>
<item key="A9C21EA9-AF03-3AAD-E1EB-019E62D24690" value="true"/>
</engineerTo>
<usedAttributes>
<attributeRef>63785B72-488C-F6EC-4BF4-39B76E49CBFC</attributeRef>
</usedAttributes>
</identifier>
</identifiers>
</Entity>