<?xml version = '1.0' encoding = 'UTF-8'?>
<Entity class="oracle.dbtools.crest.model.design.logical.Entity" id="624E323D-2076-4082-C947-43D10FDE191A" directorySegmentName="seg_0" name="kalendar_namornika">
<createdBy>Halaska</createdBy>
<createdTime>2013-01-03 10:59:49 UTC</createdTime>
<comment>kalendar namornika urcuje, kdy je namornik nasazen bud na pravidelny spoj, nebo na plavbu s pruvodce.</comment>
<commentInRDBMS>kalendar namornika urcuje, kdy je namornik nasazen bud na pravidelny spoj, nebo na plavbu s pruvodce.</commentInRDBMS>
<ownerDesignName>plavebni-spolecnost</ownerDesignName>
<shouldEngineer>false</shouldEngineer>
<engineerTo>
<item key="A9C21EA9-AF03-3AAD-E1EB-019E62D24690" value="false"/>
</engineerTo>
<pkName>kalendar_namornika PK</pkName>
<adequatelyNormalized>NO</adequatelyNormalized>
<expectedVolumes>0</expectedVolumes>
<fwdEngineeringStrategyName>Single Table</fwdEngineeringStrategyName>
<growthPercent>0</growthPercent>
<growthType>Year</growthType>
<maxVolumes>9999999</maxVolumes>
<minVolumes>0</minVolumes>
<normalForm>Third</normalForm>
<fonts>
<FontObject class="oracle.dbtools.crest.model.design.FontObjectWr">
<foType>Title</foType>
<fontStyle>1</fontStyle>
<colorRGB>-16776961</colorRGB>
</FontObject>
<FontObject class="oracle.dbtools.crest.model.design.FontObjectWr">
<foType>Attribute</foType>
<colorRGB>-16777216</colorRGB>
</FontObject>
<FontObject class="oracle.dbtools.crest.model.design.FontObjectWr">
<foType>Datatype</foType>
<colorRGB>-16744448</colorRGB>
</FontObject>
<FontObject class="oracle.dbtools.crest.model.design.FontObjectWr">
<foType>PK Element</foType>
<colorRGB>-16776961</colorRGB>
</FontObject>
<FontObject class="oracle.dbtools.crest.model.design.FontObjectWr">
<foType>FK Element</foType>
<colorRGB>-16777216</colorRGB>
</FontObject>
<FontObject class="oracle.dbtools.crest.model.design.FontObjectWr">
<foType>UK Element</foType>
<colorRGB>-16776961</colorRGB>
</FontObject>
<FontObject class="oracle.dbtools.crest.model.design.FontObjectWr">
<foType>Not Null</foType>
<colorRGB>-65536</colorRGB>
</FontObject>
<FontObject class="oracle.dbtools.crest.model.design.FontObjectWr">
<foType>Key</foType>
<colorRGB>-16777216</colorRGB>
</FontObject>
</fonts>
<attributes>
<Attribute class="oracle.dbtools.crest.model.design.logical.Attribute" name="NID" id="13C28C09-3983-4E20-A293-9B225F40493D">
<createdBy>Halaska</createdBy>
<createdTime>2013-01-03 11:01:43 UTC</createdTime>
<generatorID>4991A521-5EC7-2A72-1034-6D74378C6515</generatorID>
<ownerDesignName>plavebni-spolecnost</ownerDesignName>
<shouldEngineer>false</shouldEngineer>
<engineerTo>
<item key="A9C21EA9-AF03-3AAD-E1EB-019E62D24690" value="false"/>
</engineerTo>
<referedAttribute>E5696E9C-D279-B7C4-042C-EEE45F98B2F4</referedAttribute>
<useDomainConstraints>false</useDomainConstraints>
<use>1</use>
<logicalDatatype>LOGDT019</logicalDatatype>
<dataTypePrecision>10</dataTypePrecision>
<dataTypeScale>0</dataTypeScale>
<comment>kteremu namornikovi kalendar patri</comment>
<commentInRDBMS>kteremu namornikovi kalendar patri</commentInRDBMS>
</Attribute>
<Attribute class="oracle.dbtools.crest.model.design.logical.Attribute" name="Od" id="1C061803-656C-928E-11F0-E1102D8148D7">
<createdBy>Halaska</createdBy>
<createdTime>2013-01-03 11:00:03 UTC</createdTime>
<ownerDesignName>plavebni-spolecnost</ownerDesignName>
<shouldEngineer>false</shouldEngineer>
<engineerTo>
<item key="A9C21EA9-AF03-3AAD-E1EB-019E62D24690" value="false"/>
</engineerTo>
<useDomainConstraints>false</useDomainConstraints>
<use>1</use>
<logicalDatatype>LOGDT008</logicalDatatype>
<comment>den a cas, kdy nasazeni namornika zacina</comment>
<commentInRDBMS>den a cas, kdy nasazeni namornika zacina</commentInRDBMS>
</Attribute>
<Attribute class="oracle.dbtools.crest.model.design.logical.Attribute" name="do" id="6DB68DF7-BCEF-88FC-6B2E-B34F29CAE5AE">
<createdBy>Halaska</createdBy>
<createdTime>2013-01-03 11:00:51 UTC</createdTime>
<ownerDesignName>plavebni-spolecnost</ownerDesignName>
<shouldEngineer>false</shouldEngineer>
<engineerTo>
<item key="A9C21EA9-AF03-3AAD-E1EB-019E62D24690" value="false"/>
</engineerTo>
<useDomainConstraints>false</useDomainConstraints>
<use>1</use>
<logicalDatatype>LOGDT008</logicalDatatype>
<comment>den a cas, kdy nasazeni namornika konci</comment>
<commentInRDBMS>den a cas, kdy nasazeni namornika konci</commentInRDBMS>
</Attribute>
</attributes>
<identifiers>
<identifier class="oracle.dbtools.crest.model.design.logical.CandidateKey" id="8E49A6A6-96BA-FABF-7042-7B182604B022" name="kalendar_namornika PK">
<createdBy>Halaska</createdBy>
<createdTime>2013-01-03 11:00:18 UTC</createdTime>
<ownerDesignName>plavebni-spolecnost</ownerDesignName>
<shouldEngineer>false</shouldEngineer>
<engineerTo>
<item key="A9C21EA9-AF03-3AAD-E1EB-019E62D24690" value="false"/>
</engineerTo>
<pk>true</pk>
<usedAttributes>
<attributeRef>13C28C09-3983-4E20-A293-9B225F40493D</attributeRef>
<attributeRef>1C061803-656C-928E-11F0-E1102D8148D7</attributeRef>
<attributeRef>6DB68DF7-BCEF-88FC-6B2E-B34F29CAE5AE</attributeRef>
</usedAttributes>
</identifier>
</identifiers>
</Entity>