<?xml version = '1.0' encoding = 'UTF-8'?>
<Entity class="oracle.dbtools.crest.model.design.logical.Entity" id="6C0BDF12-A372-D51F-B6C3-AC9DC2466B92" directorySegmentName="seg_0" name="AUTOBUS">
<createdBy>Halaska</createdBy>
<createdTime>2012-12-02 18:34:32 UTC</createdTime>
<comment>evidence autobusu, kterymi spolecnost disponuje</comment>
<commentInRDBMS>evidence autobusu, kterymi spolecnost disponuje</commentInRDBMS>
<ownerDesignName>plavebni-spolecnost</ownerDesignName>
<shouldEngineer>false</shouldEngineer>
<engineerTo>
<item key="A9C21EA9-AF03-3AAD-E1EB-019E62D24690" value="false"/>
</engineerTo>
<pkName>autobus PK</pkName>
<adequatelyNormalized>NO</adequatelyNormalized>
<expectedVolumes>0</expectedVolumes>
<fwdEngineeringStrategyName>Single Table</fwdEngineeringStrategyName>
<growthPercent>0</growthPercent>
<growthType>Year</growthType>
<maxVolumes>9999999</maxVolumes>
<minVolumes>0</minVolumes>
<normalForm>Third</normalForm>
<fonts>
<FontObject class="oracle.dbtools.crest.model.design.FontObjectWr">
<foType>Title</foType>
<fontStyle>1</fontStyle>
<colorRGB>-16776961</colorRGB>
</FontObject>
<FontObject class="oracle.dbtools.crest.model.design.FontObjectWr">
<foType>Attribute</foType>
<colorRGB>-16777216</colorRGB>
</FontObject>
<FontObject class="oracle.dbtools.crest.model.design.FontObjectWr">
<foType>Datatype</foType>
<colorRGB>-16744448</colorRGB>
</FontObject>
<FontObject class="oracle.dbtools.crest.model.design.FontObjectWr">
<foType>PK Element</foType>
<colorRGB>-16776961</colorRGB>
</FontObject>
<FontObject class="oracle.dbtools.crest.model.design.FontObjectWr">
<foType>FK Element</foType>
<colorRGB>-16777216</colorRGB>
</FontObject>
<FontObject class="oracle.dbtools.crest.model.design.FontObjectWr">
<foType>UK Element</foType>
<colorRGB>-16776961</colorRGB>
</FontObject>
<FontObject class="oracle.dbtools.crest.model.design.FontObjectWr">
<foType>Not Null</foType>
<colorRGB>-65536</colorRGB>
</FontObject>
<FontObject class="oracle.dbtools.crest.model.design.FontObjectWr">
<foType>Key</foType>
<colorRGB>-16777216</colorRGB>
</FontObject>
</fonts>
<attributes>
<Attribute class="oracle.dbtools.crest.model.design.logical.Attribute" name="inv_cislo" id="FF8D3E2B-8CB4-ED5C-A7F8-8984BB9E1796">
<createdBy>Halaska</createdBy>
<createdTime>2012-12-02 18:34:45 UTC</createdTime>
<ownerDesignName>plavebni-spolecnost</ownerDesignName>
<shouldEngineer>false</shouldEngineer>
<engineerTo>
<item key="A9C21EA9-AF03-3AAD-E1EB-019E62D24690" value="false"/>
</engineerTo>
<useDomainConstraints>false</useDomainConstraints>
<use>1</use>
<logicalDatatype>LOGDT019</logicalDatatype>
<dataTypePrecision>10</dataTypePrecision>
<dataTypeScale>0</dataTypeScale>
</Attribute>
<Attribute class="oracle.dbtools.crest.model.design.logical.Attribute" name="SPZ" id="B840C0C2-60D6-27D1-4102-AA6C98E4BE5F">
<createdBy>Halaska</createdBy>
<createdTime>2012-12-02 18:34:59 UTC</createdTime>
<ownerDesignName>plavebni-spolecnost</ownerDesignName>
<shouldEngineer>false</shouldEngineer>
<engineerTo>
<item key="A9C21EA9-AF03-3AAD-E1EB-019E62D24690" value="false"/>
</engineerTo>
<nullsAllowed>true</nullsAllowed>
<useDomainConstraints>false</useDomainConstraints>
<use>1</use>
<logicalDatatype>LOGDT024</logicalDatatype>
<dataTypeSize>10</dataTypeSize>
<comment>statni poznavaci znacka autobusu</comment>
<commentInRDBMS>statni poznavaci znacka autobusu</commentInRDBMS>
</Attribute>
<Attribute class="oracle.dbtools.crest.model.design.logical.Attribute" name="pocet_mist" id="2C9CE762-2A55-9485-5AFE-8CE0D10A30AB">
<createdBy>Halaska</createdBy>
<createdTime>2012-12-02 18:35:19 UTC</createdTime>
<ownerDesignName>plavebni-spolecnost</ownerDesignName>
<shouldEngineer>false</shouldEngineer>
<engineerTo>
<item key="A9C21EA9-AF03-3AAD-E1EB-019E62D24690" value="false"/>
</engineerTo>
<nullsAllowed>true</nullsAllowed>
<useDomainConstraints>false</useDomainConstraints>
<use>1</use>
<logicalDatatype>LOGDT019</logicalDatatype>
<dataTypePrecision>3</dataTypePrecision>
<dataTypeScale>0</dataTypeScale>
<comment>pocet mist k sezeni v autobusu</comment>
<commentInRDBMS>pocet mist k sezeni v autobusu</commentInRDBMS>
</Attribute>
<Attribute class="oracle.dbtools.crest.model.design.logical.Attribute" name="datum_uvedeni_do_provozu" id="7AFE792B-BC51-44B6-F178-07D410D370EF">
<createdBy>Halaska</createdBy>
<createdTime>2012-12-02 18:44:35 UTC</createdTime>
<ownerDesignName>plavebni-spolecnost</ownerDesignName>
<shouldEngineer>false</shouldEngineer>
<engineerTo>
<item key="A9C21EA9-AF03-3AAD-E1EB-019E62D24690" value="false"/>
</engineerTo>
<useDomainConstraints>false</useDomainConstraints>
<use>1</use>
<logicalDatatype>LOGDT007</logicalDatatype>
<comment>datum uvedeni do provozu autobusu</comment>
<commentInRDBMS>datum uvedeni do provozu autobusu</commentInRDBMS>
</Attribute>
<Attribute class="oracle.dbtools.crest.model.design.logical.Attribute" name="porizovaci_cena" id="8417E581-D880-E784-64AE-1706D4551488">
<createdBy>Halaska</createdBy>
<createdTime>2012-12-02 18:45:09 UTC</createdTime>
<ownerDesignName>plavebni-spolecnost</ownerDesignName>
<shouldEngineer>false</shouldEngineer>
<engineerTo>
<item key="A9C21EA9-AF03-3AAD-E1EB-019E62D24690" value="false"/>
</engineerTo>
<nullsAllowed>true</nullsAllowed>
<useDomainConstraints>false</useDomainConstraints>
<use>1</use>
<logicalDatatype>LOGDT019</logicalDatatype>
<dataTypePrecision>8</dataTypePrecision>
<dataTypeScale>2</dataTypeScale>
<comment>porizovaci cena autobusu</comment>
<commentInRDBMS>porizovaci cena autobusu</commentInRDBMS>
</Attribute>
<Attribute class="oracle.dbtools.crest.model.design.logical.Attribute" name="id_zazemi" id="501C0A3B-46CC-9CD1-D7B6-2190BA355F58">
<createdBy>Halaska</createdBy>
<createdTime>2012-12-02 20:06:41 UTC</createdTime>
<generatorID>34470DA9-3308-B98A-237A-26D665FB84E9</generatorID>
<ownerDesignName>plavebni-spolecnost</ownerDesignName>
<shouldEngineer>false</shouldEngineer>
<engineerTo>
<item key="A9C21EA9-AF03-3AAD-E1EB-019E62D24690" value="false"/>
</engineerTo>
<referedAttribute>A6709193-2F49-2224-CB6A-7E252A79D096</referedAttribute>
<useDomainConstraints>false</useDomainConstraints>
<use>1</use>
<logicalDatatype>LOGDT019</logicalDatatype>
<dataTypePrecision>10</dataTypePrecision>
<dataTypeScale>0</dataTypeScale>
<comment>ve kterem depu autobus parkuje</comment>
<commentInRDBMS>ve kterem depu autobus parkuje</commentInRDBMS>
</Attribute>
</attributes>
<identifiers>
<identifier class="oracle.dbtools.crest.model.design.logical.CandidateKey" id="EE8CB796-9041-434D-FAAA-05458624457D" name="autobus PK">
<createdBy>Halaska</createdBy>
<createdTime>2012-12-02 18:34:58 UTC</createdTime>
<ownerDesignName>plavebni-spolecnost</ownerDesignName>
<shouldEngineer>false</shouldEngineer>
<engineerTo>
<item key="A9C21EA9-AF03-3AAD-E1EB-019E62D24690" value="false"/>
</engineerTo>
<pk>true</pk>
<usedAttributes>
<attributeRef>FF8D3E2B-8CB4-ED5C-A7F8-8984BB9E1796</attributeRef>
</usedAttributes>
</identifier>
<identifier class="oracle.dbtools.crest.model.design.logical.CandidateKey" id="64E51C69-5663-312C-8036-906E731E5A20" name="SPZ_UNQ">
<createdBy>Halaska</createdBy>
<createdTime>2013-09-11 12:57:42 UTC</createdTime>
<ownerDesignName>plavebni-spolecnost</ownerDesignName>
<shouldEngineer>false</shouldEngineer>
<engineerTo>
<item key="A9C21EA9-AF03-3AAD-E1EB-019E62D24690" value="false"/>
</engineerTo>
<usedAttributes>
<attributeRef>B840C0C2-60D6-27D1-4102-AA6C98E4BE5F</attributeRef>
</usedAttributes>
</identifier>
</identifiers>
</Entity>