<?xml version = '1.0' encoding = 'UTF-8'?>
<Entity class="oracle.dbtools.crest.model.design.logical.Entity" id="6E1F3F20-BADA-F1A1-9117-1ACB2EC6AF6F" directorySegmentName="seg_0" name="LINKA">
<createdBy>halaska</createdBy>
<createdTime>2011-11-11 16:58:04 UTC</createdTime>
<comment>Pravidelna autobusova, nebo lodni linka, kterou spolecnost poskytuje. </comment>
<commentInRDBMS>Pravidelna autobusova, nebo lodni linka, kterou spolecnost poskytuje. </commentInRDBMS>
<generatorID>057458EA-C8FF-6EB6-0E23-A2B4E70CFD9F</generatorID>
<ownerDesignName>plavebni-spolecnost</ownerDesignName>
<shouldEngineer>false</shouldEngineer>
<engineerTo>
<item key="A9C21EA9-AF03-3AAD-E1EB-019E62D24690" value="false"/>
</engineerTo>
<pkName>LINKA_PK</pkName>
<adequatelyNormalized>NO</adequatelyNormalized>
<expectedVolumes>0</expectedVolumes>
<fwdEngineeringStrategyName>Single Table</fwdEngineeringStrategyName>
<growthPercent>0</growthPercent>
<growthType>Year</growthType>
<maxVolumes>9999999</maxVolumes>
<minVolumes>0</minVolumes>
<normalForm>Third</normalForm>
<fonts>
<FontObject class="oracle.dbtools.crest.model.design.FontObjectWr">
<foType>Title</foType>
<fontStyle>1</fontStyle>
<colorRGB>-16776961</colorRGB>
</FontObject>
<FontObject class="oracle.dbtools.crest.model.design.FontObjectWr">
<foType>Attribute</foType>
<colorRGB>-16777216</colorRGB>
</FontObject>
<FontObject class="oracle.dbtools.crest.model.design.FontObjectWr">
<foType>Datatype</foType>
<colorRGB>-16744448</colorRGB>
</FontObject>
<FontObject class="oracle.dbtools.crest.model.design.FontObjectWr">
<foType>PK Element</foType>
<colorRGB>-16776961</colorRGB>
</FontObject>
<FontObject class="oracle.dbtools.crest.model.design.FontObjectWr">
<foType>FK Element</foType>
<colorRGB>-16777216</colorRGB>
</FontObject>
<FontObject class="oracle.dbtools.crest.model.design.FontObjectWr">
<foType>UK Element</foType>
<colorRGB>-16776961</colorRGB>
</FontObject>
<FontObject class="oracle.dbtools.crest.model.design.FontObjectWr">
<foType>Not Null</foType>
<colorRGB>-65536</colorRGB>
</FontObject>
<FontObject class="oracle.dbtools.crest.model.design.FontObjectWr">
<foType>Key</foType>
<colorRGB>-16777216</colorRGB>
</FontObject>
</fonts>
<attributes>
<Attribute class="oracle.dbtools.crest.model.design.logical.Attribute" name="LID" id="0AA005A9-21B0-A9FA-2BE2-01A1EB7F8F9E">
<createdBy>halaska</createdBy>
<createdTime>2011-11-11 16:58:04 UTC</createdTime>
<generatorID>009343EB-6B09-CC7B-C894-656406767BC2</generatorID>
<ownerDesignName>plavebni-spolecnost</ownerDesignName>
<shouldEngineer>false</shouldEngineer>
<engineerTo>
<item key="A9C21EA9-AF03-3AAD-E1EB-019E62D24690" value="false"/>
</engineerTo>
<useDomainConstraints>false</useDomainConstraints>
<use>1</use>
<logicalDatatype>LOGDT019</logicalDatatype>
<dataTypePrecision>10</dataTypePrecision>
<dataTypeScale>0</dataTypeScale>
<comment>evidencni cislo linky</comment>
<commentInRDBMS>evidencni cislo linky</commentInRDBMS>
</Attribute>
<Attribute class="oracle.dbtools.crest.model.design.logical.Attribute" name="STRT" id="B9714264-4979-B47E-48EF-F848808D116B">
<createdBy>halaska</createdBy>
<createdTime>2011-11-11 16:58:04 UTC</createdTime>
<generatorID>06593BF7-D531-3795-5BDA-06744818635E</generatorID>
<ownerDesignName>plavebni-spolecnost</ownerDesignName>
<shouldEngineer>false</shouldEngineer>
<engineerTo>
<item key="A9C21EA9-AF03-3AAD-E1EB-019E62D24690" value="false"/>
</engineerTo>
<nullsAllowed>true</nullsAllowed>
<useDomainConstraints>false</useDomainConstraints>
<use>1</use>
<logicalDatatype>LOGDT024</logicalDatatype>
<dataTypeSize>200 BYTE</dataTypeSize>
<comment>stanice, ve ktere linka startuje</comment>
<commentInRDBMS>stanice, ve ktere linka startuje</commentInRDBMS>
</Attribute>
<Attribute class="oracle.dbtools.crest.model.design.logical.Attribute" name="CIL" id="04E1857D-F107-0C8B-4A91-601299D499C7">
<createdBy>halaska</createdBy>
<createdTime>2011-11-11 16:58:04 UTC</createdTime>
<generatorID>FBDB1A0D-A29E-FD00-AD40-F6E642CE9C1D</generatorID>
<ownerDesignName>plavebni-spolecnost</ownerDesignName>
<shouldEngineer>false</shouldEngineer>
<engineerTo>
<item key="A9C21EA9-AF03-3AAD-E1EB-019E62D24690" value="false"/>
</engineerTo>
<nullsAllowed>true</nullsAllowed>
<useDomainConstraints>false</useDomainConstraints>
<use>1</use>
<logicalDatatype>LOGDT024</logicalDatatype>
<dataTypeSize>200 BYTE</dataTypeSize>
<comment>stanice, ve ktered linka konci</comment>
<commentInRDBMS>stanice, ve ktered linka konci</commentInRDBMS>
</Attribute>
</attributes>
<identifiers>
<identifier class="oracle.dbtools.crest.model.design.logical.CandidateKey" id="93596A7E-EA49-7359-46B7-6DF99D9F3FA5" name="LINKA_PK">
<createdBy>halaska</createdBy>
<createdTime>2011-11-11 16:58:04 UTC</createdTime>
<generatorID>578F8B8F-1433-98D9-7E93-1CBF15BCCA87</generatorID>
<ownerDesignName>plavebni-spolecnost</ownerDesignName>
<shouldEngineer>false</shouldEngineer>
<engineerTo>
<item key="A9C21EA9-AF03-3AAD-E1EB-019E62D24690" value="false"/>
</engineerTo>
<pk>true</pk>
<usedAttributes>
<attributeRef>0AA005A9-21B0-A9FA-2BE2-01A1EB7F8F9E</attributeRef>
</usedAttributes>
</identifier>
</identifiers>
</Entity>