<?xml version = '1.0' encoding = 'UTF-8'?>
<Entity class="oracle.dbtools.crest.model.design.logical.Entity" id="794D90C1-E93C-CC03-5EB5-38F334C34FF5" directorySegmentName="seg_0" name="pristaviste">
<createdBy>Halaska</createdBy>
<createdTime>2012-12-02 18:30:42 UTC</createdTime>
<ownerDesignName>plavebni-spolecnost</ownerDesignName>
<engineerTo>
<item key="A9C21EA9-AF03-3AAD-E1EB-019E62D24690" value="true"/>
</engineerTo>
<pkName>pristaviste PK</pkName>
<adequatelyNormalized>NO</adequatelyNormalized>
<expectedVolumes>0</expectedVolumes>
<fwdEngineeringStrategyName>Single Table</fwdEngineeringStrategyName>
<growthPercent>0</growthPercent>
<growthType>Year</growthType>
<hierarchicalParent>A8406EB5-89CB-FBFF-2FAD-50A8623AACE8</hierarchicalParent>
<maxVolumes>9999999</maxVolumes>
<minVolumes>0</minVolumes>
<normalForm>Third</normalForm>
<fonts>
<FontObject class="oracle.dbtools.crest.model.design.FontObjectWr">
<foType>Title</foType>
<fontStyle>1</fontStyle>
<colorRGB>-16776961</colorRGB>
</FontObject>
<FontObject class="oracle.dbtools.crest.model.design.FontObjectWr">
<foType>Attribute</foType>
<colorRGB>-16777216</colorRGB>
</FontObject>
<FontObject class="oracle.dbtools.crest.model.design.FontObjectWr">
<foType>Datatype</foType>
<colorRGB>-16744448</colorRGB>
</FontObject>
<FontObject class="oracle.dbtools.crest.model.design.FontObjectWr">
<foType>PK Element</foType>
<colorRGB>-16776961</colorRGB>
</FontObject>
<FontObject class="oracle.dbtools.crest.model.design.FontObjectWr">
<foType>FK Element</foType>
<colorRGB>-16777216</colorRGB>
</FontObject>
<FontObject class="oracle.dbtools.crest.model.design.FontObjectWr">
<foType>UK Element</foType>
<colorRGB>-16776961</colorRGB>
</FontObject>
<FontObject class="oracle.dbtools.crest.model.design.FontObjectWr">
<foType>Not Null</foType>
<colorRGB>-65536</colorRGB>
</FontObject>
<FontObject class="oracle.dbtools.crest.model.design.FontObjectWr">
<foType>Key</foType>
<colorRGB>-16777216</colorRGB>
</FontObject>
</fonts>
<attributes>
<Attribute class="oracle.dbtools.crest.model.design.logical.Attribute" name="pocet_opravnych_doku" id="FE9E6C1F-1276-D37C-D81E-933697D5C2BB">
<createdBy>Halaska</createdBy>
<createdTime>2012-12-02 18:31:43 UTC</createdTime>
<ownerDesignName>plavebni-spolecnost</ownerDesignName>
<engineerTo>
<item key="A9C21EA9-AF03-3AAD-E1EB-019E62D24690" value="true"/>
</engineerTo>
<nullsAllowed>true</nullsAllowed>
<useDomainConstraints>false</useDomainConstraints>
<use>1</use>
<logicalDatatype>LOGDT011</logicalDatatype>
<comment>pocet doku, ve ktery lze provadet opravy lodi</comment>
<commentInRDBMS>pocet doku, ve ktery lze provadet opravy lodi</commentInRDBMS>
</Attribute>
<Attribute class="oracle.dbtools.crest.model.design.logical.Attribute" name="pocet_kotvist" id="98F5E815-23F1-36D6-8D3F-8A0D9BFC626A">
<createdBy>Halaska</createdBy>
<createdTime>2012-12-02 18:32:00 UTC</createdTime>
<ownerDesignName>plavebni-spolecnost</ownerDesignName>
<engineerTo>
<item key="A9C21EA9-AF03-3AAD-E1EB-019E62D24690" value="true"/>
</engineerTo>
<useDomainConstraints>false</useDomainConstraints>
<use>1</use>
<logicalDatatype>LOGDT011</logicalDatatype>
<comment>kapacita pristaviste, kolik ma kotvist</comment>
<commentInRDBMS>kapacita pristaviste, kolik ma kotvist</commentInRDBMS>
</Attribute>
</attributes>
</Entity>