<?xml version = '1.0' encoding = 'UTF-8'?>
<Entity class="oracle.dbtools.crest.model.design.logical.Entity" id="BFD3142E-D1A2-636D-C7FD-964BFFCB9C0D" directorySegmentName="seg_0" name="POKRYTI">
<createdBy>Halaska</createdBy>
<createdTime>2013-09-11 12:40:17 UTC</createdTime>
<comment>vztahovy typ entity, ktery urcuje, ktery dopravni prostredek a ktery namornik jsou nasazeni na pravidelny spoj. Dopravnim prostredkem je lod, nebo autobus.</comment>
<commentInRDBMS>vztahovy typ entity, ktery urcuje, ktery dopravni prostredek a ktery namornik jsou nasazeni na pravidelny spoj. Dopravnim prostredkem je lod, nebo autobus.</commentInRDBMS>
<ownerDesignName>plavebni-spolecnost</ownerDesignName>
<shouldEngineer>false</shouldEngineer>
<engineerTo>
<item key="A9C21EA9-AF03-3AAD-E1EB-019E62D24690" value="false"/>
</engineerTo>
<pkName>POKRYTO_PK</pkName>
<adequatelyNormalized>NO</adequatelyNormalized>
<expectedVolumes>0</expectedVolumes>
<fwdEngineeringStrategyName>Single Table</fwdEngineeringStrategyName>
<growthPercent>0</growthPercent>
<growthType>Year</growthType>
<maxVolumes>9999999</maxVolumes>
<minVolumes>0</minVolumes>
<normalForm>Third</normalForm>
<fonts>
<FontObject class="oracle.dbtools.crest.model.design.FontObjectWr">
<foType>Title</foType>
<fontStyle>1</fontStyle>
<colorRGB>-16776961</colorRGB>
</FontObject>
<FontObject class="oracle.dbtools.crest.model.design.FontObjectWr">
<foType>Attribute</foType>
<colorRGB>-16777216</colorRGB>
</FontObject>
<FontObject class="oracle.dbtools.crest.model.design.FontObjectWr">
<foType>Datatype</foType>
<colorRGB>-16744448</colorRGB>
</FontObject>
<FontObject class="oracle.dbtools.crest.model.design.FontObjectWr">
<foType>PK Element</foType>
<colorRGB>-16776961</colorRGB>
</FontObject>
<FontObject class="oracle.dbtools.crest.model.design.FontObjectWr">
<foType>FK Element</foType>
<colorRGB>-16777216</colorRGB>
</FontObject>
<FontObject class="oracle.dbtools.crest.model.design.FontObjectWr">
<foType>UK Element</foType>
<colorRGB>-16776961</colorRGB>
</FontObject>
<FontObject class="oracle.dbtools.crest.model.design.FontObjectWr">
<foType>Not Null</foType>
<colorRGB>-65536</colorRGB>
</FontObject>
<FontObject class="oracle.dbtools.crest.model.design.FontObjectWr">
<foType>Key</foType>
<colorRGB>-16777216</colorRGB>
</FontObject>
</fonts>
<attributes>
<Attribute class="oracle.dbtools.crest.model.design.logical.Attribute" name="datum_pokryti" id="89C8801E-03F4-2D0C-0CBD-4DC0ABEE930A">
<createdBy>Halaska</createdBy>
<createdTime>2013-09-11 12:40:17 UTC</createdTime>
<ownerDesignName>plavebni-spolecnost</ownerDesignName>
<shouldEngineer>false</shouldEngineer>
<engineerTo>
<item key="A9C21EA9-AF03-3AAD-E1EB-019E62D24690" value="false"/>
</engineerTo>
<useDomainConstraints>false</useDomainConstraints>
<use>1</use>
<logicalDatatype>LOGDT007</logicalDatatype>
<comment>datum, kdy dochazi k pokryti pravidelneho spoje</comment>
<commentInRDBMS>datum, kdy dochazi k pokryti pravidelneho spoje</commentInRDBMS>
</Attribute>
<Attribute class="oracle.dbtools.crest.model.design.logical.Attribute" name="LODID" id="69197ED6-C4D3-FDFA-CDDE-FD157923504B">
<createdBy>Halaska</createdBy>
<createdTime>2013-09-11 12:42:02 UTC</createdTime>
<generatorID>1E7EEE1A-C1EF-A720-7AD9-B04F414CC874</generatorID>
<ownerDesignName>plavebni-spolecnost</ownerDesignName>
<shouldEngineer>false</shouldEngineer>
<engineerTo>
<item key="A9C21EA9-AF03-3AAD-E1EB-019E62D24690" value="false"/>
</engineerTo>
<nullsAllowed>true</nullsAllowed>
<referedAttribute>DE8A0637-EE47-5C7C-33F3-B8586D6E739A</referedAttribute>
<useDomainConstraints>false</useDomainConstraints>
<use>1</use>
<logicalDatatype>LOGDT019</logicalDatatype>
<dataTypePrecision>10</dataTypePrecision>
<dataTypeScale>0</dataTypeScale>
<comment>spoj je pokryt lodi</comment>
<commentInRDBMS>spoj je pokryt lodi</commentInRDBMS>
</Attribute>
<Attribute class="oracle.dbtools.crest.model.design.logical.Attribute" name="inv_cislo" id="36E6F00B-2FE3-ABE4-C615-F594C6C3F58F">
<createdBy>Halaska</createdBy>
<createdTime>2013-09-11 12:42:41 UTC</createdTime>
<generatorID>AF2188EF-6654-5127-7CB2-BABBDA5D482E</generatorID>
<ownerDesignName>plavebni-spolecnost</ownerDesignName>
<shouldEngineer>false</shouldEngineer>
<engineerTo>
<item key="A9C21EA9-AF03-3AAD-E1EB-019E62D24690" value="false"/>
</engineerTo>
<nullsAllowed>true</nullsAllowed>
<referedAttribute>FF8D3E2B-8CB4-ED5C-A7F8-8984BB9E1796</referedAttribute>
<useDomainConstraints>false</useDomainConstraints>
<use>1</use>
<logicalDatatype>LOGDT019</logicalDatatype>
<dataTypePrecision>10</dataTypePrecision>
<dataTypeScale>0</dataTypeScale>
<comment>spoj je pokryt busem</comment>
<commentInRDBMS>spoj je pokryt busem</commentInRDBMS>
</Attribute>
<Attribute class="oracle.dbtools.crest.model.design.logical.Attribute" name="NID" id="B01395A7-EC68-AF34-BF76-3995CEE1F6D4">
<createdBy>Halaska</createdBy>
<createdTime>2013-09-11 12:43:21 UTC</createdTime>
<generatorID>A7EFB017-8A1C-869F-B816-5BB3BE00ADEF</generatorID>
<ownerDesignName>plavebni-spolecnost</ownerDesignName>
<shouldEngineer>false</shouldEngineer>
<engineerTo>
<item key="A9C21EA9-AF03-3AAD-E1EB-019E62D24690" value="false"/>
</engineerTo>
<nullsAllowed>true</nullsAllowed>
<referedAttribute>13C28C09-3983-4E20-A293-9B225F40493D</referedAttribute>
<useDomainConstraints>false</useDomainConstraints>
<use>1</use>
<logicalDatatype>LOGDT019</logicalDatatype>
<dataTypePrecision>10</dataTypePrecision>
<dataTypeScale>0</dataTypeScale>
<comment>kteremu namornikovi kalendar patri</comment>
</Attribute>
<Attribute class="oracle.dbtools.crest.model.design.logical.Attribute" name="Od" id="98DB5EB0-57E5-50F9-37BA-003D812CD3EC">
<createdBy>Halaska</createdBy>
<createdTime>2013-09-11 12:43:21 UTC</createdTime>
<generatorID>A7EFB017-8A1C-869F-B816-5BB3BE00ADEF</generatorID>
<ownerDesignName>plavebni-spolecnost</ownerDesignName>
<shouldEngineer>false</shouldEngineer>
<engineerTo>
<item key="A9C21EA9-AF03-3AAD-E1EB-019E62D24690" value="false"/>
</engineerTo>
<nullsAllowed>true</nullsAllowed>
<referedAttribute>1C061803-656C-928E-11F0-E1102D8148D7</referedAttribute>
<useDomainConstraints>false</useDomainConstraints>
<use>1</use>
<logicalDatatype>LOGDT008</logicalDatatype>
<comment>den a cas, kdy nasazeni namornika zacina</comment>
</Attribute>
<Attribute class="oracle.dbtools.crest.model.design.logical.Attribute" name="do" id="68483413-4EFB-E288-3CB4-61C042D6F8D5">
<createdBy>Halaska</createdBy>
<createdTime>2013-09-11 12:43:21 UTC</createdTime>
<generatorID>A7EFB017-8A1C-869F-B816-5BB3BE00ADEF</generatorID>
<ownerDesignName>plavebni-spolecnost</ownerDesignName>
<shouldEngineer>false</shouldEngineer>
<engineerTo>
<item key="A9C21EA9-AF03-3AAD-E1EB-019E62D24690" value="false"/>
</engineerTo>
<nullsAllowed>true</nullsAllowed>
<referedAttribute>6DB68DF7-BCEF-88FC-6B2E-B34F29CAE5AE</referedAttribute>
<useDomainConstraints>false</useDomainConstraints>
<use>1</use>
<logicalDatatype>LOGDT008</logicalDatatype>
<comment>den a cas, kdy nasazeni namornika konci</comment>
</Attribute>
<Attribute class="oracle.dbtools.crest.model.design.logical.Attribute" name="LID" id="8FC13B51-4966-F0F8-CD8A-91B451EDF1E6">
<createdBy>Halaska</createdBy>
<createdTime>2013-09-11 12:45:20 UTC</createdTime>
<generatorID>AB859FF3-CEAC-D13A-CBAC-62D48D4DF1FF</generatorID>
<ownerDesignName>plavebni-spolecnost</ownerDesignName>
<shouldEngineer>false</shouldEngineer>
<engineerTo>
<item key="A9C21EA9-AF03-3AAD-E1EB-019E62D24690" value="false"/>
</engineerTo>
<referedAttribute>789B6403-04D2-A720-4ED6-50429575CDC7</referedAttribute>
<useDomainConstraints>false</useDomainConstraints>
<use>1</use>
<logicalDatatype>LOGDT019</logicalDatatype>
<dataTypePrecision>10</dataTypePrecision>
<dataTypeScale>0</dataTypeScale>
<comment>na kterou linku spoj patri</comment>
</Attribute>
<Attribute class="oracle.dbtools.crest.model.design.logical.Attribute" name="SPID" id="0D1DC816-1E51-6D4D-81C0-3C1BEB4830A7">
<createdBy>Halaska</createdBy>
<createdTime>2013-09-11 12:45:20 UTC</createdTime>
<generatorID>AB859FF3-CEAC-D13A-CBAC-62D48D4DF1FF</generatorID>
<ownerDesignName>plavebni-spolecnost</ownerDesignName>
<shouldEngineer>false</shouldEngineer>
<engineerTo>
<item key="A9C21EA9-AF03-3AAD-E1EB-019E62D24690" value="false"/>
</engineerTo>
<referedAttribute>3FBCDF15-D96E-F937-B002-8EA1E13DEFBA</referedAttribute>
<useDomainConstraints>false</useDomainConstraints>
<use>1</use>
<logicalDatatype>LOGDT019</logicalDatatype>
<dataTypePrecision>10</dataTypePrecision>
<dataTypeScale>0</dataTypeScale>
<comment>cislo spoje</comment>
</Attribute>
</attributes>
<identifiers>
<identifier class="oracle.dbtools.crest.model.design.logical.CandidateKey" id="D3A88080-9F55-64EB-C528-88A10BE8B9BE" name="POKRYTO_PK">
<createdBy>Halaska</createdBy>
<createdTime>2013-09-11 12:40:17 UTC</createdTime>
<ownerDesignName>plavebni-spolecnost</ownerDesignName>
<shouldEngineer>false</shouldEngineer>
<engineerTo>
<item key="A9C21EA9-AF03-3AAD-E1EB-019E62D24690" value="false"/>
</engineerTo>
<pk>true</pk>
<usedAttributes>
<attributeRef>89C8801E-03F4-2D0C-0CBD-4DC0ABEE930A</attributeRef>
<attributeRef>8FC13B51-4966-F0F8-CD8A-91B451EDF1E6</attributeRef>
<attributeRef>0D1DC816-1E51-6D4D-81C0-3C1BEB4830A7</attributeRef>
</usedAttributes>
</identifier>
</identifiers>
</Entity>