<?xml version = '1.0' encoding = 'UTF-8'?>
<Entity class="oracle.dbtools.crest.model.design.logical.Entity" id="C948D06C-3205-1699-B373-D7B23DC214B3" directorySegmentName="seg_0" name="PLAVBA_S_PRUVODCEM">
<createdBy>Halaska</createdBy>
<createdTime>2013-09-11 12:12:12 UTC</createdTime>
<comment>kniha plaveb s pruvodcem pro daneho zakaznika. Plavna zacina v dany den a cas a konci v dany den a cas</comment>
<commentInRDBMS>kniha plaveb s pruvodcem pro daneho zakaznika. Plavna zacina v dany den a cas a konci v dany den a cas</commentInRDBMS>
<ownerDesignName>plavebni-spolecnost</ownerDesignName>
<shouldEngineer>false</shouldEngineer>
<engineerTo>
<item key="A9C21EA9-AF03-3AAD-E1EB-019E62D24690" value="false"/>
</engineerTo>
<pkName>PLAVBA_VEDENA_PK</pkName>
<adequatelyNormalized>NO</adequatelyNormalized>
<expectedVolumes>0</expectedVolumes>
<fwdEngineeringStrategyName>Single Table</fwdEngineeringStrategyName>
<growthPercent>0</growthPercent>
<growthType>Year</growthType>
<maxVolumes>9999999</maxVolumes>
<minVolumes>0</minVolumes>
<normalForm>Third</normalForm>
<fonts>
<FontObject class="oracle.dbtools.crest.model.design.FontObjectWr">
<foType>Title</foType>
<fontStyle>1</fontStyle>
<colorRGB>-16776961</colorRGB>
</FontObject>
<FontObject class="oracle.dbtools.crest.model.design.FontObjectWr">
<foType>Attribute</foType>
<colorRGB>-16777216</colorRGB>
</FontObject>
<FontObject class="oracle.dbtools.crest.model.design.FontObjectWr">
<foType>Datatype</foType>
<colorRGB>-16744448</colorRGB>
</FontObject>
<FontObject class="oracle.dbtools.crest.model.design.FontObjectWr">
<foType>PK Element</foType>
<colorRGB>-16776961</colorRGB>
</FontObject>
<FontObject class="oracle.dbtools.crest.model.design.FontObjectWr">
<foType>FK Element</foType>
<colorRGB>-16777216</colorRGB>
</FontObject>
<FontObject class="oracle.dbtools.crest.model.design.FontObjectWr">
<foType>UK Element</foType>
<colorRGB>-16776961</colorRGB>
</FontObject>
<FontObject class="oracle.dbtools.crest.model.design.FontObjectWr">
<foType>Not Null</foType>
<colorRGB>-65536</colorRGB>
</FontObject>
<FontObject class="oracle.dbtools.crest.model.design.FontObjectWr">
<foType>Key</foType>
<colorRGB>-16777216</colorRGB>
</FontObject>
</fonts>
<attributes>
<Attribute class="oracle.dbtools.crest.model.design.logical.Attribute" name="NID" id="5C9DB30F-F1E3-2A3F-339E-31664AD873B4">
<createdBy>Halaska</createdBy>
<createdTime>2013-09-11 12:14:17 UTC</createdTime>
<generatorID>E2651FCB-A68D-75A7-5ABA-ED9CEFC04AED</generatorID>
<ownerDesignName>plavebni-spolecnost</ownerDesignName>
<shouldEngineer>false</shouldEngineer>
<engineerTo>
<item key="A9C21EA9-AF03-3AAD-E1EB-019E62D24690" value="false"/>
</engineerTo>
<referedAttribute>13C28C09-3983-4E20-A293-9B225F40493D</referedAttribute>
<useDomainConstraints>false</useDomainConstraints>
<use>1</use>
<logicalDatatype>LOGDT019</logicalDatatype>
<dataTypePrecision>10</dataTypePrecision>
<dataTypeScale>0</dataTypeScale>
<comment>kteremu namornikovi kalendar patri</comment>
</Attribute>
<Attribute class="oracle.dbtools.crest.model.design.logical.Attribute" name="Od" id="E3BEF7EE-F8D4-BF8F-DBD9-7F13E5FBED96">
<createdBy>Halaska</createdBy>
<createdTime>2013-09-11 12:14:17 UTC</createdTime>
<generatorID>E2651FCB-A68D-75A7-5ABA-ED9CEFC04AED</generatorID>
<ownerDesignName>plavebni-spolecnost</ownerDesignName>
<shouldEngineer>false</shouldEngineer>
<engineerTo>
<item key="A9C21EA9-AF03-3AAD-E1EB-019E62D24690" value="false"/>
</engineerTo>
<referedAttribute>1C061803-656C-928E-11F0-E1102D8148D7</referedAttribute>
<useDomainConstraints>false</useDomainConstraints>
<use>1</use>
<logicalDatatype>LOGDT008</logicalDatatype>
<comment>den a cas, kdy nasazeni namornika zacina</comment>
</Attribute>
<Attribute class="oracle.dbtools.crest.model.design.logical.Attribute" name="do" id="7362216F-09C7-DEB7-C03B-978D2DE4E45E">
<createdBy>Halaska</createdBy>
<createdTime>2013-09-11 12:14:17 UTC</createdTime>
<generatorID>E2651FCB-A68D-75A7-5ABA-ED9CEFC04AED</generatorID>
<ownerDesignName>plavebni-spolecnost</ownerDesignName>
<shouldEngineer>false</shouldEngineer>
<engineerTo>
<item key="A9C21EA9-AF03-3AAD-E1EB-019E62D24690" value="false"/>
</engineerTo>
<referedAttribute>6DB68DF7-BCEF-88FC-6B2E-B34F29CAE5AE</referedAttribute>
<useDomainConstraints>false</useDomainConstraints>
<use>1</use>
<logicalDatatype>LOGDT008</logicalDatatype>
<comment>den a cas, kdy nasazeni namornika konci</comment>
</Attribute>
<Attribute class="oracle.dbtools.crest.model.design.logical.Attribute" name="LODID" id="FAB3B287-58C2-D2C5-01C6-CA699A468573">
<createdBy>Halaska</createdBy>
<createdTime>2013-09-11 12:15:13 UTC</createdTime>
<generatorID>0470AA3D-0F3B-0859-63DA-5E370D2ED597</generatorID>
<ownerDesignName>plavebni-spolecnost</ownerDesignName>
<shouldEngineer>false</shouldEngineer>
<engineerTo>
<item key="A9C21EA9-AF03-3AAD-E1EB-019E62D24690" value="false"/>
</engineerTo>
<referedAttribute>DE8A0637-EE47-5C7C-33F3-B8586D6E739A</referedAttribute>
<synonym>ID_LOD</synonym>
<useDomainConstraints>false</useDomainConstraints>
<use>1</use>
<logicalDatatype>LOGDT019</logicalDatatype>
<dataTypePrecision>10</dataTypePrecision>
<dataTypeScale>0</dataTypeScale>
<comment>identifikator lod, pod ktery je lod evidovana</comment>
</Attribute>
<Attribute class="oracle.dbtools.crest.model.design.logical.Attribute" name="ZID" id="441CA71D-0AAE-44EF-D94C-12FE4FB9AB32">
<createdBy>Halaska</createdBy>
<createdTime>2013-09-11 16:46:58 UTC</createdTime>
<generatorID>724ABF60-0850-47CB-10E7-6CF1347AFF74</generatorID>
<ownerDesignName>plavebni-spolecnost</ownerDesignName>
<shouldEngineer>false</shouldEngineer>
<engineerTo>
<item key="A9C21EA9-AF03-3AAD-E1EB-019E62D24690" value="false"/>
</engineerTo>
<referedAttribute>3AC52280-34B6-C508-8A69-EA1FE3D8DB38</referedAttribute>
<useDomainConstraints>false</useDomainConstraints>
<use>1</use>
<logicalDatatype>LOGDT019</logicalDatatype>
<dataTypePrecision>10</dataTypePrecision>
<dataTypeScale>0</dataTypeScale>
<comment>identifikator zakaznika</comment>
</Attribute>
</attributes>
<identifiers>
<identifier class="oracle.dbtools.crest.model.design.logical.CandidateKey" id="F3175AF0-3E40-E196-F9AE-03E1E14DEFE7" name="PLAVBA_VEDENA_PK">
<createdBy>Halaska</createdBy>
<createdTime>2013-09-11 12:12:12 UTC</createdTime>
<ownerDesignName>plavebni-spolecnost</ownerDesignName>
<shouldEngineer>false</shouldEngineer>
<engineerTo>
<item key="A9C21EA9-AF03-3AAD-E1EB-019E62D24690" value="false"/>
</engineerTo>
<pk>true</pk>
<usedAttributes>
<attributeRef>5C9DB30F-F1E3-2A3F-339E-31664AD873B4</attributeRef>
<attributeRef>E3BEF7EE-F8D4-BF8F-DBD9-7F13E5FBED96</attributeRef>
<attributeRef>7362216F-09C7-DEB7-C03B-978D2DE4E45E</attributeRef>
<attributeRef>FAB3B287-58C2-D2C5-01C6-CA699A468573</attributeRef>
<attributeRef>441CA71D-0AAE-44EF-D94C-12FE4FB9AB32</attributeRef>
</usedAttributes>
</identifier>
</identifiers>
</Entity>