<?xml version = '1.0' encoding = 'UTF-8'?>
<Entity class="oracle.dbtools.crest.model.design.logical.Entity" id="CE8A9D78-8A2C-B74F-B372-29F3B1B3A29A" directorySegmentName="seg_0" name="SPOJ">
<createdBy>halaska</createdBy>
<createdTime>2011-11-11 16:58:04 UTC</createdTime>
<comment>na kazde lince je v dany den nekolik spoju, ktere vyjizdeji v dany cas</comment>
<commentInRDBMS>na kazde lince je v dany den nekolik spoju, ktere vyjizdeji v dany cas</commentInRDBMS>
<generatorID>ADB2055D-2F64-3AD8-80F9-6696F9680A68</generatorID>
<ownerDesignName>plavebni-spolecnost</ownerDesignName>
<shouldEngineer>false</shouldEngineer>
<engineerTo>
<item key="A9C21EA9-AF03-3AAD-E1EB-019E62D24690" value="false"/>
</engineerTo>
<pkName>SPOJ_LID_SPID_PK</pkName>
<adequatelyNormalized>NO</adequatelyNormalized>
<expectedVolumes>0</expectedVolumes>
<fwdEngineeringStrategyName>Single Table</fwdEngineeringStrategyName>
<growthPercent>0</growthPercent>
<growthType>Year</growthType>
<maxVolumes>9999999</maxVolumes>
<minVolumes>0</minVolumes>
<normalForm>Third</normalForm>
<fonts>
<FontObject class="oracle.dbtools.crest.model.design.FontObjectWr">
<foType>Title</foType>
<fontStyle>1</fontStyle>
<colorRGB>-16776961</colorRGB>
</FontObject>
<FontObject class="oracle.dbtools.crest.model.design.FontObjectWr">
<foType>Attribute</foType>
<colorRGB>-16777216</colorRGB>
</FontObject>
<FontObject class="oracle.dbtools.crest.model.design.FontObjectWr">
<foType>Datatype</foType>
<colorRGB>-16744448</colorRGB>
</FontObject>
<FontObject class="oracle.dbtools.crest.model.design.FontObjectWr">
<foType>PK Element</foType>
<colorRGB>-16776961</colorRGB>
</FontObject>
<FontObject class="oracle.dbtools.crest.model.design.FontObjectWr">
<foType>FK Element</foType>
<colorRGB>-16777216</colorRGB>
</FontObject>
<FontObject class="oracle.dbtools.crest.model.design.FontObjectWr">
<foType>UK Element</foType>
<colorRGB>-16776961</colorRGB>
</FontObject>
<FontObject class="oracle.dbtools.crest.model.design.FontObjectWr">
<foType>Not Null</foType>
<colorRGB>-65536</colorRGB>
</FontObject>
<FontObject class="oracle.dbtools.crest.model.design.FontObjectWr">
<foType>Key</foType>
<colorRGB>-16777216</colorRGB>
</FontObject>
</fonts>
<attributes>
<Attribute class="oracle.dbtools.crest.model.design.logical.Attribute" name="LID" id="789B6403-04D2-A720-4ED6-50429575CDC7">
<createdBy>halaska</createdBy>
<createdTime>2011-11-11 16:58:04 UTC</createdTime>
<generatorID>50C7BF11-3271-98C7-FEF9-0A9B18AE9379</generatorID>
<ownerDesignName>plavebni-spolecnost</ownerDesignName>
<shouldEngineer>false</shouldEngineer>
<engineerTo>
<item key="A9C21EA9-AF03-3AAD-E1EB-019E62D24690" value="false"/>
</engineerTo>
<referedAttribute>0AA005A9-21B0-A9FA-2BE2-01A1EB7F8F9E</referedAttribute>
<useDomainConstraints>false</useDomainConstraints>
<use>1</use>
<logicalDatatype>LOGDT019</logicalDatatype>
<dataTypePrecision>10</dataTypePrecision>
<dataTypeScale>0</dataTypeScale>
<comment>na kterou linku spoj patri</comment>
<commentInRDBMS>na kterou linku spoj patri</commentInRDBMS>
<propertyMap>
<property name="refers.attribute" value="0AA005A9-21B0-A9FA-2BE2-01A1EB7F8F9E"/>
</propertyMap>
</Attribute>
<Attribute class="oracle.dbtools.crest.model.design.logical.Attribute" name="SPID" id="3FBCDF15-D96E-F937-B002-8EA1E13DEFBA">
<createdBy>halaska</createdBy>
<createdTime>2011-11-11 16:58:04 UTC</createdTime>
<generatorID>C1CC5DE5-F608-81B4-693C-465571AA5F49</generatorID>
<ownerDesignName>plavebni-spolecnost</ownerDesignName>
<shouldEngineer>false</shouldEngineer>
<engineerTo>
<item key="A9C21EA9-AF03-3AAD-E1EB-019E62D24690" value="false"/>
</engineerTo>
<useDomainConstraints>false</useDomainConstraints>
<use>1</use>
<logicalDatatype>LOGDT019</logicalDatatype>
<dataTypePrecision>10</dataTypePrecision>
<dataTypeScale>0</dataTypeScale>
<comment>cislo spoje</comment>
<commentInRDBMS>cislo spoje</commentInRDBMS>
</Attribute>
<Attribute class="oracle.dbtools.crest.model.design.logical.Attribute" name="SCAS" id="7D59F42C-4E36-4418-64A9-92EF643F6FE2">
<createdBy>halaska</createdBy>
<createdTime>2011-11-11 16:58:04 UTC</createdTime>
<generatorID>A9289C64-C526-1A2B-B1B4-A99AB488D63F</generatorID>
<ownerDesignName>plavebni-spolecnost</ownerDesignName>
<shouldEngineer>false</shouldEngineer>
<engineerTo>
<item key="A9C21EA9-AF03-3AAD-E1EB-019E62D24690" value="false"/>
</engineerTo>
<nullsAllowed>true</nullsAllowed>
<useDomainConstraints>false</useDomainConstraints>
<use>1</use>
<logicalDatatype>LOGDT049</logicalDatatype>
<comment>cas v danem dni, kdy spoj vyjizdi na danou linku</comment>
<commentInRDBMS>cas v danem dni, kdy spoj vyjizdi na danou linku</commentInRDBMS>
</Attribute>
</attributes>
<identifiers>
<identifier class="oracle.dbtools.crest.model.design.logical.CandidateKey" id="D2B74C20-7A9F-06BB-F23E-560EDC093E5F" name="SPOJ_LID_SPID_PK">
<createdBy>halaska</createdBy>
<createdTime>2011-11-11 16:58:04 UTC</createdTime>
<generatorID>1ADE8F26-9A08-535E-0A04-FFBA1217C117</generatorID>
<ownerDesignName>plavebni-spolecnost</ownerDesignName>
<shouldEngineer>false</shouldEngineer>
<engineerTo>
<item key="A9C21EA9-AF03-3AAD-E1EB-019E62D24690" value="false"/>
</engineerTo>
<pk>true</pk>
<usedAttributes>
<attributeRef>789B6403-04D2-A720-4ED6-50429575CDC7</attributeRef>
<attributeRef>3FBCDF15-D96E-F937-B002-8EA1E13DEFBA</attributeRef>
</usedAttributes>
</identifier>
</identifiers>
</Entity>