<?xml version = '1.0' encoding = 'UTF-8'?>
<Note class="oracle.dbtools.crest.model.design.Note" name="Note_4" id="13494E14-D0CD-9453-4931-907C82F80634" directorySegmentName="seg_0">
<createdBy>Halaska</createdBy>
<createdTime>2013-09-10 15:40:02 UTC</createdTime>
<comment>IO2: zakaznik si nemuze na dany den lod rezervovat a soucasne si ji najmou pro plavbu s pruvodcem</comment>
<ownerDesignName>plavebni-spolecnost</ownerDesignName>
<engineerTo>
<item key="A9C21EA9-AF03-3AAD-E1EB-019E62D24690" value="true"/>
</engineerTo>
<fonts>
<FontObject class="oracle.dbtools.crest.model.design.FontObjectWr">
<foType>Title</foType>
<colorRGB>-16777216</colorRGB>
</FontObject>
</fonts>
</Note>