<?xml version = '1.0' encoding = 'UTF-8'?>
<Note class="oracle.dbtools.crest.model.design.Note" name="Note_2" id="8CF962DB-4158-078F-DCFC-74F960C20F2C" directorySegmentName="seg_0">
<createdBy>Halaska</createdBy>
<createdTime>2013-09-10 15:39:43 UTC</createdTime>
<comment>IO1: Loď nemůže pokrývat žádný spoj ve dnech, na které má rezervaci, nebo ma plavbu s pruvodcem</comment>
<ownerDesignName>plavebni-spolecnost</ownerDesignName>
<engineerTo>
<item key="A9C21EA9-AF03-3AAD-E1EB-019E62D24690" value="true"/>
</engineerTo>
<fonts>
<FontObject class="oracle.dbtools.crest.model.design.FontObjectWr">
<foType>Title</foType>
<colorRGB>-16777216</colorRGB>
</FontObject>
</fonts>
</Note>