<?xml version = '1.0' encoding = 'UTF-8'?>
<Note class="oracle.dbtools.crest.model.design.Note" name="Note_6" id="971991AA-7079-F55D-258A-9B71E6555E61" directorySegmentName="seg_0">
<createdBy>Halaska</createdBy>
<createdTime>2013-09-10 15:41:37 UTC</createdTime>
<comment>IO3: je-li namornik nasazen na spoj v danem dni a case, musi tomu odpovidat polozka v jeho kalendari. &lt;br/&gt;Implementace pro IO3: nejdrive je treba zkontrolovat, zda namornik ma cas, nasadit ho na spoj a vyplnit odpovidajici polozku kalendare namornika</comment>
<ownerDesignName>plavebni-spolecnost</ownerDesignName>
<engineerTo>
<item key="A9C21EA9-AF03-3AAD-E1EB-019E62D24690" value="true"/>
</engineerTo>
<fonts>
<FontObject class="oracle.dbtools.crest.model.design.FontObjectWr">
<foType>Title</foType>
<colorRGB>-16777216</colorRGB>
</FontObject>
</fonts>
</Note>