<?xml version = '1.0' encoding = 'UTF-8'?>
<Note class="oracle.dbtools.crest.model.design.Note" name="Note_9" id="9A630E60-897B-049D-4164-BD6263777A2E" directorySegmentName="seg_0">
<createdBy>Halaska</createdBy>
<createdTime>2013-09-10 15:44:51 UTC</createdTime>
<comment>Double click to &lt;br/&gt;edit the text.</comment>
<ownerDesignName>plavebni-spolecnost</ownerDesignName>
<engineerTo>
<item key="A9C21EA9-AF03-3AAD-E1EB-019E62D24690" value="true"/>
</engineerTo>
<fonts>
<FontObject class="oracle.dbtools.crest.model.design.FontObjectWr">
<foType>Title</foType>
<colorRGB>-16777216</colorRGB>
</FontObject>
</fonts>
</Note>