<?xml version = '1.0' encoding = 'UTF-8'?>
<Note class="oracle.dbtools.crest.model.design.Note" name="Note_1" id="A8039E0F-0A53-B8B4-81E5-8D0B2F437307" directorySegmentName="seg_0">
<createdBy>Halaska</createdBy>
<createdTime>2013-09-06 13:22:01 UTC</createdTime>
<comment>IO4: Jestlize namornik pokryva v dany den pravidelny spoj, do jeho kalendare prijde polozka (datum pokryti 04:00 hod., datum pokryti 24:00 hod.)</comment>
<ownerDesignName>plavebni-spolecnost</ownerDesignName>
<engineerTo>
<item key="A9C21EA9-AF03-3AAD-E1EB-019E62D24690" value="true"/>
</engineerTo>
<fonts>
<FontObject class="oracle.dbtools.crest.model.design.FontObjectWr">
<foType>Title</foType>
<colorRGB>-16777216</colorRGB>
</FontObject>
</fonts>
</Note>