<?xml version = '1.0' encoding = 'UTF-8'?>
<Note class="oracle.dbtools.crest.model.design.Note" name="Note_10" id="DCE562BC-B35B-8664-A30F-8766068F5CFD" directorySegmentName="seg_0">
<createdBy>Halaska</createdBy>
<createdTime>2013-09-10 15:45:00 UTC</createdTime>
<comment>Double click to &lt;br/&gt;edit the text.</comment>
<ownerDesignName>plavebni-spolecnost</ownerDesignName>
<engineerTo>
<item key="A9C21EA9-AF03-3AAD-E1EB-019E62D24690" value="true"/>
</engineerTo>
<fonts>
<FontObject class="oracle.dbtools.crest.model.design.FontObjectWr">
<foType>Title</foType>
<colorRGB>-16777216</colorRGB>
</FontObject>
</fonts>
</Note>