<?xml version = '1.0' encoding = 'UTF-8'?>
<Diagram class="oracle.dbtools.crest.swingui.logical.DPVLogical" name="Logical" id="0C582F39-C4E0-940A-3013-48388A2AEEE1">
<createdBy>halaska</createdBy>
<createdTime>2011-11-11 13:26:21 UTC</createdTime>
<autoRoute>false</autoRoute>
<boxInbox>true</boxInbox>
<showLegend>false</showLegend>
<showLabels>true</showLabels>
<showGrid>false</showGrid>
<diagramColor>-1</diagramColor>
<display>false</display>
<notation>1</notation>
<objectViews>
<OView class="oracle.dbtools.crest.swingui.logical.TVEntity" oid="0FD080FD-13CB-D31C-79FE-20BC5E824421" otype="Entity" vid="B27A3DD6-450B-2BED-2409-1D2EC566F9BD">
<bounds x="930" y="153" width="150" height="71"/>
</OView>
<OView class="oracle.dbtools.crest.swingui.logical.TVEntity" oid="12DAF211-F818-FF96-59E7-1065469931B4" otype="Entity" vid="FEDBC815-A1C1-FB41-59CF-A7AF0DEBA8D5">
<bounds x="10" y="60" width="118" height="100"/>
</OView>
<OView class="oracle.dbtools.crest.swingui.TVNote" oid="13494E14-D0CD-9453-4931-907C82F80634" otype="Note" vid="17F58109-0233-557D-94EB-71EFB21E7613">
<bounds x="538" y="408" width="519" height="25"/>
</OView>
<OView class="oracle.dbtools.crest.swingui.logical.TVEntity" oid="1F5CD318-2F0B-BA7C-967F-93FCBF87669D" otype="Entity" vid="80402AA6-615C-E757-D1C5-46C6A0CFA5EA">
<bounds x="180" y="60" width="173" height="70"/>
</OView>
<OView class="oracle.dbtools.crest.swingui.logical.TVEntity" oid="455AD214-9C14-2A06-3D04-FCCCA8CE9B7B" otype="Entity" vid="0E0473A8-DC2C-3493-269F-7F2668CB1755">
<bounds x="480" y="40" width="120" height="112"/>
</OView>
<OView class="oracle.dbtools.crest.swingui.logical.TVEntity" oid="575A7BF2-B972-A0FE-2F98-2F220B98D41A" otype="Entity" vid="BB19913C-BC6E-2097-25C8-6449E34C5E50">
<bounds x="18" y="202" width="105" height="101"/>
</OView>
<OView class="oracle.dbtools.crest.swingui.logical.TVEntity" oid="624E323D-2076-4082-C947-43D10FDE191A" otype="Entity" vid="9EA84698-0437-3448-6563-86C85467D1F0">
<bounds x="21" y="366" width="136" height="100"/>
</OView>
<OView class="oracle.dbtools.crest.swingui.logical.TVEntity" oid="6C0BDF12-A372-D51F-B6C3-AC9DC2466B92" otype="Entity" vid="3B7E802C-3371-1A8D-23C5-37A36BE332E0">
<bounds x="625" y="136" width="196" height="115"/>
</OView>
<OView class="oracle.dbtools.crest.swingui.logical.TVEntity" oid="6E1F3F20-BADA-F1A1-9117-1ACB2EC6AF6F" otype="Entity" vid="7F301966-DAB1-EF21-B45E-9263DD306050">
<bounds x="855" y="277" width="80" height="70"/>
</OView>
<OView class="oracle.dbtools.crest.swingui.logical.TVEntity" oid="794D90C1-E93C-CC03-5EB5-38F334C34FF5" otype="Entity" vid="41A46BC4-D3E8-370B-A422-432AE91AE3C4">
<bounds x="929" y="72" width="150" height="67"/>
</OView>
<OView class="oracle.dbtools.crest.swingui.TVNote" oid="7E01F3BA-D6EF-4EBD-27D7-6E317C91C0B1" otype="Note" vid="A74AFD97-6731-BFF5-0B6E-C7D7C9C28367">
<bounds x="395" y="452" width="2" height="1"/>
</OView>
<OView class="oracle.dbtools.crest.swingui.TVNote" oid="8CF962DB-4158-078F-DCFC-74F960C20F2C" otype="Note" vid="853349B0-EF5B-A39A-E66D-7C20A40D17D7">
<bounds x="537" y="371" width="520" height="25"/>
</OView>
<OView class="oracle.dbtools.crest.swingui.TVNote" oid="971991AA-7079-F55D-258A-9B71E6555E61" otype="Note" vid="06C1FDBB-DC7B-B37B-B840-FA9A031A4493">
<bounds x="537" y="441" width="538" height="52"/>
</OView>
<OView class="oracle.dbtools.crest.swingui.TVNote" oid="9A630E60-897B-049D-4164-BD6263777A2E" otype="Note" vid="7783E964-6747-FE05-62DA-EEFBCA7325BC">
<bounds x="403" y="465" width="1" height="1"/>
</OView>
<OView class="oracle.dbtools.crest.swingui.TVNote" oid="A8039E0F-0A53-B8B4-81E5-8D0B2F437307" otype="Note" vid="1DA29C6E-1617-B58F-80DA-9C0C85569FFD">
<bounds x="537" y="503" width="538" height="41"/>
</OView>
<OView class="oracle.dbtools.crest.swingui.logical.TVEntity" oid="A8406EB5-89CB-FBFF-2FAD-50A8623AACE8" otype="Entity" vid="E63EEBCD-D2B3-4899-26E6-EC0BB138B0EF">
<bounds x="908" y="18" width="185" height="232"/>
</OView>
<OView class="oracle.dbtools.crest.swingui.logical.TVEntity" oid="BFD3142E-D1A2-636D-C7FD-964BFFCB9C0D" otype="Entity" vid="561185AA-C15C-CA1C-DBFA-F1D99C04D4F0">
<bounds x="390" y="200" width="125" height="145"/>
</OView>
<OView class="oracle.dbtools.crest.swingui.logical.TVEntity" oid="C948D06C-3205-1699-B373-D7B23DC214B3" otype="Entity" vid="E54C1A84-3B00-D9D6-DDAA-E624BB472948">
<bounds x="200" y="220" width="170" height="110"/>
</OView>
<OView class="oracle.dbtools.crest.swingui.logical.TVEntity" oid="CE8A9D78-8A2C-B74F-B372-29F3B1B3A29A" otype="Entity" vid="EE6CD758-F09B-ABE7-E0EB-1D50887F997C">
<bounds x="637" y="278" width="84" height="79"/>
</OView>
<OView class="oracle.dbtools.crest.swingui.TVNote" oid="DCE562BC-B35B-8664-A30F-8766068F5CFD" otype="Note" vid="813D0DDA-7F5A-0193-4598-4438B2BFC104">
<bounds x="719" y="603" width="1" height="1"/>
</OView>
</objectViews>
<connectors>
<Connector class="oracle.dbtools.crest.swingui.logical.TVRelation" oid="0470AA3D-0F3B-0859-63DA-5E370D2ED597" otype="Relation" vid_source="0E0473A8-DC2C-3493-269F-7F2668CB1755" vid_target="E54C1A84-3B00-D9D6-DDAA-E624BB472948">
<lineWidth>1</lineWidth>
<targetLabel class="oracle.dbtools.crest.model.design.Label">
<site>2</site>
<labelBounds x="326" y="158" width="94" height="20"/>
<fonts>
<FontObject class="oracle.dbtools.crest.model.design.FontObjectWr">
<foType>Text</foType>
<colorRGB>-16777216</colorRGB>
</FontObject>
</fonts>
</targetLabel>
<points>
<point x="480" y="142"/>
<point x="312" y="142"/>
<point x="312" y="220"/>
</points>
</Connector>
<Connector class="oracle.dbtools.crest.swingui.logical.TVRelation" oid="19A48ECD-4644-CB5C-5D26-DF36A42E2AA9" otype="Relation" vid_source="0E0473A8-DC2C-3493-269F-7F2668CB1755" vid_target="80402AA6-615C-E757-D1C5-46C6A0CFA5EA">
<lineWidth>1</lineWidth>
<targetLabel class="oracle.dbtools.crest.model.design.Label">
<site>2</site>
<labelBounds x="368" y="20" width="87" height="20"/>
<fonts>
<FontObject class="oracle.dbtools.crest.model.design.FontObjectWr">
<foType>Text</foType>
<colorRGB>-16777216</colorRGB>
</FontObject>
</fonts>
</targetLabel>
<points>
<point x="540" y="40"/>
<point x="540" y="10"/>
<point x="320" y="10"/>
<point x="320" y="60"/>
</points>
</Connector>
<Connector class="oracle.dbtools.crest.swingui.logical.TVRelation" oid="1E7EEE1A-C1EF-A720-7AD9-B04F414CC874" otype="Relation" vid_source="0E0473A8-DC2C-3493-269F-7F2668CB1755" vid_target="561185AA-C15C-CA1C-DBFA-F1D99C04D4F0">
<lineWidth>1</lineWidth>
<targetLabel class="oracle.dbtools.crest.model.design.Label">
<site>2</site>
<labelBounds x="501" y="156" width="76" height="20"/>
<fonts>
<FontObject class="oracle.dbtools.crest.model.design.FontObjectWr">
<foType>Text</foType>
<colorRGB>-16777216</colorRGB>
</FontObject>
</fonts>
</targetLabel>
<points>
<point x="497" y="152"/>
<point x="497" y="200"/>
</points>
</Connector>
<Connector class="oracle.dbtools.crest.swingui.logical.TVRelation" oid="34470DA9-3308-B98A-237A-26D665FB84E9" otype="Relation" vid_source="B27A3DD6-450B-2BED-2409-1D2EC566F9BD" vid_target="3B7E802C-3371-1A8D-23C5-37A36BE332E0">
<lineWidth>1</lineWidth>
<targetLabel class="oracle.dbtools.crest.model.design.Label">
<site>2</site>
<labelBounds x="837" y="191" width="59" height="20"/>
<fonts>
<FontObject class="oracle.dbtools.crest.model.design.FontObjectWr">
<foType>Text</foType>
<colorRGB>-16777216</colorRGB>
</FontObject>
</fonts>
</targetLabel>
<points>
<point x="930" y="188"/>
<point x="821" y="188"/>
</points>
</Connector>
<Connector class="oracle.dbtools.crest.swingui.logical.TVRelation" oid="4991A521-5EC7-2A72-1034-6D74378C6515" otype="Relation" vid_source="BB19913C-BC6E-2097-25C8-6449E34C5E50" vid_target="9EA84698-0437-3448-6563-86C85467D1F0">
<lineWidth>1</lineWidth>
<targetLabel class="oracle.dbtools.crest.model.design.Label">
<site>2</site>
<labelBounds x="75" y="325" width="94" height="20"/>
<fonts>
<FontObject class="oracle.dbtools.crest.model.design.FontObjectWr">
<foType>Text</foType>
<colorRGB>-16777216</colorRGB>
</FontObject>
</fonts>
</targetLabel>
<points>
<point x="72" y="303"/>
<point x="72" y="366"/>
</points>
</Connector>
<Connector class="oracle.dbtools.crest.swingui.logical.TVRelation" oid="50C7BF11-3271-98C7-FEF9-0A9B18AE9379" otype="Relation" vid_source="7F301966-DAB1-EF21-B45E-9263DD306050" vid_target="EE6CD758-F09B-ABE7-E0EB-1D50887F997C">
<lineWidth>1</lineWidth>
<targetLabel class="oracle.dbtools.crest.model.design.Label">
<site>2</site>
<labelBounds x="743" y="315" width="67" height="20"/>
<fonts>
<FontObject class="oracle.dbtools.crest.model.design.FontObjectWr">
<foType>Text</foType>
<colorRGB>-16777216</colorRGB>
</FontObject>
</fonts>
</targetLabel>
<points>
<point x="855" y="312"/>
<point x="721" y="312"/>
</points>
</Connector>
<Connector class="oracle.dbtools.crest.swingui.logical.TVRelation" oid="724ABF60-0850-47CB-10E7-6CF1347AFF74" otype="Relation" vid_source="FEDBC815-A1C1-FB41-59CF-A7AF0DEBA8D5" vid_target="E54C1A84-3B00-D9D6-DDAA-E624BB472948">
<lineWidth>1</lineWidth>
<targetLabel class="oracle.dbtools.crest.model.design.Label">
<site>2</site>
<labelBounds x="144" y="187" width="71" height="20"/>
<fonts>
<FontObject class="oracle.dbtools.crest.model.design.FontObjectWr">
<foType>Text</foType>
<colorRGB>-16777216</colorRGB>
</FontObject>
</fonts>
</targetLabel>
<points>
<point x="50" y="160"/>
<point x="50" y="180"/>
<point x="230" y="180"/>
<point x="230" y="220"/>
</points>
</Connector>
<Connector class="oracle.dbtools.crest.swingui.logical.TVRelation" oid="A7EFB017-8A1C-869F-B816-5BB3BE00ADEF" otype="Relation" vid_source="9EA84698-0437-3448-6563-86C85467D1F0" vid_target="561185AA-C15C-CA1C-DBFA-F1D99C04D4F0">
<lineWidth>1</lineWidth>
<targetLabel class="oracle.dbtools.crest.model.design.Label">
<site>2</site>
<labelBounds x="371" y="358" width="76" height="20"/>
<fonts>
<FontObject class="oracle.dbtools.crest.model.design.FontObjectWr">
<foType>Text</foType>
<colorRGB>-16777216</colorRGB>
</FontObject>
</fonts>
</targetLabel>
<points>
<point x="157" y="410"/>
<point x="448" y="410"/>
<point x="448" y="345"/>
</points>
</Connector>
<Connector class="oracle.dbtools.crest.swingui.logical.TVRelation" oid="AB859FF3-CEAC-D13A-CBAC-62D48D4DF1FF" otype="Relation" vid_source="EE6CD758-F09B-ABE7-E0EB-1D50887F997C" vid_target="561185AA-C15C-CA1C-DBFA-F1D99C04D4F0">
<lineWidth>1</lineWidth>
<targetLabel class="oracle.dbtools.crest.model.design.Label">
<site>2</site>
<labelBounds x="534" y="314" width="75" height="23"/>
<fonts>
<FontObject class="oracle.dbtools.crest.model.design.FontObjectWr">
<foType>Text</foType>
<colorRGB>-16777216</colorRGB>
</FontObject>
</fonts>
</targetLabel>
<points>
<point x="637" y="311"/>
<point x="515" y="311"/>
</points>
</Connector>
<Connector class="oracle.dbtools.crest.swingui.logical.TVRelation" oid="AE5E4CDC-5B4D-A157-3C9B-7A2C5C9F88D2" otype="Relation" vid_source="FEDBC815-A1C1-FB41-59CF-A7AF0DEBA8D5" vid_target="80402AA6-615C-E757-D1C5-46C6A0CFA5EA">
<lineWidth>1</lineWidth>
<targetLabel class="oracle.dbtools.crest.model.design.Label">
<site>2</site>
<labelBounds x="100" y="19" width="88" height="20"/>
<fonts>
<FontObject class="oracle.dbtools.crest.model.design.FontObjectWr">
<foType>Text</foType>
<colorRGB>-16777216</colorRGB>
</FontObject>
</fonts>
</targetLabel>
<points>
<point x="80" y="60"/>
<point x="80" y="10"/>
<point x="220" y="10"/>
<point x="220" y="60"/>
</points>
</Connector>
<Connector class="oracle.dbtools.crest.swingui.logical.TVRelation" oid="AF2188EF-6654-5127-7CB2-BABBDA5D482E" otype="Relation" vid_source="3B7E802C-3371-1A8D-23C5-37A36BE332E0" vid_target="561185AA-C15C-CA1C-DBFA-F1D99C04D4F0">
<lineWidth>1</lineWidth>
<targetLabel class="oracle.dbtools.crest.model.design.Label">
<site>2</site>
<labelBounds x="534" y="197" width="89" height="20"/>
<fonts>
<FontObject class="oracle.dbtools.crest.model.design.FontObjectWr">
<foType>Text</foType>
<colorRGB>-16777216</colorRGB>
</FontObject>
</fonts>
</targetLabel>
<points>
<point x="625" y="225"/>
<point x="515" y="225"/>
</points>
</Connector>
<Connector class="oracle.dbtools.crest.swingui.logical.TVInheritanceRelation" oid="CC8D8405-CA15-CCA0-7E7C-04E50CACAC73" otype="Hierarchy relation" vid_source="E63EEBCD-D2B3-4899-26E6-EC0BB138B0EF" vid_target="B27A3DD6-450B-2BED-2409-1D2EC566F9BD">
<lineWidth>1</lineWidth>
</Connector>
<Connector class="oracle.dbtools.crest.swingui.logical.TVRelation" oid="D1B00DC0-9D56-C001-6B58-77CE3BCF18B0" otype="Relation" vid_source="0E0473A8-DC2C-3493-269F-7F2668CB1755" vid_target="41A46BC4-D3E8-370B-A422-432AE91AE3C4">
<lineWidth>1</lineWidth>
<sourceLabel class="oracle.dbtools.crest.model.design.Label">
<site>0</site>
<labelBounds x="671" y="108" width="99" height="20"/>
<fonts>
<FontObject class="oracle.dbtools.crest.model.design.FontObjectWr">
<foType>Text</foType>
<colorRGB>-16777216</colorRGB>
</FontObject>
</fonts>
</sourceLabel>
<points>
<point x="600" y="105"/>
<point x="929" y="105"/>
</points>
</Connector>
<Connector class="oracle.dbtools.crest.swingui.logical.TVInheritanceRelation" oid="D32E2AC1-4843-F998-B69C-9754697A9FB7" otype="Hierarchy relation" vid_source="E63EEBCD-D2B3-4899-26E6-EC0BB138B0EF" vid_target="41A46BC4-D3E8-370B-A422-432AE91AE3C4">
<lineWidth>1</lineWidth>
</Connector>
<Connector class="oracle.dbtools.crest.swingui.logical.TVRelation" oid="E2651FCB-A68D-75A7-5ABA-ED9CEFC04AED" otype="Relation" vid_source="9EA84698-0437-3448-6563-86C85467D1F0" vid_target="E54C1A84-3B00-D9D6-DDAA-E624BB472948">
<lineWidth>1</lineWidth>
<targetLabel class="oracle.dbtools.crest.model.design.Label">
<site>2</site>
<labelBounds x="264" y="351" width="83" height="20"/>
<fonts>
<FontObject class="oracle.dbtools.crest.model.design.FontObjectWr">
<foType>Text</foType>
<colorRGB>-16777216</colorRGB>
</FontObject>
</fonts>
</targetLabel>
<points>
<point x="157" y="380"/>
<point x="240" y="380"/>
<point x="240" y="330"/>
</points>
</Connector>
</connectors>
<arcs>
<Arc class="oracle.dbtools.crest.swingui.logical.TVArc" oid="0B2710BE-04CE-B214-2115-3C6FCAD79083" otype="Arc" vid="A8864A0E-75CD-0AD1-45F5-28327981D4CA">
<bounds x="1" y="346" width="176" height="140"/>
</Arc>
<Arc class="oracle.dbtools.crest.swingui.logical.TVArc" oid="2E871395-8FBC-FD25-C394-BB73E07D4525" otype="Arc" vid="71A18A99-8E9E-06A2-7589-F5C41E82DCD6">
<bounds x="370" y="180" width="165" height="185"/>
</Arc>
</arcs>
</Diagram>