<?xml version = '1.0' encoding = 'UTF-8'?>
<Diagram class="oracle.dbtools.crest.swingui.logical.DPVLogicalSubView" name="Logical - SubView_1" id="9294FD9E-C7A9-DC95-A210-D931FEE674BF">
<createdBy>Halaska</createdBy>
<createdTime>2013-09-06 13:43:06 UTC</createdTime>
<autoRoute>false</autoRoute>
<boxInbox>true</boxInbox>
<showLegend>false</showLegend>
<showLabels>false</showLabels>
<showGrid>false</showGrid>
<diagramColor>-1</diagramColor>
<display>false</display>
<notation>1</notation>
<objectViews>
<OView class="oracle.dbtools.crest.swingui.logical.TVEntity" oid="A8406EB5-89CB-FBFF-2FAD-50A8623AACE8" otype="Entity" vid="55A43B77-C8E8-44B9-CB91-B06BBDB10195">
<bounds x="985" y="24" width="188" height="232"/>
</OView>
</objectViews>
</Diagram>