<?xml version = '1.0' encoding = 'UTF-8'?>
<FKIndexAssociation class="oracle.dbtools.crest.model.design.relational.FKIndexAssociation" id="08E9D4E5-D5E5-5963-3174-10EB4ECE20A0" directorySegmentName="seg_0" name="je_pokryt_kym">
<createdBy>Halaska</createdBy>
<createdTime>2013-09-12 14:07:55 UTC</createdTime>
<comment>Spoj na plavebni lince je v dany den pokryt namornikem</comment>
<commentInRDBMS>Spoj na lince je v dany den pokryt namornikem</commentInRDBMS>
<generatorID>A7EFB017-8A1C-869F-B816-5BB3BE00ADEF</generatorID>
<ownerDesignName>plavebni-spolecnost</ownerDesignName>
<containerWithKeyObject>95D65A99-242E-A30E-51BF-784413616468</containerWithKeyObject>
<deleteRule>RESTRICT</deleteRule>
<localFKIndex>18AF2EB2-DC29-75DA-29EA-4684A5E46EF5</localFKIndex>
<keyObject>C45F5425-B025-183E-7B7A-B400BD2C38A3</keyObject>
<mandatory>false</mandatory>
<transferable>true</transferable>
</FKIndexAssociation>