<?xml version = '1.0' encoding = 'UTF-8'?>
<FKIndexAssociation class="oracle.dbtools.crest.model.design.relational.FKIndexAssociation" id="0DCBE4ED-A191-81C1-623D-B6F8429F5A96" directorySegmentName="seg_0" name="je_pokryt_lodi">
<createdBy>Halaska</createdBy>
<createdTime>2013-09-12 14:07:55 UTC</createdTime>
<comment>Na spoj na lince je v dany den pouzita lod</comment>
<commentInRDBMS>Na spoj na lince je v dany den pouzita lod</commentInRDBMS>
<generatorID>1E7EEE1A-C1EF-A720-7AD9-B04F414CC874</generatorID>
<ownerDesignName>plavebni-spolecnost</ownerDesignName>
<arc>64D13DD0-E6FC-11C3-C2EC-B25A29FAECA0</arc>
<containerWithKeyObject>95D65A99-242E-A30E-51BF-784413616468</containerWithKeyObject>
<deleteRule>NO ACTION</deleteRule>
<localFKIndex>A4016E55-4EA1-9EA4-0238-1A59FCD5A08A</localFKIndex>
<keyObject>C8F750A4-BAB4-E6E8-4CFD-058FFD6099E3</keyObject>
<mandatory>false</mandatory>
<transferable>true</transferable>
</FKIndexAssociation>