<?xml version = '1.0' encoding = 'UTF-8'?>
<FKIndexAssociation class="oracle.dbtools.crest.model.design.relational.FKIndexAssociation" id="20D550C6-1622-6447-555E-446522BB0E3D" directorySegmentName="seg_0" name="plavi_se_s_kym">
<createdBy>Halaska</createdBy>
<createdTime>2013-09-12 14:07:55 UTC</createdTime>
<comment>Na soukrome plavbe s pruvodcem provazi namornik</comment>
<commentInRDBMS>Na soukrome plavbe s pruvodcem provazi namornik</commentInRDBMS>
<generatorID>E2651FCB-A68D-75A7-5ABA-ED9CEFC04AED</generatorID>
<ownerDesignName>plavebni-spolecnost</ownerDesignName>
<containerWithKeyObject>FB6E7E39-06D2-FD44-1F96-3F02255C0F99</containerWithKeyObject>
<deleteRule>RESTRICT</deleteRule>
<localFKIndex>C52B87E2-511B-119A-5893-459FB73E37E8</localFKIndex>
<keyObject>C45F5425-B025-183E-7B7A-B400BD2C38A3</keyObject>
<mandatory>true</mandatory>
<transferable>true</transferable>
</FKIndexAssociation>