<?xml version = '1.0' encoding = 'UTF-8'?>
<FKIndexAssociation class="oracle.dbtools.crest.model.design.relational.FKIndexAssociation" id="34BD3801-B7B9-61BD-4E1D-A4C82F1DB885" directorySegmentName="seg_0" name="plavi_se_kdo">
<createdBy>Halaska</createdBy>
<createdTime>2013-09-12 14:07:55 UTC</createdTime>
<comment>na soukrome plavne s pruvodcem se plavi zakaznik</comment>
<commentInRDBMS>na soukrome plavne s pruvodcem se plavi zakaznik</commentInRDBMS>
<generatorID>724ABF60-0850-47CB-10E7-6CF1347AFF74</generatorID>
<ownerDesignName>plavebni-spolecnost</ownerDesignName>
<containerWithKeyObject>FB6E7E39-06D2-FD44-1F96-3F02255C0F99</containerWithKeyObject>
<deleteRule>RESTRICT</deleteRule>
<localFKIndex>7A4F7C58-24A4-CF6D-BC5A-1CD103968ACF</localFKIndex>
<keyObject>959DA600-7702-2F2D-ED8A-FE68F9ED7B75</keyObject>
<mandatory>true</mandatory>
<transferable>true</transferable>
</FKIndexAssociation>