<?xml version = '1.0' encoding = 'UTF-8'?>
<FKIndexAssociation class="oracle.dbtools.crest.model.design.relational.FKIndexAssociation" id="37BBEBD7-B70E-1CAC-D96D-3FDDF678E325" directorySegmentName="seg_0" name="je_na_lince">
<createdBy>Halaska</createdBy>
<createdTime>2013-09-12 14:07:55 UTC</createdTime>
<generatorID>50C7BF11-3271-98C7-FEF9-0A9B18AE9379</generatorID>
<ownerDesignName>plavebni-spolecnost</ownerDesignName>
<containerWithKeyObject>F4C4FFC6-94FD-D22E-5795-F91B48EB52BD</containerWithKeyObject>
<deleteRule>RESTRICT</deleteRule>
<localFKIndex>D67E458D-F432-FEE5-2AF2-0192F2615339</localFKIndex>
<keyObject>36100977-74FC-6B1B-6DC4-D89CF26D7D46</keyObject>
<mandatory>true</mandatory>
<transferable>true</transferable>
</FKIndexAssociation>