<?xml version = '1.0' encoding = 'UTF-8'?>
<FKIndexAssociation class="oracle.dbtools.crest.model.design.relational.FKIndexAssociation" id="57C6C786-C1F2-749D-1E01-F6E6C48DFF73" directorySegmentName="seg_0" name="ma_depo">
<createdBy>Halaska</createdBy>
<createdTime>2013-09-12 14:07:55 UTC</createdTime>
<generatorID>34470DA9-3308-B98A-237A-26D665FB84E9</generatorID>
<ownerDesignName>plavebni-spolecnost</ownerDesignName>
<containerWithKeyObject>D149BCEA-060C-118B-6179-2ECA5C2D13BD</containerWithKeyObject>
<deleteRule>RESTRICT</deleteRule>
<localFKIndex>BD3F6AE0-0B8C-5844-F6D7-FA70B98DF236</localFKIndex>
<keyObject>94D64E1B-77E2-1A15-B65B-D30C5582C598</keyObject>
<mandatory>true</mandatory>
<transferable>true</transferable>
</FKIndexAssociation>