<?xml version = '1.0' encoding = 'UTF-8'?>
<FKIndexAssociation class="oracle.dbtools.crest.model.design.relational.FKIndexAssociation" id="5C2A118A-DA46-4C3C-5FA7-527270DEC5D2" directorySegmentName="seg_0" name="je_pokryt_busem">
<createdBy>Halaska</createdBy>
<createdTime>2013-09-12 14:07:55 UTC</createdTime>
<comment>Na spoj na lince je v dany den pouzit autobus</comment>
<commentInRDBMS>Na spoj na lince je v dany den pouzit autobus</commentInRDBMS>
<generatorID>AF2188EF-6654-5127-7CB2-BABBDA5D482E</generatorID>
<ownerDesignName>plavebni-spolecnost</ownerDesignName>
<arc>64D13DD0-E6FC-11C3-C2EC-B25A29FAECA0</arc>
<containerWithKeyObject>95D65A99-242E-A30E-51BF-784413616468</containerWithKeyObject>
<deleteRule>RESTRICT</deleteRule>
<localFKIndex>54B33693-4550-FAC9-C1C5-147E6D53E294</localFKIndex>
<keyObject>50BB5099-866B-0C87-1E2E-65F3BF74A0C4</keyObject>
<mandatory>false</mandatory>
<transferable>true</transferable>
</FKIndexAssociation>