<?xml version = '1.0' encoding = 'UTF-8'?>
<FKIndexAssociation class="oracle.dbtools.crest.model.design.relational.FKIndexAssociation" id="729162FE-85D7-1E02-2D46-A1C4DFD1E240" directorySegmentName="seg_0" name="rezervuje_se_co">
<createdBy>Halaska</createdBy>
<createdTime>2013-09-12 14:07:55 UTC</createdTime>
<comment>Zakaznik si rezervoval Lod na cely dany den (od 7.00 do 22.00)</comment>
<commentInRDBMS>Zakaznik si rezervoval Lod na cely dany den (od 7.00 do 22.00)</commentInRDBMS>
<generatorID>19A48ECD-4644-CB5C-5D26-DF36A42E2AA9</generatorID>
<ownerDesignName>plavebni-spolecnost</ownerDesignName>
<containerWithKeyObject>6ABED08C-9A1D-E892-DCCD-1F0B17E91B78</containerWithKeyObject>
<deleteRule>RESTRICT</deleteRule>
<localFKIndex>EA3D3953-7590-F450-7F5D-B24BDF0FFBB2</localFKIndex>
<keyObject>C8F750A4-BAB4-E6E8-4CFD-058FFD6099E3</keyObject>
<mandatory>true</mandatory>
<transferable>true</transferable>
</FKIndexAssociation>