<?xml version = '1.0' encoding = 'UTF-8'?>
<FKIndexAssociation class="oracle.dbtools.crest.model.design.relational.FKIndexAssociation" id="7B99A4C2-0695-1C66-D983-087038AD68A5" directorySegmentName="seg_0" name="rezervuje_si_kdo">
<createdBy>Halaska</createdBy>
<createdTime>2013-09-12 14:07:55 UTC</createdTime>
<comment>Rezervaci lodi na dany den (od 07.00 do 22.00) provedl zakaznik</comment>
<commentInRDBMS>Rezervaci lodi na dany den (od 07.00 do 22.00) provedl zakaznik</commentInRDBMS>
<generatorID>AE5E4CDC-5B4D-A157-3C9B-7A2C5C9F88D2</generatorID>
<ownerDesignName>plavebni-spolecnost</ownerDesignName>
<containerWithKeyObject>6ABED08C-9A1D-E892-DCCD-1F0B17E91B78</containerWithKeyObject>
<deleteRule>RESTRICT</deleteRule>
<localFKIndex>A491E52F-AEB9-47B3-1172-8DE80856FCC1</localFKIndex>
<keyObject>959DA600-7702-2F2D-ED8A-FE68F9ED7B75</keyObject>
<mandatory>true</mandatory>
<transferable>true</transferable>
</FKIndexAssociation>