<?xml version = '1.0' encoding = 'UTF-8'?>
<FKIndexAssociation class="oracle.dbtools.crest.model.design.relational.FKIndexAssociation" id="9A110F1D-3A79-BEE5-7553-34B8D31EFD1F" directorySegmentName="seg_0" name="je_pokryt_spoj">
<createdBy>Halaska</createdBy>
<createdTime>2013-09-12 14:07:55 UTC</createdTime>
<generatorID>AB859FF3-CEAC-D13A-CBAC-62D48D4DF1FF</generatorID>
<ownerDesignName>plavebni-spolecnost</ownerDesignName>
<containerWithKeyObject>95D65A99-242E-A30E-51BF-784413616468</containerWithKeyObject>
<deleteRule>RESTRICT</deleteRule>
<localFKIndex>835FB524-2768-C227-7777-2F18B20D4660</localFKIndex>
<keyObject>ACC53C93-D792-DB46-579A-0707F3A9BA7C</keyObject>
<mandatory>true</mandatory>
<transferable>true</transferable>
</FKIndexAssociation>