<?xml version = '1.0' encoding = 'UTF-8'?>
<FKIndexAssociation class="oracle.dbtools.crest.model.design.relational.FKIndexAssociation" id="C1FD2005-A1F4-1026-2610-58DD92DBBF88" directorySegmentName="seg_0" name="plavi_se_na_cem">
<createdBy>Halaska</createdBy>
<createdTime>2013-09-12 14:07:55 UTC</createdTime>
<comment> na soukrome plavbe s pruvodcem s pruvodcem je nasazena lod</comment>
<commentInRDBMS> na soukrome plavbe s pruvodcem s pruvodcem je nasazena lod</commentInRDBMS>
<generatorID>0470AA3D-0F3B-0859-63DA-5E370D2ED597</generatorID>
<ownerDesignName>plavebni-spolecnost</ownerDesignName>
<containerWithKeyObject>FB6E7E39-06D2-FD44-1F96-3F02255C0F99</containerWithKeyObject>
<deleteRule>RESTRICT</deleteRule>
<localFKIndex>49299472-81A7-A91C-1D0F-0A3C7DD919C2</localFKIndex>
<keyObject>C8F750A4-BAB4-E6E8-4CFD-058FFD6099E3</keyObject>
<mandatory>true</mandatory>
<transferable>true</transferable>
</FKIndexAssociation>