<?xml version = '1.0' encoding = 'UTF-8'?>
<FKIndexAssociation class="oracle.dbtools.crest.model.design.relational.FKIndexAssociation" id="E91EACB9-52B4-4202-A337-2783D09BEC75" directorySegmentName="seg_0" name="patri_namornikovi">
<createdBy>Halaska</createdBy>
<createdTime>2013-09-12 14:07:55 UTC</createdTime>
<generatorID>4991A521-5EC7-2A72-1034-6D74378C6515</generatorID>
<ownerDesignName>plavebni-spolecnost</ownerDesignName>
<containerWithKeyObject>C1807DAD-468F-7099-88FB-C462E1D82E79</containerWithKeyObject>
<deleteRule>RESTRICT</deleteRule>
<localFKIndex>EFA78DE0-619D-B798-03A9-3BD87C6A88E8</localFKIndex>
<keyObject>C91B91A2-4688-A536-315F-5303A8FB34B3</keyObject>
<mandatory>true</mandatory>
<transferable>true</transferable>
</FKIndexAssociation>