<?xml version = '1.0' encoding = 'UTF-8'?>
<FKIndexAssociation class="oracle.dbtools.crest.model.design.relational.FKIndexAssociation" id="F04BE3BB-29AD-39F1-4050-88134CBB4372" directorySegmentName="seg_0" name="kotvi_kde">
<createdBy>Halaska</createdBy>
<createdTime>2013-09-12 14:07:55 UTC</createdTime>
<generatorID>D1B00DC0-9D56-C001-6B58-77CE3BCF18B0</generatorID>
<ownerDesignName>plavebni-spolecnost</ownerDesignName>
<containerWithKeyObject>6DF2A162-D3D9-5C4E-B443-CEDB0AE3BA12</containerWithKeyObject>
<deleteRule>RESTRICT</deleteRule>
<localFKIndex>3042C0BC-A3FA-D970-5207-4DD9BF5F929A</localFKIndex>
<keyObject>94D64E1B-77E2-1A15-B65B-D30C5582C598</keyObject>
<mandatory>false</mandatory>
<transferable>true</transferable>
</FKIndexAssociation>