<?xml version = '1.0' encoding = 'UTF-8'?>
<RMExtendedMap class="oracle.dbtools.crest.model.xtdmapping.RMExtendedMap">
<mappings>
<CM class="oracle.dbtools.crest.model.xtdmapping.ContainerMapping" id="0FD080FD-20BC5E8244218819C04D-E7C8954487E1" iT="1" lID="0FD080FD-13CB-D31C-79FE-20BC5E824421" lT="0" rID="8819C04D-3147-22D2-7AF3-E7C8954487E1" rT="4">
<containedMappings>
<Mg class="oracle.dbtools.crest.model.xtdmapping.RelMapping" id="132AD320-67C29A59952251C503FF-DE2991CC4995" lID="132AD320-A5A9-50EF-9F31-67C29A599522" rID="51C503FF-13A4-48DE-F6D7-DE2991CC4995"/>
<Mg class="oracle.dbtools.crest.model.xtdmapping.RelMapping" id="652C571D-0ECC6622C4E0558F41E5-6DFD3AA07EC1" lID="652C571D-1F5E-2F3B-A070-0ECC6622C4E0" rID="558F41E5-85A0-3CB1-0EED-6DFD3AA07EC1"/>
</containedMappings>
</CM>
<CM class="oracle.dbtools.crest.model.xtdmapping.ContainerMapping" id="12DAF211-1065469931B461DCCC9F-F106C424B9F3" lID="12DAF211-F818-FF96-59E7-1065469931B4" lT="0" rID="61DCCC9F-BEB8-53A0-1E07-F106C424B9F3" rT="4">
<containedMappings>
<Mg class="oracle.dbtools.crest.model.xtdmapping.RelMapping" id="29F7CDF6-E701CF61237FBD6C2CBE-7D96F0667F0C" lID="29F7CDF6-5286-C5E2-EF21-E701CF61237F" rID="BD6C2CBE-F5F2-0690-1357-7D96F0667F0C"/>
<Mg class="oracle.dbtools.crest.model.xtdmapping.RelMapping" id="31D0AF8E-B6F73FA79D55959DA600-FE68F9ED7B75" lID="31D0AF8E-350F-3B20-D569-B6F73FA79D55" lT="2" rID="959DA600-7702-2F2D-ED8A-FE68F9ED7B75" rT="7"/>
<Mg class="oracle.dbtools.crest.model.xtdmapping.RelMapping" id="39A85493-4F58E32B96202B39B4D9-8CF761407A74" lID="39A85493-28C1-C46A-00FD-4F58E32B9620" rID="2B39B4D9-AD0F-0E86-3B70-8CF761407A74"/>
<Mg class="oracle.dbtools.crest.model.xtdmapping.RelMapping" id="3AC52280-EA1FE3D8DB384E9C5DA3-6BD1CB9EF439" lID="3AC52280-34B6-C508-8A69-EA1FE3D8DB38" rID="4E9C5DA3-6330-F0BE-FEDB-6BD1CB9EF439"/>
<Mg class="oracle.dbtools.crest.model.xtdmapping.RelMapping" id="9E8917C8-1B05C79BB7D8549B357E-8881259E24A8" lID="9E8917C8-D2C8-EF1C-B2A9-1B05C79BB7D8" rID="549B357E-93AA-0BE5-78B3-8881259E24A8"/>
<Mg class="oracle.dbtools.crest.model.xtdmapping.RelMapping" id="9FFCCAF9-ADA9ACC2BBDF5513A326-372B97951163" lID="9FFCCAF9-FFD2-ED34-BD92-ADA9ACC2BBDF" rID="5513A326-6A6D-1C10-D23B-372B97951163"/>
</containedMappings>
</CM>
<CM class="oracle.dbtools.crest.model.xtdmapping.ContainerMapping" id="1F5CD318-93FCBF87669D6ABED08C-1F0B17E91B78" lID="1F5CD318-2F0B-BA7C-967F-93FCBF87669D" lT="0" rID="6ABED08C-9A1D-E892-DCCD-1F0B17E91B78" rT="4">
<containedMappings>
<Mg class="oracle.dbtools.crest.model.xtdmapping.RelMapping" id="309A802A-3021BB3CE15C24272A81-3F683D50E228" lID="309A802A-C88B-C14F-7B42-3021BB3CE15C" rID="24272A81-9A05-0F4B-1BBD-3F683D50E228"/>
<Mg class="oracle.dbtools.crest.model.xtdmapping.RelMapping" id="394C0AB5-E1778A32EB4E59D04969-E7F224FFE2B8" lID="394C0AB5-A307-FC55-D157-E1778A32EB4E" rID="59D04969-F47D-ECB1-8D3C-E7F224FFE2B8"/>
<Mg class="oracle.dbtools.crest.model.xtdmapping.RelMapping" id="861D4802-27C9FAA9F28DF77BE62E-C9226F523A30" lID="861D4802-4EB7-6023-47D3-27C9FAA9F28D" lT="2" rID="F77BE62E-E5AA-66BD-371C-C9226F523A30" rT="7"/>
<Mg class="oracle.dbtools.crest.model.xtdmapping.RelMapping" id="EB3C0E5A-B7CCE6C172BD6A8C2FAC-447BD3BE2D2A" lID="EB3C0E5A-9AEF-8271-CBB7-B7CCE6C172BD" rID="6A8C2FAC-22D2-A0ED-53E1-447BD3BE2D2A"/>
</containedMappings>
</CM>
<CM class="oracle.dbtools.crest.model.xtdmapping.ContainerMapping" id="455AD214-FCCCA8CE9B7B6DF2A162-CEDB0AE3BA12" lID="455AD214-9C14-2A06-3D04-FCCCA8CE9B7B" lT="0" rID="6DF2A162-D3D9-5C4E-B443-CEDB0AE3BA12" rT="4">
<containedMappings>
<Mg class="oracle.dbtools.crest.model.xtdmapping.RelMapping" id="0F0B7679-E763D800A259DF1B7C00-E480BC0F478E" lID="0F0B7679-C1CF-FC3E-2497-E763D800A259" lT="2" rID="DF1B7C00-D36F-1345-7008-E480BC0F478E" rT="6"/>
<Mg class="oracle.dbtools.crest.model.xtdmapping.RelMapping" id="1074FBF4-0D60912E752E9EBAE6B8-5A84ED65DC46" lID="1074FBF4-47AB-A7F2-CD5D-0D60912E752E" rID="9EBAE6B8-A0A0-2390-14F2-5A84ED65DC46"/>
<Mg class="oracle.dbtools.crest.model.xtdmapping.RelMapping" id="49201158-1EDA508D3719C8F750A4-058FFD6099E3" lID="49201158-C165-B06A-376F-1EDA508D3719" lT="2" rID="C8F750A4-BAB4-E6E8-4CFD-058FFD6099E3" rT="7"/>
<Mg class="oracle.dbtools.crest.model.xtdmapping.RelMapping" id="5203E4EC-37783A18868236E034D0-BE5522F528C9" lID="5203E4EC-B0E1-6FDF-BDBD-37783A188682" rID="36E034D0-E990-A334-D96A-BE5522F528C9"/>
<Mg class="oracle.dbtools.crest.model.xtdmapping.RelMapping" id="63785B72-39B76E49CBFC3F4DD07F-14EED474F3AE" lID="63785B72-488C-F6EC-4BF4-39B76E49CBFC" rID="3F4DD07F-5279-4D17-7F36-14EED474F3AE"/>
<Mg class="oracle.dbtools.crest.model.xtdmapping.RelMapping" id="72820951-68274F59F89E09BDA423-0DCA24E7CAC3" lID="72820951-78A8-E5E3-E26C-68274F59F89E" rID="09BDA423-EEF5-3261-21F5-0DCA24E7CAC3"/>
<Mg class="oracle.dbtools.crest.model.xtdmapping.RelMapping" id="DE8A0637-B8586D6E739A6385B85D-FC55909BD6E7" lID="DE8A0637-EE47-5C7C-33F3-B8586D6E739A" rID="6385B85D-9936-A690-32CB-FC55909BD6E7"/>
<Mg class="oracle.dbtools.crest.model.xtdmapping.RelMapping" id="E44222BB-1332C21FDA759FE08C8B-3FAF0555A391" lID="E44222BB-6CFC-2B97-8D3A-1332C21FDA75" rID="9FE08C8B-1CCD-D930-E1DD-3FAF0555A391"/>
</containedMappings>
</CM>
<CM class="oracle.dbtools.crest.model.xtdmapping.ContainerMapping" id="575A7BF2-2F220B98D41A81FB1AF2-8CB5D29C638B" lID="575A7BF2-B972-A0FE-2F98-2F220B98D41A" lT="0" rID="81FB1AF2-83C3-3F37-E1AB-8CB5D29C638B" rT="4">
<containedMappings>
<Mg class="oracle.dbtools.crest.model.xtdmapping.RelMapping" id="2AE6A486-749130839A0405629F71-347C6FD74CB3" lID="2AE6A486-000B-9556-1941-749130839A04" rID="05629F71-1F35-3DF3-B5EB-347C6FD74CB3"/>
<Mg class="oracle.dbtools.crest.model.xtdmapping.RelMapping" id="4449EA0B-3E0F13754ACD1A536914-11862049C6FC" lID="4449EA0B-96DD-33D1-487D-3E0F13754ACD" rID="1A536914-9AA9-8F39-7A6F-11862049C6FC"/>
<Mg class="oracle.dbtools.crest.model.xtdmapping.RelMapping" id="86AB4A67-6383F870517DC17D4990-D918416D5C92" lID="86AB4A67-DAA3-025C-7663-6383F870517D" lT="2" rID="C17D4990-40D9-6AA8-2AB5-D918416D5C92" rT="6"/>
<Mg class="oracle.dbtools.crest.model.xtdmapping.RelMapping" id="E5696E9C-EEE45F98B2F4FBE5216E-1711C93C7FE5" lID="E5696E9C-D279-B7C4-042C-EEE45F98B2F4" rID="FBE5216E-FF78-C21E-4D1D-1711C93C7FE5"/>
<Mg class="oracle.dbtools.crest.model.xtdmapping.RelMapping" id="E5D58D44-44C7E3BD3ABD622B0A80-9816B002D10B" lID="E5D58D44-50D5-0E82-0A1F-44C7E3BD3ABD" rID="622B0A80-2293-1D0D-6E85-9816B002D10B"/>
<Mg class="oracle.dbtools.crest.model.xtdmapping.RelMapping" id="EAA0F6E7-62AE2EDBFAEB0A64E466-7DFAFF457DE9" lID="EAA0F6E7-2112-F20E-5C74-62AE2EDBFAEB" rID="0A64E466-AB8C-669F-F909-7DFAFF457DE9"/>
<Mg class="oracle.dbtools.crest.model.xtdmapping.RelMapping" id="F5E2174D-8745ADBA5F05C91B91A2-5303A8FB34B3" lID="F5E2174D-14DA-8752-49A6-8745ADBA5F05" lT="2" rID="C91B91A2-4688-A536-315F-5303A8FB34B3" rT="7"/>
</containedMappings>
</CM>
<CM class="oracle.dbtools.crest.model.xtdmapping.ContainerMapping" id="624E323D-43D10FDE191AC1807DAD-C462E1D82E79" lID="624E323D-2076-4082-C947-43D10FDE191A" lT="0" rID="C1807DAD-468F-7099-88FB-C462E1D82E79" rT="4">
<containedMappings>
<Mg class="oracle.dbtools.crest.model.xtdmapping.RelMapping" id="13C28C09-9B225F40493D4A915827-6FD70CF84697" lID="13C28C09-3983-4E20-A293-9B225F40493D" rID="4A915827-6797-C26E-4D2B-6FD70CF84697"/>
<Mg class="oracle.dbtools.crest.model.xtdmapping.RelMapping" id="1C061803-E1102D8148D7815E7FB3-886F8E146655" lID="1C061803-656C-928E-11F0-E1102D8148D7" rID="815E7FB3-E124-1B67-7156-886F8E146655"/>
<Mg class="oracle.dbtools.crest.model.xtdmapping.RelMapping" id="6DB68DF7-B34F29CAE5AED5A4AEFB-33B085EF01A7" lID="6DB68DF7-BCEF-88FC-6B2E-B34F29CAE5AE" rID="D5A4AEFB-EB3A-346C-33EE-33B085EF01A7"/>
<Mg class="oracle.dbtools.crest.model.xtdmapping.RelMapping" id="8E49A6A6-7B182604B022C45F5425-B400BD2C38A3" lID="8E49A6A6-96BA-FABF-7042-7B182604B022" lT="2" rID="C45F5425-B025-183E-7B7A-B400BD2C38A3" rT="7"/>
</containedMappings>
</CM>
<CM class="oracle.dbtools.crest.model.xtdmapping.ContainerMapping" id="6C0BDF12-AC9DC2466B92D149BCEA-2ECA5C2D13BD" lID="6C0BDF12-A372-D51F-B6C3-AC9DC2466B92" lT="0" rID="D149BCEA-060C-118B-6179-2ECA5C2D13BD" rT="4">
<containedMappings>
<Mg class="oracle.dbtools.crest.model.xtdmapping.RelMapping" id="2C9CE762-8CE0D10A30ABF78FF8ED-DF8715BF81BF" lID="2C9CE762-2A55-9485-5AFE-8CE0D10A30AB" rID="F78FF8ED-79DF-156A-4912-DF8715BF81BF"/>
<Mg class="oracle.dbtools.crest.model.xtdmapping.RelMapping" id="501C0A3B-2190BA355F582829F56E-DC0B78C2DBE7" lID="501C0A3B-46CC-9CD1-D7B6-2190BA355F58" rID="2829F56E-D9C1-BFF9-C6FD-DC0B78C2DBE7"/>
<Mg class="oracle.dbtools.crest.model.xtdmapping.RelMapping" id="64E51C69-906E731E5A202A6A320C-D02447621A9D" lID="64E51C69-5663-312C-8036-906E731E5A20" lT="2" rID="2A6A320C-107C-CA57-0472-D02447621A9D" rT="6"/>
<Mg class="oracle.dbtools.crest.model.xtdmapping.RelMapping" id="7AFE792B-07D410D370EF8DD9DD51-6818EF7D515B" lID="7AFE792B-BC51-44B6-F178-07D410D370EF" rID="8DD9DD51-8581-9470-D0DB-6818EF7D515B"/>
<Mg class="oracle.dbtools.crest.model.xtdmapping.RelMapping" id="8417E581-1706D455148888C5E6E4-552C10D7ABB8" lID="8417E581-D880-E784-64AE-1706D4551488" rID="88C5E6E4-919A-2D39-17E7-552C10D7ABB8"/>
<Mg class="oracle.dbtools.crest.model.xtdmapping.RelMapping" id="B840C0C2-AA6C98E4BE5F545F7C94-08865510D080" lID="B840C0C2-60D6-27D1-4102-AA6C98E4BE5F" rID="545F7C94-BBB2-D81D-DF51-08865510D080"/>
<Mg class="oracle.dbtools.crest.model.xtdmapping.RelMapping" id="EE8CB796-05458624457D50BB5099-65F3BF74A0C4" lID="EE8CB796-9041-434D-FAAA-05458624457D" lT="2" rID="50BB5099-866B-0C87-1E2E-65F3BF74A0C4" rT="7"/>
<Mg class="oracle.dbtools.crest.model.xtdmapping.RelMapping" id="FF8D3E2B-8984BB9E179612699212-66397FCBD95F" lID="FF8D3E2B-8CB4-ED5C-A7F8-8984BB9E1796" rID="12699212-0E79-374D-AF44-66397FCBD95F"/>
</containedMappings>
</CM>
<CM class="oracle.dbtools.crest.model.xtdmapping.ContainerMapping" id="6E1F3F20-1ACB2EC6AF6F40026B72-9BD97AB68841" lID="6E1F3F20-BADA-F1A1-9117-1ACB2EC6AF6F" lT="0" rID="40026B72-10FB-FC2B-C0E6-9BD97AB68841" rT="4">
<containedMappings>
<Mg class="oracle.dbtools.crest.model.xtdmapping.RelMapping" id="04E1857D-601299D499C76CAF4493-AE96541B1B27" lID="04E1857D-F107-0C8B-4A91-601299D499C7" rID="6CAF4493-DEF8-1998-8A90-AE96541B1B27"/>
<Mg class="oracle.dbtools.crest.model.xtdmapping.RelMapping" id="0AA005A9-01A1EB7F8F9EA3DB7796-C6CD47FB0BE8" lID="0AA005A9-21B0-A9FA-2BE2-01A1EB7F8F9E" rID="A3DB7796-FE0B-AA7A-C417-C6CD47FB0BE8"/>
<Mg class="oracle.dbtools.crest.model.xtdmapping.RelMapping" id="93596A7E-6DF99D9F3FA536100977-D89CF26D7D46" lID="93596A7E-EA49-7359-46B7-6DF99D9F3FA5" lT="2" rID="36100977-74FC-6B1B-6DC4-D89CF26D7D46" rT="7"/>
<Mg class="oracle.dbtools.crest.model.xtdmapping.RelMapping" id="B9714264-F848808D116B8A4A05E3-7B0D1F997728" lID="B9714264-4979-B47E-48EF-F848808D116B" rID="8A4A05E3-BB05-E1F4-5233-7B0D1F997728"/>
</containedMappings>
</CM>
<CM class="oracle.dbtools.crest.model.xtdmapping.ContainerMapping" id="794D90C1-38F334C34FF58819C04D-E7C8954487E1" iT="1" lID="794D90C1-E93C-CC03-5EB5-38F334C34FF5" lT="0" rID="8819C04D-3147-22D2-7AF3-E7C8954487E1" rT="4">
<containedMappings>
<Mg class="oracle.dbtools.crest.model.xtdmapping.RelMapping" id="98F5E815-8A0D9BFC626A81D1A8DA-82A0174AD0BD" lID="98F5E815-23F1-36D6-8D3F-8A0D9BFC626A" rID="81D1A8DA-E22C-33F5-4455-82A0174AD0BD"/>
<Mg class="oracle.dbtools.crest.model.xtdmapping.RelMapping" id="FE9E6C1F-933697D5C2BBE73EE53A-818159B78676" lID="FE9E6C1F-1276-D37C-D81E-933697D5C2BB" rID="E73EE53A-58B2-616A-746D-818159B78676"/>
</containedMappings>
</CM>
<CM class="oracle.dbtools.crest.model.xtdmapping.ContainerMapping" id="A8406EB5-50A8623AACE88819C04D-E7C8954487E1" iT="1" lID="A8406EB5-89CB-FBFF-2FAD-50A8623AACE8" lT="0" rID="8819C04D-3147-22D2-7AF3-E7C8954487E1" rT="4">
<containedMappings>
<Mg class="oracle.dbtools.crest.model.xtdmapping.RelMapping" id="33995A4F-F087DDE78400DB60620A-544FC1D03E70" lID="33995A4F-78D3-7471-01D4-F087DDE78400" rID="DB60620A-F921-67C9-020F-544FC1D03E70"/>
<Mg class="oracle.dbtools.crest.model.xtdmapping.RelMapping" id="9B487EE6-D5B7DF71FB2694D64E1B-D30C5582C598" lID="9B487EE6-34C9-F1AF-887C-D5B7DF71FB26" lT="2" rID="94D64E1B-77E2-1A15-B65B-D30C5582C598" rT="7"/>
<Mg class="oracle.dbtools.crest.model.xtdmapping.RelMapping" id="A6709193-7E252A79D0965A4CE2C4-86C55D8A523F" lID="A6709193-2F49-2224-CB6A-7E252A79D096" rID="5A4CE2C4-AC1A-BA92-AFB7-86C55D8A523F"/>
</containedMappings>
</CM>
<CM class="oracle.dbtools.crest.model.xtdmapping.ContainerMapping" id="BFD3142E-964BFFCB9C0D95D65A99-784413616468" lID="BFD3142E-D1A2-636D-C7FD-964BFFCB9C0D" lT="0" rID="95D65A99-242E-A30E-51BF-784413616468" rT="4">
<containedMappings>
<Mg class="oracle.dbtools.crest.model.xtdmapping.RelMapping" id="0D1DC816-3C1BEB4830A7078E5BCA-EA5A78EBD351" lID="0D1DC816-1E51-6D4D-81C0-3C1BEB4830A7" rID="078E5BCA-2194-D472-4715-EA5A78EBD351"/>
<Mg class="oracle.dbtools.crest.model.xtdmapping.RelMapping" id="36E6F00B-F594C6C3F58FEB954491-89A084A8948B" lID="36E6F00B-2FE3-ABE4-C615-F594C6C3F58F" rID="EB954491-3468-0470-8C3E-89A084A8948B"/>
<Mg class="oracle.dbtools.crest.model.xtdmapping.RelMapping" id="68483413-61C042D6F8D5A48336DC-E5625B9B18A6" lID="68483413-4EFB-E288-3CB4-61C042D6F8D5" rID="A48336DC-3500-73B6-15F1-E5625B9B18A6"/>
<Mg class="oracle.dbtools.crest.model.xtdmapping.RelMapping" id="69197ED6-FD157923504B8CDD7D35-976AB4056D78" lID="69197ED6-C4D3-FDFA-CDDE-FD157923504B" rID="8CDD7D35-F840-D401-EF74-976AB4056D78"/>
<Mg class="oracle.dbtools.crest.model.xtdmapping.RelMapping" id="89C8801E-4DC0ABEE930A930E9372-318784761085" lID="89C8801E-03F4-2D0C-0CBD-4DC0ABEE930A" rID="930E9372-302E-25F8-8BB4-318784761085"/>
<Mg class="oracle.dbtools.crest.model.xtdmapping.RelMapping" id="8FC13B51-91B451EDF1E6EC291C62-AF5A824BFE2F" lID="8FC13B51-4966-F0F8-CD8A-91B451EDF1E6" rID="EC291C62-6531-05CF-669A-AF5A824BFE2F"/>
<Mg class="oracle.dbtools.crest.model.xtdmapping.RelMapping" id="98DB5EB0-003D812CD3ECD9AEA340-18BDC897545E" lID="98DB5EB0-57E5-50F9-37BA-003D812CD3EC" rID="D9AEA340-DDB4-A7DE-FAEB-18BDC897545E"/>
<Mg class="oracle.dbtools.crest.model.xtdmapping.RelMapping" id="B01395A7-3995CEE1F6D4F29E1A19-61295B200952" lID="B01395A7-EC68-AF34-BF76-3995CEE1F6D4" rID="F29E1A19-7D04-7722-6C51-61295B200952"/>
<Mg class="oracle.dbtools.crest.model.xtdmapping.RelMapping" id="D3A88080-88A10BE8B9BE4CE5D8F6-FDA8F59B6F1F" lID="D3A88080-9F55-64EB-C528-88A10BE8B9BE" lT="2" rID="4CE5D8F6-AC23-F0B2-718A-FDA8F59B6F1F" rT="7"/>
</containedMappings>
</CM>
<CM class="oracle.dbtools.crest.model.xtdmapping.ContainerMapping" id="C948D06C-D7B23DC214B3FB6E7E39-3F02255C0F99" lID="C948D06C-3205-1699-B373-D7B23DC214B3" lT="0" rID="FB6E7E39-06D2-FD44-1F96-3F02255C0F99" rT="4">
<containedMappings>
<Mg class="oracle.dbtools.crest.model.xtdmapping.RelMapping" id="441CA71D-12FE4FB9AB32449A667E-0F9AA1D0544C" lID="441CA71D-0AAE-44EF-D94C-12FE4FB9AB32" rID="449A667E-B8FF-BEAD-1E10-0F9AA1D0544C"/>
<Mg class="oracle.dbtools.crest.model.xtdmapping.RelMapping" id="5C9DB30F-31664AD873B4A8A8BB56-20E17385C83A" lID="5C9DB30F-F1E3-2A3F-339E-31664AD873B4" rID="A8A8BB56-07C4-BEAA-5AEA-20E17385C83A"/>
<Mg class="oracle.dbtools.crest.model.xtdmapping.RelMapping" id="7362216F-978D2DE4E45E1CB5FE53-DF3AB269A949" lID="7362216F-09C7-DEB7-C03B-978D2DE4E45E" rID="1CB5FE53-669F-4CD6-4483-DF3AB269A949"/>
<Mg class="oracle.dbtools.crest.model.xtdmapping.RelMapping" id="E3BEF7EE-7F13E5FBED96DAD62BE5-D3DE40450F4B" lID="E3BEF7EE-F8D4-BF8F-DBD9-7F13E5FBED96" rID="DAD62BE5-48B0-3FCD-FBEB-D3DE40450F4B"/>
<Mg class="oracle.dbtools.crest.model.xtdmapping.RelMapping" id="F3175AF0-03E1E14DEFE77E3ABC21-C0DD392B58FD" lID="F3175AF0-3E40-E196-F9AE-03E1E14DEFE7" lT="2" rID="7E3ABC21-7741-9E05-DF57-C0DD392B58FD" rT="7"/>
<Mg class="oracle.dbtools.crest.model.xtdmapping.RelMapping" id="FAB3B287-CA699A4685731F0DE2C8-7285E0AB7003" lID="FAB3B287-58C2-D2C5-01C6-CA699A468573" rID="1F0DE2C8-36BF-157C-2185-7285E0AB7003"/>
</containedMappings>
</CM>
<CM class="oracle.dbtools.crest.model.xtdmapping.ContainerMapping" id="CE8A9D78-29F3B1B3A29AF4C4FFC6-F91B48EB52BD" lID="CE8A9D78-8A2C-B74F-B372-29F3B1B3A29A" lT="0" rID="F4C4FFC6-94FD-D22E-5795-F91B48EB52BD" rT="4">
<containedMappings>
<Mg class="oracle.dbtools.crest.model.xtdmapping.RelMapping" id="3FBCDF15-8EA1E13DEFBAE7A365E6-3D61B9FAFCD0" lID="3FBCDF15-D96E-F937-B002-8EA1E13DEFBA" rID="E7A365E6-5B39-5038-9386-3D61B9FAFCD0"/>
<Mg class="oracle.dbtools.crest.model.xtdmapping.RelMapping" id="789B6403-50429575CDC705A67E7F-71735B5E09C8" lID="789B6403-04D2-A720-4ED6-50429575CDC7" rID="05A67E7F-C67F-CDE2-8C64-71735B5E09C8"/>
<Mg class="oracle.dbtools.crest.model.xtdmapping.RelMapping" id="7D59F42C-92EF643F6FE2EEE95E12-F9C164BF4A3D" lID="7D59F42C-4E36-4418-64A9-92EF643F6FE2" rID="EEE95E12-8C44-35ED-A2DF-F9C164BF4A3D"/>
<Mg class="oracle.dbtools.crest.model.xtdmapping.RelMapping" id="D2B74C20-560EDC093E5FACC53C93-0707F3A9BA7C" lID="D2B74C20-7A9F-06BB-F23E-560EDC093E5F" lT="2" rID="ACC53C93-D792-DB46-579A-0707F3A9BA7C" rT="7"/>
</containedMappings>
</CM>
<CM class="oracle.dbtools.crest.model.xtdmapping.ContainerMapping" id="0470AA3D-5E370D2ED597C1FD2005-58DD92DBBF88" lID="0470AA3D-0F3B-0859-63DA-5E370D2ED597" lT="3" rID="C1FD2005-A1F4-1026-2610-58DD92DBBF88" rT="8">
</CM>
<CM class="oracle.dbtools.crest.model.xtdmapping.ContainerMapping" id="19A48ECD-DF36A42E2AA9729162FE-A1C4DFD1E240" lID="19A48ECD-4644-CB5C-5D26-DF36A42E2AA9" lT="3" rID="729162FE-85D7-1E02-2D46-A1C4DFD1E240" rT="8">
</CM>
<CM class="oracle.dbtools.crest.model.xtdmapping.ContainerMapping" id="1E7EEE1A-B04F414CC8740DCBE4ED-B6F8429F5A96" lID="1E7EEE1A-C1EF-A720-7AD9-B04F414CC874" lT="3" rID="0DCBE4ED-A191-81C1-623D-B6F8429F5A96" rT="8">
</CM>
<CM class="oracle.dbtools.crest.model.xtdmapping.ContainerMapping" id="2E871395-BB73E07D452564D13DD0-B25A29FAECA0" lID="2E871395-8FBC-FD25-C394-BB73E07D4525" lT="14" rID="64D13DD0-E6FC-11C3-C2EC-B25A29FAECA0" rT="13">
</CM>
<CM class="oracle.dbtools.crest.model.xtdmapping.ContainerMapping" id="34470DA9-26D665FB84E957C6C786-F6E6C48DFF73" lID="34470DA9-3308-B98A-237A-26D665FB84E9" lT="3" rID="57C6C786-C1F2-749D-1E01-F6E6C48DFF73" rT="8">
</CM>
<CM class="oracle.dbtools.crest.model.xtdmapping.ContainerMapping" id="4991A521-6D74378C6515E91EACB9-2783D09BEC75" lID="4991A521-5EC7-2A72-1034-6D74378C6515" lT="3" rID="E91EACB9-52B4-4202-A337-2783D09BEC75" rT="8">
</CM>
<CM class="oracle.dbtools.crest.model.xtdmapping.ContainerMapping" id="50C7BF11-0A9B18AE937937BBEBD7-3FDDF678E325" lID="50C7BF11-3271-98C7-FEF9-0A9B18AE9379" lT="3" rID="37BBEBD7-B70E-1CAC-D96D-3FDDF678E325" rT="8">
</CM>
<CM class="oracle.dbtools.crest.model.xtdmapping.ContainerMapping" id="724ABF60-6CF1347AFF7434BD3801-A4C82F1DB885" lID="724ABF60-0850-47CB-10E7-6CF1347AFF74" lT="3" rID="34BD3801-B7B9-61BD-4E1D-A4C82F1DB885" rT="8">
</CM>
<CM class="oracle.dbtools.crest.model.xtdmapping.ContainerMapping" id="9294FD9E-D931FEE674BF825E1175-230077410A04" lID="9294FD9E-C7A9-DC95-A210-D931FEE674BF" lT="10" rID="825E1175-A8E7-353D-08F8-230077410A04" rT="10">
</CM>
<CM class="oracle.dbtools.crest.model.xtdmapping.ContainerMapping" id="A7EFB017-5BB3BE00ADEF08E9D4E5-10EB4ECE20A0" lID="A7EFB017-8A1C-869F-B816-5BB3BE00ADEF" lT="3" rID="08E9D4E5-D5E5-5963-3174-10EB4ECE20A0" rT="8">
</CM>
<CM class="oracle.dbtools.crest.model.xtdmapping.ContainerMapping" id="AB859FF3-62D48D4DF1FF9A110F1D-34B8D31EFD1F" lID="AB859FF3-CEAC-D13A-CBAC-62D48D4DF1FF" lT="3" rID="9A110F1D-3A79-BEE5-7553-34B8D31EFD1F" rT="8">
</CM>
<CM class="oracle.dbtools.crest.model.xtdmapping.ContainerMapping" id="AE5E4CDC-7A2C5C9F88D27B99A4C2-087038AD68A5" lID="AE5E4CDC-5B4D-A157-3C9B-7A2C5C9F88D2" lT="3" rID="7B99A4C2-0695-1C66-D983-087038AD68A5" rT="8">
</CM>
<CM class="oracle.dbtools.crest.model.xtdmapping.ContainerMapping" id="AF2188EF-BABBDA5D482E5C2A118A-527270DEC5D2" lID="AF2188EF-6654-5127-7CB2-BABBDA5D482E" lT="3" rID="5C2A118A-DA46-4C3C-5FA7-527270DEC5D2" rT="8">
</CM>
<CM class="oracle.dbtools.crest.model.xtdmapping.ContainerMapping" id="D1B00DC0-77CE3BCF18B0F04BE3BB-88134CBB4372" lID="D1B00DC0-9D56-C001-6B58-77CE3BCF18B0" lT="3" rID="F04BE3BB-29AD-39F1-4050-88134CBB4372" rT="8">
</CM>
<CM class="oracle.dbtools.crest.model.xtdmapping.ContainerMapping" id="E2651FCB-ED9CEFC04AED20D550C6-446522BB0E3D" lID="E2651FCB-A68D-75A7-5ABA-ED9CEFC04AED" lT="3" rID="20D550C6-1622-6447-555E-446522BB0E3D" rT="8">
</CM>
</mappings>
</RMExtendedMap>